<?xml version="1.0" encoding="UTF-8" standalone="no"?>
<!DOCTYPE score-partwise PUBLIC "-//Recordare//DTD MusicXML 3.0 Partwise//EN" "http://www.musicxml.org/dtds/partwise.dtd">
<score-partwise version="3.0">
  <movement-title>Czerny No. 40</movement-title>
  <identification>
    <rights>©</rights>
    <encoding>
      <software>PrintMusic 2014 for Windows</software>
      <software>Dolet Light for PrintMusic 2014</software>
      <encoding-date>2014-10-28</encoding-date>
      <supports attribute="new-system" element="print" type="yes" value="yes"/>
      <supports attribute="new-page" element="print" type="yes" value="yes"/>
      <supports element="accidental" type="yes"/>
      <supports element="beam" type="yes"/>
      <supports element="stem" type="yes"/>
    </encoding>
  </identification>
  <defaults>
    <scaling>
      <millimeters>7.2319</millimeters>
      <tenths>40</tenths>
    </scaling>
    <page-layout>
      <page-height>1545</page-height>
      <page-width>1194</page-width>
      <page-margins type="both">
        <left-margin>140</left-margin>
        <right-margin>70</right-margin>
        <top-margin>88</top-margin>
        <bottom-margin>88</bottom-margin>
      </page-margins>
    </page-layout>
    <system-layout>
      <system-margins>
        <left-margin>0</left-margin>
        <right-margin>0</right-margin>
      </system-margins>
      <system-distance>121</system-distance>
      <top-system-distance>70</top-system-distance>
    </system-layout>
    <staff-layout>
      <staff-distance>80</staff-distance>
    </staff-layout>
    <appearance>
      <line-width type="stem">0.7487</line-width>
      <line-width type="beam">5</line-width>
      <line-width type="staff">0.7487</line-width>
      <line-width type="light barline">0.7487</line-width>
      <line-width type="heavy barline">5</line-width>
      <line-width type="leger">0.7487</line-width>
      <line-width type="ending">0.7487</line-width>
      <line-width type="wedge">0.7487</line-width>
      <line-width type="enclosure">0.7487</line-width>
      <line-width type="tuplet bracket">0.7487</line-width>
      <note-size type="grace">60</note-size>
      <note-size type="cue">60</note-size>
      <distance type="hyphen">120</distance>
      <distance type="beam">8</distance>
    </appearance>
    <music-font font-family="Maestro,engraved" font-size="20.5"/>
    <word-font font-family="Times New Roman" font-size="10.25"/>
  </defaults>
  <credit page="1">
    <credit-type>title</credit-type>
    <credit-words default-x="632" default-y="1440" font-size="24" justify="center" valign="top">Czerny No. 40</credit-words>
  </credit>
  <credit page="1">
    <credit-type>rights</credit-type>
    <credit-words default-x="632" default-y="70" font-size="10" justify="center" valign="bottom">©</credit-words>
  </credit>
  <part-list>
    <score-part id="P1">
      <part-name>Piano</part-name>
      <part-abbreviation>Pno.</part-abbreviation>
      <score-instrument id="P1-I1">
        <instrument-name>SmartMusic SoftSynth</instrument-name>
        <instrument-sound>keyboard.piano</instrument-sound>
        <virtual-instrument/>
      </score-instrument>
      <midi-device>SmartMusic SoftSynth</midi-device>
      <midi-instrument id="P1-I1">
        <midi-channel>1</midi-channel>
        <midi-bank>15489</midi-bank>
        <midi-program>1</midi-program>
        <volume>80</volume>
        <pan>0</pan>
      </midi-instrument>
    </score-part>
  </part-list>
  <!--=========================================================-->
  <part id="P1">
    <measure number="1" width="231">
      <print>
        <system-layout>
          <system-margins>
            <left-margin>70</left-margin>
            <right-margin>0</right-margin>
          </system-margins>
          <top-system-distance>152</top-system-distance>
        </system-layout>
        <measure-numbering>system</measure-numbering>
      </print>
      <attributes>
        <divisions>4</divisions>
        <key>
          <fifths>-1</fifths>
          <mode>major</mode>
        </key>
        <time>
          <beats>2</beats>
          <beat-type>4</beat-type>
        </time>
        <staves>2</staves>
        <clef number="1">
          <sign>G</sign>
          <line>2</line>
        </clef>
        <clef number="2">
          <sign>F</sign>
          <line>4</line>
        </clef>
      </attributes>
      <sound tempo="120"/>
      <direction placement="below">
        <direction-type>
          <dynamics default-x="109" default-y="-80" halign="center">
            <p/>
          </dynamics>
        </direction-type>
        <staff>1</staff>
        <sound dynamics="54"/>
      </direction>
      <note default-x="110">
        <pitch>
          <step>C</step>
          <octave>5</octave>
        </pitch>
        <duration>2</duration>
        <voice>1</voice>
        <type>eighth</type>
        <stem default-y="-50">down</stem>
        <staff>1</staff>
        <beam number="1">begin</beam>
        <notations>
          <slur number="1" placement="above" type="start"/>
        </notations>
      </note>
      <note default-x="134">
        <pitch>
          <step>F</step>
          <octave>5</octave>
        </pitch>
        <duration>1</duration>
        <voice>1</voice>
        <type>16th</type>
        <stem default-y="-47">down</stem>
        <staff>1</staff>
        <beam number="1">continue</beam>
        <beam number="2">begin</beam>
      </note>
      <note default-x="156">
        <pitch>
          <step>A</step>
          <octave>5</octave>
        </pitch>
        <duration>1</duration>
        <voice>1</voice>
        <type>16th</type>
        <stem default-y="-45">down</stem>
        <staff>1</staff>
        <beam number="1">end</beam>
        <beam number="2">end</beam>
      </note>
      <note default-x="180">
        <pitch>
          <step>C</step>
          <octave>6</octave>
        </pitch>
        <duration>4</duration>
        <voice>1</voice>
        <type>quarter</type>
        <stem default-y="-20.5">down</stem>
        <staff>1</staff>
        <notations>
          <slur number="1" type="stop"/>
        </notations>
      </note>
      <backup>
        <duration>8</duration>
      </backup>
      <note default-x="110">
        <pitch>
          <step>F</step>
          <octave>3</octave>
        </pitch>
        <duration>2</duration>
        <voice>2</voice>
        <type>eighth</type>
        <stem default-y="-45">down</stem>
        <staff>2</staff>
        <beam number="1">begin</beam>
      </note>
      <note default-x="134">
        <pitch>
          <step>A</step>
          <octave>3</octave>
        </pitch>
        <duration>2</duration>
        <voice>2</voice>
        <type>eighth</type>
        <stem default-y="-44">down</stem>
        <staff>2</staff>
        <beam number="1">continue</beam>
      </note>
      <note default-x="134">
        <chord/>
        <pitch>
          <step>C</step>
          <octave>4</octave>
        </pitch>
        <duration>2</duration>
        <voice>2</voice>
        <type>eighth</type>
        <stem>down</stem>
        <staff>2</staff>
      </note>
      <note default-x="180">
        <pitch>
          <step>A</step>
          <octave>3</octave>
        </pitch>
        <duration>2</duration>
        <voice>2</voice>
        <type>eighth</type>
        <stem default-y="-41.5">down</stem>
        <staff>2</staff>
        <beam number="1">continue</beam>
      </note>
      <note default-x="180">
        <chord/>
        <pitch>
          <step>C</step>
          <octave>4</octave>
        </pitch>
        <duration>2</duration>
        <voice>2</voice>
        <type>eighth</type>
        <stem>down</stem>
        <staff>2</staff>
      </note>
      <note default-x="205">
        <pitch>
          <step>A</step>
          <octave>3</octave>
        </pitch>
        <duration>2</duration>
        <voice>2</voice>
        <type>eighth</type>
        <stem default-y="-40">down</stem>
        <staff>2</staff>
        <beam number="1">end</beam>
      </note>
      <note default-x="205">
        <chord/>
        <pitch>
          <step>C</step>
          <octave>4</octave>
        </pitch>
        <duration>2</duration>
        <voice>2</voice>
        <type>eighth</type>
        <stem>down</stem>
        <staff>2</staff>
      </note>
    </measure>
    <!--=======================================================-->
    <measure number="2" width="135">
      <note default-x="14">
        <pitch>
          <step>C</step>
          <octave>5</octave>
        </pitch>
        <duration>2</duration>
        <voice>1</voice>
        <type>eighth</type>
        <stem default-y="-50">down</stem>
        <staff>1</staff>
        <beam number="1">begin</beam>
        <notations>
          <slur number="1" placement="above" type="start"/>
        </notations>
      </note>
      <note default-x="38">
        <pitch>
          <step>F</step>
          <octave>5</octave>
        </pitch>
        <duration>1</duration>
        <voice>1</voice>
        <type>16th</type>
        <stem default-y="-47">down</stem>
        <staff>1</staff>
        <beam number="1">continue</beam>
        <beam number="2">begin</beam>
      </note>
      <note default-x="59">
        <pitch>
          <step>A</step>
          <octave>5</octave>
        </pitch>
        <duration>1</duration>
        <voice>1</voice>
        <type>16th</type>
        <stem default-y="-45">down</stem>
        <staff>1</staff>
        <beam number="1">end</beam>
        <beam number="2">end</beam>
      </note>
      <note default-x="83">
        <pitch>
          <step>C</step>
          <octave>6</octave>
        </pitch>
        <duration>4</duration>
        <voice>1</voice>
        <type>quarter</type>
        <stem default-y="-20.5">down</stem>
        <staff>1</staff>
        <notations>
          <slur number="1" type="stop"/>
        </notations>
      </note>
      <backup>
        <duration>8</duration>
      </backup>
      <note default-x="14">
        <pitch>
          <step>F</step>
          <octave>3</octave>
        </pitch>
        <duration>2</duration>
        <voice>2</voice>
        <type>eighth</type>
        <stem default-y="-45">down</stem>
        <staff>2</staff>
        <beam number="1">begin</beam>
      </note>
      <note default-x="38">
        <pitch>
          <step>A</step>
          <octave>3</octave>
        </pitch>
        <duration>2</duration>
        <voice>2</voice>
        <type>eighth</type>
        <stem default-y="-44">down</stem>
        <staff>2</staff>
        <beam number="1">continue</beam>
      </note>
      <note default-x="38">
        <chord/>
        <pitch>
          <step>C</step>
          <octave>4</octave>
        </pitch>
        <duration>2</duration>
        <voice>2</voice>
        <type>eighth</type>
        <stem>down</stem>
        <staff>2</staff>
      </note>
      <note default-x="83">
        <pitch>
          <step>A</step>
          <octave>3</octave>
        </pitch>
        <duration>2</duration>
        <voice>2</voice>
        <type>eighth</type>
        <stem default-y="-41.5">down</stem>
        <staff>2</staff>
        <beam number="1">continue</beam>
      </note>
      <note default-x="83">
        <chord/>
        <pitch>
          <step>C</step>
          <octave>4</octave>
        </pitch>
        <duration>2</duration>
        <voice>2</voice>
        <type>eighth</type>
        <stem>down</stem>
        <staff>2</staff>
      </note>
      <note default-x="109">
        <pitch>
          <step>A</step>
          <octave>3</octave>
        </pitch>
        <duration>2</duration>
        <voice>2</voice>
        <type>eighth</type>
        <stem default-y="-40">down</stem>
        <staff>2</staff>
        <beam number="1">end</beam>
      </note>
      <note default-x="109">
        <chord/>
        <pitch>
          <step>C</step>
          <octave>4</octave>
        </pitch>
        <duration>2</duration>
        <voice>2</voice>
        <type>eighth</type>
        <stem>down</stem>
        <staff>2</staff>
      </note>
    </measure>
    <!--=======================================================-->
    <measure number="3" width="161">
      <note default-x="16">
        <pitch>
          <step>B</step>
          <alter>-1</alter>
          <octave>5</octave>
        </pitch>
        <duration>2</duration>
        <voice>1</voice>
        <type>eighth</type>
        <stem default-y="-20">down</stem>
        <staff>1</staff>
        <beam number="1">begin</beam>
        <notations>
          <articulations>
            <staccato default-x="4" default-y="25" placement="above"/>
          </articulations>
        </notations>
      </note>
      <note default-x="44">
        <pitch>
          <step>B</step>
          <alter>-1</alter>
          <octave>5</octave>
        </pitch>
        <duration>2</duration>
        <voice>1</voice>
        <type>eighth</type>
        <stem default-y="-20">down</stem>
        <staff>1</staff>
        <beam number="1">end</beam>
        <notations>
          <articulations>
            <staccato default-x="4" default-y="25" placement="above"/>
          </articulations>
        </notations>
      </note>
      <note default-x="72">
        <pitch>
          <step>C</step>
          <octave>6</octave>
        </pitch>
        <duration>1</duration>
        <voice>1</voice>
        <type>16th</type>
        <stem default-y="-20">down</stem>
        <staff>1</staff>
        <beam number="1">begin</beam>
        <beam number="2">begin</beam>
        <notations>
          <slur number="1" placement="above" type="start"/>
        </notations>
      </note>
      <note default-x="96">
        <pitch>
          <step>B</step>
          <alter>-1</alter>
          <octave>5</octave>
        </pitch>
        <duration>1</duration>
        <voice>1</voice>
        <type>16th</type>
        <stem default-y="-21">down</stem>
        <staff>1</staff>
        <beam number="1">continue</beam>
        <beam number="2">continue</beam>
      </note>
      <note default-x="119">
        <pitch>
          <step>A</step>
          <octave>5</octave>
        </pitch>
        <duration>1</duration>
        <voice>1</voice>
        <type>16th</type>
        <stem default-y="-21.5">down</stem>
        <staff>1</staff>
        <beam number="1">continue</beam>
        <beam number="2">continue</beam>
      </note>
      <note default-x="141">
        <pitch>
          <step>G</step>
          <octave>5</octave>
        </pitch>
        <duration>1</duration>
        <voice>1</voice>
        <type>16th</type>
        <stem default-y="-22.5">down</stem>
        <staff>1</staff>
        <beam number="1">end</beam>
        <beam number="2">end</beam>
      </note>
      <backup>
        <duration>8</duration>
      </backup>
      <note default-x="16">
        <pitch>
          <step>C</step>
          <octave>3</octave>
        </pitch>
        <duration>2</duration>
        <voice>2</voice>
        <type>eighth</type>
        <stem default-y="-60">down</stem>
        <staff>2</staff>
        <beam number="1">begin</beam>
      </note>
      <note default-x="44">
        <pitch>
          <step>E</step>
          <octave>3</octave>
        </pitch>
        <duration>2</duration>
        <voice>2</voice>
        <type>eighth</type>
        <stem default-y="-58.5">down</stem>
        <staff>2</staff>
        <beam number="1">continue</beam>
      </note>
      <note default-x="44">
        <chord/>
        <pitch>
          <step>B</step>
          <alter>-1</alter>
          <octave>3</octave>
        </pitch>
        <duration>2</duration>
        <voice>2</voice>
        <type>eighth</type>
        <stem>down</stem>
        <staff>2</staff>
      </note>
      <note default-x="72">
        <pitch>
          <step>E</step>
          <octave>3</octave>
        </pitch>
        <duration>2</duration>
        <voice>2</voice>
        <type>eighth</type>
        <stem default-y="-57">down</stem>
        <staff>2</staff>
        <beam number="1">continue</beam>
      </note>
      <note default-x="72">
        <chord/>
        <pitch>
          <step>B</step>
          <alter>-1</alter>
          <octave>3</octave>
        </pitch>
        <duration>2</duration>
        <voice>2</voice>
        <type>eighth</type>
        <stem>down</stem>
        <staff>2</staff>
      </note>
      <note default-x="119">
        <pitch>
          <step>E</step>
          <octave>3</octave>
        </pitch>
        <duration>2</duration>
        <voice>2</voice>
        <type>eighth</type>
        <stem default-y="-55">down</stem>
        <staff>2</staff>
        <beam number="1">end</beam>
      </note>
      <note default-x="119">
        <chord/>
        <pitch>
          <step>B</step>
          <alter>-1</alter>
          <octave>3</octave>
        </pitch>
        <duration>2</duration>
        <voice>2</voice>
        <type>eighth</type>
        <stem>down</stem>
        <staff>2</staff>
      </note>
    </measure>
    <!--=======================================================-->
    <measure number="4" width="118">
      <note default-x="16">
        <pitch>
          <step>A</step>
          <octave>5</octave>
        </pitch>
        <duration>2</duration>
        <voice>1</voice>
        <type>eighth</type>
        <stem default-y="-25">down</stem>
        <staff>1</staff>
        <beam number="1">begin</beam>
        <notations>
          <slur number="1" type="stop"/>
        </notations>
      </note>
      <note default-x="41">
        <pitch>
          <step>C</step>
          <octave>6</octave>
        </pitch>
        <duration>2</duration>
        <voice>1</voice>
        <type>eighth</type>
        <stem default-y="-22.5">down</stem>
        <staff>1</staff>
        <beam number="1">end</beam>
        <notations>
          <articulations>
            <staccato default-x="4" default-y="30" placement="above"/>
          </articulations>
        </notations>
      </note>
      <note default-x="67">
        <pitch>
          <step>F</step>
          <octave>5</octave>
        </pitch>
        <duration>4</duration>
        <voice>1</voice>
        <type>quarter</type>
        <stem default-y="-35">down</stem>
        <staff>1</staff>
      </note>
      <backup>
        <duration>8</duration>
      </backup>
      <note default-x="16">
        <pitch>
          <step>F</step>
          <octave>3</octave>
        </pitch>
        <duration>2</duration>
        <voice>2</voice>
        <type>eighth</type>
        <stem default-y="-45">down</stem>
        <staff>2</staff>
        <beam number="1">begin</beam>
      </note>
      <note default-x="41">
        <pitch>
          <step>A</step>
          <octave>3</octave>
        </pitch>
        <duration>2</duration>
        <voice>2</voice>
        <type>eighth</type>
        <stem default-y="-43.5">down</stem>
        <staff>2</staff>
        <beam number="1">continue</beam>
      </note>
      <note default-x="41">
        <chord/>
        <pitch>
          <step>C</step>
          <octave>4</octave>
        </pitch>
        <duration>2</duration>
        <voice>2</voice>
        <type>eighth</type>
        <stem>down</stem>
        <staff>2</staff>
      </note>
      <note default-x="67">
        <pitch>
          <step>A</step>
          <octave>3</octave>
        </pitch>
        <duration>2</duration>
        <voice>2</voice>
        <type>eighth</type>
        <stem default-y="-41.5">down</stem>
        <staff>2</staff>
        <beam number="1">continue</beam>
      </note>
      <note default-x="67">
        <chord/>
        <pitch>
          <step>C</step>
          <octave>4</octave>
        </pitch>
        <duration>2</duration>
        <voice>2</voice>
        <type>eighth</type>
        <stem>down</stem>
        <staff>2</staff>
      </note>
      <note default-x="92">
        <pitch>
          <step>A</step>
          <octave>3</octave>
        </pitch>
        <duration>2</duration>
        <voice>2</voice>
        <type>eighth</type>
        <stem default-y="-40">down</stem>
        <staff>2</staff>
        <beam number="1">end</beam>
      </note>
      <note default-x="92">
        <chord/>
        <pitch>
          <step>C</step>
          <octave>4</octave>
        </pitch>
        <duration>2</duration>
        <voice>2</voice>
        <type>eighth</type>
        <stem>down</stem>
        <staff>2</staff>
      </note>
    </measure>
    <!--=======================================================-->
    <measure number="5" width="135">
      <note default-x="13">
        <pitch>
          <step>C</step>
          <octave>5</octave>
        </pitch>
        <duration>2</duration>
        <voice>1</voice>
        <type>eighth</type>
        <stem default-y="-50">down</stem>
        <staff>1</staff>
        <beam number="1">begin</beam>
        <notations>
          <slur number="1" placement="above" type="start"/>
        </notations>
      </note>
      <note default-x="38">
        <pitch>
          <step>F</step>
          <octave>5</octave>
        </pitch>
        <duration>1</duration>
        <voice>1</voice>
        <type>16th</type>
        <stem default-y="-47">down</stem>
        <staff>1</staff>
        <beam number="1">continue</beam>
        <beam number="2">begin</beam>
      </note>
      <note default-x="59">
        <pitch>
          <step>A</step>
          <octave>5</octave>
        </pitch>
        <duration>1</duration>
        <voice>1</voice>
        <type>16th</type>
        <stem default-y="-45">down</stem>
        <staff>1</staff>
        <beam number="1">end</beam>
        <beam number="2">end</beam>
      </note>
      <note default-x="83">
        <pitch>
          <step>C</step>
          <octave>6</octave>
        </pitch>
        <duration>4</duration>
        <voice>1</voice>
        <type>quarter</type>
        <stem default-y="-20.5">down</stem>
        <staff>1</staff>
        <notations>
          <slur number="1" type="stop"/>
        </notations>
      </note>
      <backup>
        <duration>8</duration>
      </backup>
      <note default-x="13">
        <pitch>
          <step>F</step>
          <octave>3</octave>
        </pitch>
        <duration>2</duration>
        <voice>2</voice>
        <type>eighth</type>
        <stem default-y="-45">down</stem>
        <staff>2</staff>
        <beam number="1">begin</beam>
      </note>
      <note default-x="38">
        <pitch>
          <step>A</step>
          <octave>3</octave>
        </pitch>
        <duration>2</duration>
        <voice>2</voice>
        <type>eighth</type>
        <stem default-y="-44">down</stem>
        <staff>2</staff>
        <beam number="1">continue</beam>
      </note>
      <note default-x="38">
        <chord/>
        <pitch>
          <step>C</step>
          <octave>4</octave>
        </pitch>
        <duration>2</duration>
        <voice>2</voice>
        <type>eighth</type>
        <stem>down</stem>
        <staff>2</staff>
      </note>
      <note default-x="83">
        <pitch>
          <step>A</step>
          <octave>3</octave>
        </pitch>
        <duration>2</duration>
        <voice>2</voice>
        <type>eighth</type>
        <stem default-y="-41.5">down</stem>
        <staff>2</staff>
        <beam number="1">continue</beam>
      </note>
      <note default-x="83">
        <chord/>
        <pitch>
          <step>C</step>
          <octave>4</octave>
        </pitch>
        <duration>2</duration>
        <voice>2</voice>
        <type>eighth</type>
        <stem>down</stem>
        <staff>2</staff>
      </note>
      <note default-x="109">
        <pitch>
          <step>A</step>
          <octave>3</octave>
        </pitch>
        <duration>2</duration>
        <voice>2</voice>
        <type>eighth</type>
        <stem default-y="-40">down</stem>
        <staff>2</staff>
        <beam number="1">end</beam>
      </note>
      <note default-x="109">
        <chord/>
        <pitch>
          <step>C</step>
          <octave>4</octave>
        </pitch>
        <duration>2</duration>
        <voice>2</voice>
        <type>eighth</type>
        <stem>down</stem>
        <staff>2</staff>
      </note>
    </measure>
    <!--=======================================================-->
    <measure number="6" width="134">
      <note default-x="13">
        <pitch>
          <step>C</step>
          <octave>5</octave>
        </pitch>
        <duration>2</duration>
        <voice>1</voice>
        <type>eighth</type>
        <stem default-y="-50">down</stem>
        <staff>1</staff>
        <beam number="1">begin</beam>
        <notations>
          <slur number="1" placement="above" type="start"/>
        </notations>
      </note>
      <note default-x="38">
        <pitch>
          <step>F</step>
          <octave>5</octave>
        </pitch>
        <duration>1</duration>
        <voice>1</voice>
        <type>16th</type>
        <stem default-y="-47">down</stem>
        <staff>1</staff>
        <beam number="1">continue</beam>
        <beam number="2">begin</beam>
      </note>
      <note default-x="59">
        <pitch>
          <step>A</step>
          <octave>5</octave>
        </pitch>
        <duration>1</duration>
        <voice>1</voice>
        <type>16th</type>
        <stem default-y="-45">down</stem>
        <staff>1</staff>
        <beam number="1">end</beam>
        <beam number="2">end</beam>
      </note>
      <note default-x="83">
        <pitch>
          <step>C</step>
          <octave>6</octave>
        </pitch>
        <duration>4</duration>
        <voice>1</voice>
        <type>quarter</type>
        <stem default-y="-20.5">down</stem>
        <staff>1</staff>
        <notations>
          <slur number="1" type="stop"/>
        </notations>
      </note>
      <backup>
        <duration>8</duration>
      </backup>
      <note default-x="13">
        <pitch>
          <step>F</step>
          <octave>3</octave>
        </pitch>
        <duration>2</duration>
        <voice>2</voice>
        <type>eighth</type>
        <stem default-y="-45">down</stem>
        <staff>2</staff>
        <beam number="1">begin</beam>
      </note>
      <note default-x="38">
        <pitch>
          <step>A</step>
          <octave>3</octave>
        </pitch>
        <duration>2</duration>
        <voice>2</voice>
        <type>eighth</type>
        <stem default-y="-43.5">down</stem>
        <staff>2</staff>
        <beam number="1">continue</beam>
      </note>
      <note default-x="38">
        <chord/>
        <pitch>
          <step>C</step>
          <octave>4</octave>
        </pitch>
        <duration>2</duration>
        <voice>2</voice>
        <type>eighth</type>
        <stem>down</stem>
        <staff>2</staff>
      </note>
      <note default-x="83">
        <pitch>
          <step>A</step>
          <octave>3</octave>
        </pitch>
        <duration>2</duration>
        <voice>2</voice>
        <type>eighth</type>
        <stem default-y="-41.5">down</stem>
        <staff>2</staff>
        <beam number="1">continue</beam>
      </note>
      <note default-x="83">
        <chord/>
        <pitch>
          <step>C</step>
          <octave>4</octave>
        </pitch>
        <duration>2</duration>
        <voice>2</voice>
        <type>eighth</type>
        <stem>down</stem>
        <staff>2</staff>
      </note>
      <note default-x="109">
        <pitch>
          <step>A</step>
          <octave>3</octave>
        </pitch>
        <duration>2</duration>
        <voice>2</voice>
        <type>eighth</type>
        <stem default-y="-40">down</stem>
        <staff>2</staff>
        <beam number="1">end</beam>
      </note>
      <note default-x="109">
        <chord/>
        <pitch>
          <step>C</step>
          <octave>4</octave>
        </pitch>
        <duration>2</duration>
        <voice>2</voice>
        <type>eighth</type>
        <stem>down</stem>
        <staff>2</staff>
      </note>
    </measure>
    <!--=======================================================-->
    <measure number="7" width="292">
      <print new-system="yes">
        <system-layout>
          <system-distance>114</system-distance>
        </system-layout>
      </print>
      <note default-x="78">
        <pitch>
          <step>G</step>
          <octave>5</octave>
        </pitch>
        <duration>1</duration>
        <voice>1</voice>
        <type>16th</type>
        <stem default-y="-25">down</stem>
        <staff>1</staff>
        <beam number="1">begin</beam>
        <beam number="2">begin</beam>
        <notations>
          <slur bezier-x="32" bezier-y="39" default-x="6" default-y="15" number="1" placement="above" type="start"/>
        </notations>
      </note>
      <note default-x="103">
        <pitch>
          <step>E</step>
          <octave>6</octave>
        </pitch>
        <duration>1</duration>
        <voice>1</voice>
        <type>16th</type>
        <stem default-y="-24">down</stem>
        <staff>1</staff>
        <beam number="1">continue</beam>
        <beam number="2">continue</beam>
      </note>
      <note default-x="129">
        <pitch>
          <step>D</step>
          <octave>6</octave>
        </pitch>
        <duration>1</duration>
        <voice>1</voice>
        <type>16th</type>
        <stem default-y="-23">down</stem>
        <staff>1</staff>
        <beam number="1">continue</beam>
        <beam number="2">continue</beam>
      </note>
      <note default-x="156">
        <pitch>
          <step>C</step>
          <octave>6</octave>
        </pitch>
        <duration>1</duration>
        <voice>1</voice>
        <type>16th</type>
        <stem default-y="-22">down</stem>
        <staff>1</staff>
        <beam number="1">end</beam>
        <beam number="2">end</beam>
      </note>
      <note default-x="188">
        <pitch>
          <step>B</step>
          <octave>5</octave>
        </pitch>
        <duration>1</duration>
        <voice>1</voice>
        <type>16th</type>
        <accidental>natural</accidental>
        <stem default-y="-20">down</stem>
        <staff>1</staff>
        <beam number="1">begin</beam>
        <beam number="2">begin</beam>
      </note>
      <note default-x="214">
        <pitch>
          <step>C</step>
          <octave>6</octave>
        </pitch>
        <duration>1</duration>
        <voice>1</voice>
        <type>16th</type>
        <stem default-y="-20">down</stem>
        <staff>1</staff>
        <beam number="1">continue</beam>
        <beam number="2">continue</beam>
      </note>
      <note default-x="241">
        <pitch>
          <step>D</step>
          <octave>6</octave>
        </pitch>
        <duration>1</duration>
        <voice>1</voice>
        <type>16th</type>
        <stem default-y="-20">down</stem>
        <staff>1</staff>
        <beam number="1">continue</beam>
        <beam number="2">continue</beam>
      </note>
      <note default-x="267">
        <pitch>
          <step>B</step>
          <octave>5</octave>
        </pitch>
        <duration>1</duration>
        <voice>1</voice>
        <type>16th</type>
        <stem default-y="-20">down</stem>
        <staff>1</staff>
        <beam number="1">end</beam>
        <beam number="2">end</beam>
      </note>
      <backup>
        <duration>8</duration>
      </backup>
      <note default-x="78">
        <pitch>
          <step>G</step>
          <octave>3</octave>
        </pitch>
        <duration>2</duration>
        <voice>2</voice>
        <type>eighth</type>
        <stem default-y="-40">down</stem>
        <staff>2</staff>
        <beam number="1">begin</beam>
        <notations>
          <slur number="2" placement="above" type="start"/>
        </notations>
      </note>
      <note default-x="129">
        <pitch>
          <step>C</step>
          <octave>4</octave>
        </pitch>
        <duration>2</duration>
        <voice>2</voice>
        <type>eighth</type>
        <stem default-y="-40">down</stem>
        <staff>2</staff>
        <beam number="1">continue</beam>
      </note>
      <note default-x="129">
        <chord/>
        <pitch>
          <step>E</step>
          <octave>4</octave>
        </pitch>
        <duration>2</duration>
        <voice>2</voice>
        <type>eighth</type>
        <stem>down</stem>
        <staff>2</staff>
      </note>
      <note default-x="188">
        <pitch>
          <step>G</step>
          <octave>3</octave>
        </pitch>
        <duration>2</duration>
        <voice>2</voice>
        <type>eighth</type>
        <stem default-y="-40">down</stem>
        <staff>2</staff>
        <beam number="1">continue</beam>
      </note>
      <note default-x="241">
        <pitch>
          <step>D</step>
          <octave>4</octave>
        </pitch>
        <duration>2</duration>
        <voice>2</voice>
        <type>eighth</type>
        <stem default-y="-40">down</stem>
        <staff>2</staff>
        <beam number="1">end</beam>
      </note>
      <note default-x="241">
        <chord/>
        <pitch>
          <step>F</step>
          <octave>4</octave>
        </pitch>
        <duration>2</duration>
        <voice>2</voice>
        <type>eighth</type>
        <stem>down</stem>
        <staff>2</staff>
      </note>
    </measure>
    <!--=======================================================-->
    <measure number="8" width="123">
      <note default-x="16">
        <pitch>
          <step>C</step>
          <octave>6</octave>
        </pitch>
        <duration>2</duration>
        <voice>1</voice>
        <type>eighth</type>
        <stem default-y="-20">down</stem>
        <staff>1</staff>
        <beam number="1">begin</beam>
        <notations>
          <slur bezier-x="-32" bezier-y="36" default-x="6" default-y="30" number="1" type="stop"/>
          <articulations>
            <staccato default-x="4" default-y="30" placement="above"/>
          </articulations>
        </notations>
      </note>
      <note default-x="42">
        <pitch>
          <step>C</step>
          <octave>6</octave>
        </pitch>
        <duration>2</duration>
        <voice>1</voice>
        <type>eighth</type>
        <stem default-y="-20">down</stem>
        <staff>1</staff>
        <beam number="1">end</beam>
        <notations>
          <articulations>
            <staccato default-x="4" default-y="30" placement="above"/>
          </articulations>
        </notations>
      </note>
      <note default-x="68">
        <pitch>
          <step>C</step>
          <octave>6</octave>
        </pitch>
        <duration>4</duration>
        <voice>1</voice>
        <type>quarter</type>
        <stem default-y="-20">down</stem>
        <staff>1</staff>
      </note>
      <backup>
        <duration>8</duration>
      </backup>
      <note default-x="16">
        <pitch>
          <step>C</step>
          <octave>4</octave>
        </pitch>
        <duration>2</duration>
        <voice>2</voice>
        <type>eighth</type>
        <stem default-y="-25">down</stem>
        <staff>2</staff>
        <beam number="1">begin</beam>
        <notations>
          <slur number="2" type="stop"/>
          <articulations>
            <staccato default-x="4" default-y="30" placement="above"/>
          </articulations>
        </notations>
      </note>
      <note default-x="16">
        <chord/>
        <pitch>
          <step>E</step>
          <octave>4</octave>
        </pitch>
        <duration>2</duration>
        <voice>2</voice>
        <type>eighth</type>
        <stem>down</stem>
        <staff>2</staff>
      </note>
      <note default-x="42">
        <pitch>
          <step>C</step>
          <octave>4</octave>
        </pitch>
        <duration>2</duration>
        <voice>2</voice>
        <type>eighth</type>
        <stem default-y="-25">down</stem>
        <staff>2</staff>
        <beam number="1">end</beam>
        <notations>
          <articulations>
            <staccato default-x="4" default-y="30" placement="above"/>
          </articulations>
        </notations>
      </note>
      <note default-x="42">
        <chord/>
        <pitch>
          <step>E</step>
          <octave>4</octave>
        </pitch>
        <duration>2</duration>
        <voice>2</voice>
        <type>eighth</type>
        <stem>down</stem>
        <staff>2</staff>
      </note>
      <note default-x="68">
        <pitch>
          <step>C</step>
          <octave>4</octave>
        </pitch>
        <duration>4</duration>
        <voice>2</voice>
        <type>quarter</type>
        <stem default-y="-25">down</stem>
        <staff>2</staff>
      </note>
      <note default-x="68">
        <chord/>
        <pitch>
          <step>E</step>
          <octave>4</octave>
        </pitch>
        <duration>4</duration>
        <voice>2</voice>
        <type>quarter</type>
        <stem>down</stem>
        <staff>2</staff>
      </note>
      <barline location="right">
        <bar-style>light-heavy</bar-style>
        <repeat direction="backward" winged="none"/>
      </barline>
    </measure>
    <!--=======================================================-->
    <measure number="9" width="194">
      <barline location="left">
        <bar-style>heavy-light</bar-style>
        <repeat direction="forward" winged="none"/>
      </barline>
      <note default-x="43">
        <pitch>
          <step>B</step>
          <alter>-1</alter>
          <octave>5</octave>
        </pitch>
        <duration>2</duration>
        <voice>1</voice>
        <type>eighth</type>
        <accidental>flat</accidental>
        <stem default-y="-20">down</stem>
        <staff>1</staff>
        <beam number="1">begin</beam>
        <notations>
          <articulations>
            <staccato default-x="4" default-y="25" placement="above"/>
          </articulations>
        </notations>
      </note>
      <note default-x="73">
        <pitch>
          <step>B</step>
          <alter>-1</alter>
          <octave>5</octave>
        </pitch>
        <duration>2</duration>
        <voice>1</voice>
        <type>eighth</type>
        <stem default-y="-20">down</stem>
        <staff>1</staff>
        <beam number="1">end</beam>
        <notations>
          <articulations>
            <staccato default-x="4" default-y="25" placement="above"/>
          </articulations>
        </notations>
      </note>
      <note default-x="103">
        <pitch>
          <step>C</step>
          <octave>6</octave>
        </pitch>
        <duration>1</duration>
        <voice>1</voice>
        <type>16th</type>
        <stem default-y="-20">down</stem>
        <staff>1</staff>
        <beam number="1">begin</beam>
        <beam number="2">begin</beam>
        <notations>
          <slur number="1" placement="above" type="start"/>
        </notations>
      </note>
      <note default-x="127">
        <pitch>
          <step>B</step>
          <alter>-1</alter>
          <octave>5</octave>
        </pitch>
        <duration>1</duration>
        <voice>1</voice>
        <type>16th</type>
        <stem default-y="-21">down</stem>
        <staff>1</staff>
        <beam number="1">continue</beam>
        <beam number="2">continue</beam>
      </note>
      <note default-x="151">
        <pitch>
          <step>A</step>
          <octave>5</octave>
        </pitch>
        <duration>1</duration>
        <voice>1</voice>
        <type>16th</type>
        <stem default-y="-22">down</stem>
        <staff>1</staff>
        <beam number="1">continue</beam>
        <beam number="2">continue</beam>
      </note>
      <note default-x="173">
        <pitch>
          <step>G</step>
          <octave>5</octave>
        </pitch>
        <duration>1</duration>
        <voice>1</voice>
        <type>16th</type>
        <stem default-y="-22">down</stem>
        <staff>1</staff>
        <beam number="1">end</beam>
        <beam number="2">end</beam>
      </note>
      <backup>
        <duration>8</duration>
      </backup>
      <note default-x="43">
        <pitch>
          <step>E</step>
          <octave>3</octave>
        </pitch>
        <duration>2</duration>
        <voice>2</voice>
        <type>eighth</type>
        <stem default-y="-60">down</stem>
        <staff>2</staff>
        <beam number="1">begin</beam>
        <notations>
          <slur bezier-x="57" bezier-y="32" default-x="6" default-y="5" number="2" placement="above" type="start"/>
        </notations>
      </note>
      <note default-x="43">
        <chord/>
        <pitch>
          <step>G</step>
          <octave>3</octave>
        </pitch>
        <duration>2</duration>
        <voice>2</voice>
        <type>eighth</type>
        <stem>down</stem>
        <staff>2</staff>
      </note>
      <note default-x="73">
        <pitch>
          <step>C</step>
          <octave>3</octave>
        </pitch>
        <duration>2</duration>
        <voice>2</voice>
        <type>eighth</type>
        <stem default-y="-60">down</stem>
        <staff>2</staff>
        <beam number="1">continue</beam>
      </note>
      <note default-x="103">
        <pitch>
          <step>E</step>
          <octave>3</octave>
        </pitch>
        <duration>2</duration>
        <voice>2</voice>
        <type>eighth</type>
        <stem default-y="-60">down</stem>
        <staff>2</staff>
        <beam number="1">continue</beam>
      </note>
      <note default-x="103">
        <chord/>
        <pitch>
          <step>G</step>
          <octave>3</octave>
        </pitch>
        <duration>2</duration>
        <voice>2</voice>
        <type>eighth</type>
        <stem>down</stem>
        <staff>2</staff>
      </note>
      <note default-x="151">
        <pitch>
          <step>C</step>
          <octave>3</octave>
        </pitch>
        <duration>2</duration>
        <voice>2</voice>
        <type>eighth</type>
        <stem default-y="-60">down</stem>
        <staff>2</staff>
        <beam number="1">end</beam>
      </note>
    </measure>
    <!--=======================================================-->
    <measure number="10" width="119">
      <note default-x="16">
        <pitch>
          <step>A</step>
          <octave>5</octave>
        </pitch>
        <duration>2</duration>
        <voice>1</voice>
        <type>eighth</type>
        <stem default-y="-30">down</stem>
        <staff>1</staff>
        <beam number="1">begin</beam>
        <notations>
          <slur number="1" type="stop"/>
        </notations>
      </note>
      <note default-x="42">
        <pitch>
          <step>C</step>
          <octave>6</octave>
        </pitch>
        <duration>2</duration>
        <voice>1</voice>
        <type>eighth</type>
        <stem default-y="-30.5">down</stem>
        <staff>1</staff>
        <beam number="1">continue</beam>
        <notations>
          <slur number="1" placement="above" type="start"/>
        </notations>
      </note>
      <note default-x="67">
        <pitch>
          <step>A</step>
          <octave>5</octave>
        </pitch>
        <duration>2</duration>
        <voice>1</voice>
        <type>eighth</type>
        <stem default-y="-31.5">down</stem>
        <staff>1</staff>
        <beam number="1">continue</beam>
      </note>
      <note default-x="92">
        <pitch>
          <step>F</step>
          <octave>5</octave>
        </pitch>
        <duration>2</duration>
        <voice>1</voice>
        <type>eighth</type>
        <stem default-y="-32.5">down</stem>
        <staff>1</staff>
        <beam number="1">end</beam>
      </note>
      <backup>
        <duration>8</duration>
      </backup>
      <note default-x="16">
        <pitch>
          <step>F</step>
          <octave>3</octave>
        </pitch>
        <duration>2</duration>
        <voice>2</voice>
        <type>eighth</type>
        <stem default-y="-60">down</stem>
        <staff>2</staff>
        <beam number="1">begin</beam>
      </note>
      <note default-x="16">
        <chord/>
        <pitch>
          <step>A</step>
          <octave>3</octave>
        </pitch>
        <duration>2</duration>
        <voice>2</voice>
        <type>eighth</type>
        <stem>down</stem>
        <staff>2</staff>
      </note>
      <note default-x="42">
        <pitch>
          <step>C</step>
          <octave>3</octave>
        </pitch>
        <duration>2</duration>
        <voice>2</voice>
        <type>eighth</type>
        <stem default-y="-60">down</stem>
        <staff>2</staff>
        <beam number="1">continue</beam>
      </note>
      <note default-x="67">
        <pitch>
          <step>F</step>
          <octave>3</octave>
        </pitch>
        <duration>2</duration>
        <voice>2</voice>
        <type>eighth</type>
        <stem default-y="-60">down</stem>
        <staff>2</staff>
        <beam number="1">continue</beam>
      </note>
      <note default-x="67">
        <chord/>
        <pitch>
          <step>A</step>
          <octave>3</octave>
        </pitch>
        <duration>2</duration>
        <voice>2</voice>
        <type>eighth</type>
        <stem>down</stem>
        <staff>2</staff>
      </note>
      <note default-x="92">
        <pitch>
          <step>C</step>
          <octave>3</octave>
        </pitch>
        <duration>2</duration>
        <voice>2</voice>
        <type>eighth</type>
        <stem default-y="-60">down</stem>
        <staff>2</staff>
        <beam number="1">end</beam>
      </note>
    </measure>
    <!--=======================================================-->
    <measure number="11" width="142">
      <note default-x="13">
        <pitch>
          <step>E</step>
          <octave>5</octave>
        </pitch>
        <duration>2</duration>
        <voice>1</voice>
        <type>eighth</type>
        <stem default-y="-40">down</stem>
        <staff>1</staff>
        <beam number="1">begin</beam>
        <notations>
          <slur number="1" type="stop"/>
        </notations>
      </note>
      <note default-x="42">
        <pitch>
          <step>E</step>
          <octave>5</octave>
        </pitch>
        <duration>2</duration>
        <voice>1</voice>
        <type>eighth</type>
        <stem default-y="-40">down</stem>
        <staff>1</staff>
        <beam number="1">end</beam>
        <notations>
          <slur number="1" placement="above" type="start"/>
        </notations>
      </note>
      <note default-x="70">
        <pitch>
          <step>G</step>
          <octave>5</octave>
        </pitch>
        <duration>1</duration>
        <voice>1</voice>
        <type>16th</type>
        <stem default-y="-40">down</stem>
        <staff>1</staff>
        <beam number="1">begin</beam>
        <beam number="2">begin</beam>
      </note>
      <note default-x="87">
        <pitch>
          <step>F</step>
          <octave>5</octave>
        </pitch>
        <duration>1</duration>
        <voice>1</voice>
        <type>16th</type>
        <stem default-y="-40">down</stem>
        <staff>1</staff>
        <beam number="1">continue</beam>
        <beam number="2">continue</beam>
      </note>
      <note default-x="105">
        <pitch>
          <step>E</step>
          <octave>5</octave>
        </pitch>
        <duration>1</duration>
        <voice>1</voice>
        <type>16th</type>
        <stem default-y="-40">down</stem>
        <staff>1</staff>
        <beam number="1">continue</beam>
        <beam number="2">continue</beam>
      </note>
      <direction placement="below">
        <direction-type>
          <wedge default-y="-73" spread="0" type="crescendo"/>
        </direction-type>
        <staff>1</staff>
      </direction>
      <note default-x="123">
        <pitch>
          <step>F</step>
          <octave>5</octave>
        </pitch>
        <duration>1</duration>
        <voice>1</voice>
        <type>16th</type>
        <stem default-y="-40">down</stem>
        <staff>1</staff>
        <beam number="1">end</beam>
        <beam number="2">end</beam>
      </note>
      <backup>
        <duration>8</duration>
      </backup>
      <note default-x="13">
        <pitch>
          <step>G</step>
          <octave>3</octave>
        </pitch>
        <duration>2</duration>
        <voice>2</voice>
        <type>eighth</type>
        <stem default-y="-60">down</stem>
        <staff>2</staff>
        <beam number="1">begin</beam>
      </note>
      <note default-x="13">
        <chord/>
        <pitch>
          <step>B</step>
          <alter>-1</alter>
          <octave>3</octave>
        </pitch>
        <duration>2</duration>
        <voice>2</voice>
        <type>eighth</type>
        <stem>down</stem>
        <staff>2</staff>
      </note>
      <note default-x="42">
        <pitch>
          <step>C</step>
          <octave>3</octave>
        </pitch>
        <duration>2</duration>
        <voice>2</voice>
        <type>eighth</type>
        <stem default-y="-60">down</stem>
        <staff>2</staff>
        <beam number="1">continue</beam>
      </note>
      <note default-x="70">
        <pitch>
          <step>F</step>
          <octave>3</octave>
        </pitch>
        <duration>2</duration>
        <voice>2</voice>
        <type>eighth</type>
        <stem default-y="-60">down</stem>
        <staff>2</staff>
        <beam number="1">continue</beam>
      </note>
      <note default-x="70">
        <chord/>
        <pitch>
          <step>A</step>
          <octave>3</octave>
        </pitch>
        <duration>2</duration>
        <voice>2</voice>
        <type>eighth</type>
        <stem>down</stem>
        <staff>2</staff>
      </note>
      <note default-x="105">
        <pitch>
          <step>C</step>
          <octave>3</octave>
        </pitch>
        <duration>2</duration>
        <voice>2</voice>
        <type>eighth</type>
        <stem default-y="-60">down</stem>
        <staff>2</staff>
        <beam number="1">end</beam>
      </note>
    </measure>
    <!--=======================================================-->
    <measure number="12" width="113">
      <direction>
        <direction-type>
          <wedge spread="15" type="stop"/>
        </direction-type>
        <staff>1</staff>
      </direction>
      <direction placement="below">
        <direction-type>
          <wedge default-y="-75" spread="15" type="diminuendo"/>
        </direction-type>
        <staff>1</staff>
      </direction>
      <note default-x="14">
        <pitch>
          <step>G</step>
          <octave>5</octave>
        </pitch>
        <duration>4</duration>
        <voice>1</voice>
        <type>quarter</type>
        <stem default-y="-30">down</stem>
        <staff>1</staff>
      </note>
      <direction>
        <direction-type>
          <wedge spread="0" type="stop"/>
        </direction-type>
        <staff>1</staff>
      </direction>
      <note default-x="63">
        <pitch>
          <step>C</step>
          <octave>5</octave>
        </pitch>
        <duration>2</duration>
        <voice>1</voice>
        <type>eighth</type>
        <stem default-y="-50">down</stem>
        <staff>1</staff>
        <beam number="1">begin</beam>
        <notations>
          <slur number="1" type="stop"/>
          <articulations>
            <staccato default-x="4" default-y="-7" placement="above"/>
          </articulations>
        </notations>
      </note>
      <note default-x="88">
        <pitch>
          <step>C</step>
          <octave>5</octave>
        </pitch>
        <duration>2</duration>
        <voice>1</voice>
        <type>eighth</type>
        <stem default-y="-50">down</stem>
        <staff>1</staff>
        <beam number="1">end</beam>
        <notations>
          <articulations>
            <staccato default-x="4" default-y="-7" placement="above"/>
          </articulations>
        </notations>
      </note>
      <backup>
        <duration>8</duration>
      </backup>
      <note default-x="14">
        <pitch>
          <step>E</step>
          <octave>3</octave>
        </pitch>
        <duration>2</duration>
        <voice>2</voice>
        <type>eighth</type>
        <stem default-y="-60">down</stem>
        <staff>2</staff>
        <beam number="1">begin</beam>
      </note>
      <note default-x="14">
        <chord/>
        <pitch>
          <step>G</step>
          <octave>3</octave>
        </pitch>
        <duration>2</duration>
        <voice>2</voice>
        <type>eighth</type>
        <stem>down</stem>
        <staff>2</staff>
      </note>
      <note default-x="38">
        <pitch>
          <step>C</step>
          <octave>3</octave>
        </pitch>
        <duration>2</duration>
        <voice>2</voice>
        <type>eighth</type>
        <stem default-y="-60">down</stem>
        <staff>2</staff>
        <beam number="1">continue</beam>
      </note>
      <note default-x="63">
        <pitch>
          <step>E</step>
          <octave>3</octave>
        </pitch>
        <duration>2</duration>
        <voice>2</voice>
        <type>eighth</type>
        <stem default-y="-60">down</stem>
        <staff>2</staff>
        <beam number="1">continue</beam>
      </note>
      <note default-x="63">
        <chord/>
        <pitch>
          <step>G</step>
          <octave>3</octave>
        </pitch>
        <duration>2</duration>
        <voice>2</voice>
        <type>eighth</type>
        <stem>down</stem>
        <staff>2</staff>
      </note>
      <note default-x="88">
        <pitch>
          <step>C</step>
          <octave>3</octave>
        </pitch>
        <duration>2</duration>
        <voice>2</voice>
        <type>eighth</type>
        <stem default-y="-60">down</stem>
        <staff>2</staff>
        <beam number="1">end</beam>
        <notations>
          <slur bezier-x="-57" bezier-y="34" default-x="6" default-y="2" number="2" type="stop"/>
        </notations>
      </note>
    </measure>
    <!--=======================================================-->
    <measure number="13" width="274">
      <print new-system="yes">
        <system-layout>
          <system-distance>114</system-distance>
        </system-layout>
      </print>
      <note default-x="78">
        <pitch>
          <step>C</step>
          <octave>5</octave>
        </pitch>
        <duration>2</duration>
        <voice>1</voice>
        <type>eighth</type>
        <stem default-y="-50">down</stem>
        <staff>1</staff>
        <beam number="1">begin</beam>
        <notations>
          <slur number="1" placement="above" type="start"/>
        </notations>
      </note>
      <note default-x="124">
        <pitch>
          <step>F</step>
          <octave>5</octave>
        </pitch>
        <duration>1</duration>
        <voice>1</voice>
        <type>16th</type>
        <stem default-y="-46.5">down</stem>
        <staff>1</staff>
        <beam number="1">continue</beam>
        <beam number="2">begin</beam>
      </note>
      <note default-x="153">
        <pitch>
          <step>A</step>
          <octave>5</octave>
        </pitch>
        <duration>1</duration>
        <voice>1</voice>
        <type>16th</type>
        <stem default-y="-45">down</stem>
        <staff>1</staff>
        <beam number="1">end</beam>
        <beam number="2">end</beam>
      </note>
      <note default-x="181">
        <pitch>
          <step>C</step>
          <octave>6</octave>
        </pitch>
        <duration>4</duration>
        <voice>1</voice>
        <type>quarter</type>
        <stem default-y="-20">down</stem>
        <staff>1</staff>
        <notations>
          <slur number="1" type="stop"/>
        </notations>
      </note>
      <backup>
        <duration>8</duration>
      </backup>
      <note default-x="78">
        <pitch>
          <step>F</step>
          <octave>3</octave>
        </pitch>
        <duration>2</duration>
        <voice>2</voice>
        <type>eighth</type>
        <stem default-y="-45">down</stem>
        <staff>2</staff>
        <beam number="1">begin</beam>
      </note>
      <note default-x="124">
        <pitch>
          <step>A</step>
          <octave>3</octave>
        </pitch>
        <duration>2</duration>
        <voice>2</voice>
        <type>eighth</type>
        <stem default-y="-43">down</stem>
        <staff>2</staff>
        <beam number="1">continue</beam>
      </note>
      <note default-x="124">
        <chord/>
        <pitch>
          <step>C</step>
          <octave>4</octave>
        </pitch>
        <duration>2</duration>
        <voice>2</voice>
        <type>eighth</type>
        <stem>down</stem>
        <staff>2</staff>
      </note>
      <note default-x="181">
        <pitch>
          <step>A</step>
          <octave>3</octave>
        </pitch>
        <duration>2</duration>
        <voice>2</voice>
        <type>eighth</type>
        <stem default-y="-41">down</stem>
        <staff>2</staff>
        <beam number="1">continue</beam>
      </note>
      <note default-x="181">
        <chord/>
        <pitch>
          <step>C</step>
          <octave>4</octave>
        </pitch>
        <duration>2</duration>
        <voice>2</voice>
        <type>eighth</type>
        <stem>down</stem>
        <staff>2</staff>
      </note>
      <note default-x="227">
        <pitch>
          <step>A</step>
          <octave>3</octave>
        </pitch>
        <duration>2</duration>
        <voice>2</voice>
        <type>eighth</type>
        <stem default-y="-40">down</stem>
        <staff>2</staff>
        <beam number="1">end</beam>
      </note>
      <note default-x="227">
        <chord/>
        <pitch>
          <step>C</step>
          <octave>4</octave>
        </pitch>
        <duration>2</duration>
        <voice>2</voice>
        <type>eighth</type>
        <stem>down</stem>
        <staff>2</staff>
      </note>
    </measure>
    <!--=======================================================-->
    <measure number="14" width="206">
      <note default-x="13">
        <pitch>
          <step>D</step>
          <octave>5</octave>
        </pitch>
        <duration>2</duration>
        <voice>1</voice>
        <type>eighth</type>
        <stem default-y="-45">down</stem>
        <staff>1</staff>
        <beam number="1">begin</beam>
        <notations>
          <slur number="1" placement="above" type="start"/>
        </notations>
      </note>
      <note default-x="59">
        <pitch>
          <step>F</step>
          <octave>5</octave>
        </pitch>
        <duration>1</duration>
        <voice>1</voice>
        <type>16th</type>
        <stem default-y="-42">down</stem>
        <staff>1</staff>
        <beam number="1">continue</beam>
        <beam number="2">begin</beam>
      </note>
      <note default-x="87">
        <pitch>
          <step>B</step>
          <alter>-1</alter>
          <octave>5</octave>
        </pitch>
        <duration>1</duration>
        <voice>1</voice>
        <type>16th</type>
        <stem default-y="-40">down</stem>
        <staff>1</staff>
        <beam number="1">end</beam>
        <beam number="2">end</beam>
      </note>
      <note default-x="115">
        <pitch>
          <step>D</step>
          <octave>6</octave>
        </pitch>
        <duration>4</duration>
        <voice>1</voice>
        <type>quarter</type>
        <stem default-y="-20">down</stem>
        <staff>1</staff>
        <notations>
          <slur number="1" type="stop"/>
        </notations>
      </note>
      <backup>
        <duration>8</duration>
      </backup>
      <note default-x="13">
        <pitch>
          <step>B</step>
          <alter>-1</alter>
          <octave>2</octave>
        </pitch>
        <duration>2</duration>
        <voice>2</voice>
        <type>eighth</type>
        <stem default-y="-65">down</stem>
        <staff>2</staff>
        <beam number="1">begin</beam>
      </note>
      <note default-x="59">
        <pitch>
          <step>D</step>
          <octave>3</octave>
        </pitch>
        <duration>2</duration>
        <voice>2</voice>
        <type>eighth</type>
        <stem default-y="-65">down</stem>
        <staff>2</staff>
        <beam number="1">continue</beam>
      </note>
      <note default-x="59">
        <chord/>
        <pitch>
          <step>F</step>
          <octave>3</octave>
        </pitch>
        <duration>2</duration>
        <voice>2</voice>
        <type>eighth</type>
        <stem>down</stem>
        <staff>2</staff>
      </note>
      <note default-x="115">
        <pitch>
          <step>D</step>
          <octave>3</octave>
        </pitch>
        <duration>2</duration>
        <voice>2</voice>
        <type>eighth</type>
        <stem default-y="-65">down</stem>
        <staff>2</staff>
        <beam number="1">continue</beam>
      </note>
      <note default-x="115">
        <chord/>
        <pitch>
          <step>F</step>
          <octave>3</octave>
        </pitch>
        <duration>2</duration>
        <voice>2</voice>
        <type>eighth</type>
        <stem>down</stem>
        <staff>2</staff>
      </note>
      <note default-x="160">
        <pitch>
          <step>D</step>
          <octave>3</octave>
        </pitch>
        <duration>2</duration>
        <voice>2</voice>
        <type>eighth</type>
        <stem default-y="-65">down</stem>
        <staff>2</staff>
        <beam number="1">end</beam>
      </note>
      <note default-x="160">
        <chord/>
        <pitch>
          <step>F</step>
          <octave>3</octave>
        </pitch>
        <duration>2</duration>
        <voice>2</voice>
        <type>eighth</type>
        <stem>down</stem>
        <staff>2</staff>
      </note>
    </measure>
    <!--=======================================================-->
    <measure number="15" width="330">
      <note default-x="16">
        <pitch>
          <step>C</step>
          <octave>6</octave>
        </pitch>
        <duration>1</duration>
        <voice>1</voice>
        <type>16th</type>
        <stem default-y="-25">down</stem>
        <staff>1</staff>
        <beam number="1">begin</beam>
        <beam number="2">begin</beam>
        <notations>
          <slur number="1" placement="above" type="start"/>
        </notations>
      </note>
      <note default-x="55">
        <pitch>
          <step>F</step>
          <octave>6</octave>
        </pitch>
        <duration>1</duration>
        <voice>1</voice>
        <type>16th</type>
        <stem default-y="-24">down</stem>
        <staff>1</staff>
        <beam number="1">continue</beam>
        <beam number="2">continue</beam>
      </note>
      <note default-x="95">
        <pitch>
          <step>E</step>
          <octave>6</octave>
        </pitch>
        <duration>1</duration>
        <voice>1</voice>
        <type>16th</type>
        <stem default-y="-23">down</stem>
        <staff>1</staff>
        <beam number="1">continue</beam>
        <beam number="2">continue</beam>
      </note>
      <note default-x="134">
        <pitch>
          <step>D</step>
          <octave>6</octave>
        </pitch>
        <duration>1</duration>
        <voice>1</voice>
        <type>16th</type>
        <stem default-y="-22">down</stem>
        <staff>1</staff>
        <beam number="1">end</beam>
        <beam number="2">end</beam>
      </note>
      <note default-x="173">
        <pitch>
          <step>C</step>
          <octave>6</octave>
        </pitch>
        <duration>1</duration>
        <voice>1</voice>
        <type>16th</type>
        <stem default-y="-20">down</stem>
        <staff>1</staff>
        <beam number="1">begin</beam>
        <beam number="2">begin</beam>
      </note>
      <note default-x="212">
        <pitch>
          <step>B</step>
          <alter>-1</alter>
          <octave>5</octave>
        </pitch>
        <duration>1</duration>
        <voice>1</voice>
        <type>16th</type>
        <stem default-y="-21">down</stem>
        <staff>1</staff>
        <beam number="1">continue</beam>
        <beam number="2">continue</beam>
      </note>
      <note default-x="251">
        <pitch>
          <step>A</step>
          <octave>5</octave>
        </pitch>
        <duration>1</duration>
        <voice>1</voice>
        <type>16th</type>
        <stem default-y="-22">down</stem>
        <staff>1</staff>
        <beam number="1">continue</beam>
        <beam number="2">continue</beam>
      </note>
      <note default-x="290">
        <pitch>
          <step>G</step>
          <octave>5</octave>
        </pitch>
        <duration>1</duration>
        <voice>1</voice>
        <type>16th</type>
        <stem default-y="-22">down</stem>
        <staff>1</staff>
        <beam number="1">end</beam>
        <beam number="2">end</beam>
      </note>
      <backup>
        <duration>8</duration>
      </backup>
      <note default-x="16">
        <pitch>
          <step>C</step>
          <octave>3</octave>
        </pitch>
        <duration>2</duration>
        <voice>2</voice>
        <type>eighth</type>
        <stem default-y="-60">down</stem>
        <staff>2</staff>
        <beam number="1">begin</beam>
        <notations>
          <slur number="2" placement="above" type="start"/>
        </notations>
      </note>
      <note default-x="95">
        <pitch>
          <step>F</step>
          <octave>3</octave>
        </pitch>
        <duration>2</duration>
        <voice>2</voice>
        <type>eighth</type>
        <stem default-y="-60">down</stem>
        <staff>2</staff>
        <beam number="1">continue</beam>
      </note>
      <note default-x="95">
        <chord/>
        <pitch>
          <step>A</step>
          <octave>3</octave>
        </pitch>
        <duration>2</duration>
        <voice>2</voice>
        <type>eighth</type>
        <stem>down</stem>
        <staff>2</staff>
      </note>
      <note default-x="173">
        <pitch>
          <step>C</step>
          <octave>3</octave>
        </pitch>
        <duration>2</duration>
        <voice>2</voice>
        <type>eighth</type>
        <stem default-y="-60">down</stem>
        <staff>2</staff>
        <beam number="1">continue</beam>
      </note>
      <note default-x="251">
        <pitch>
          <step>E</step>
          <octave>3</octave>
        </pitch>
        <duration>2</duration>
        <voice>2</voice>
        <type>eighth</type>
        <stem default-y="-60">down</stem>
        <staff>2</staff>
        <beam number="1">end</beam>
      </note>
      <note default-x="251">
        <chord/>
        <pitch>
          <step>B</step>
          <alter>-1</alter>
          <octave>3</octave>
        </pitch>
        <duration>2</duration>
        <voice>2</voice>
        <type>eighth</type>
        <stem>down</stem>
        <staff>2</staff>
      </note>
    </measure>
    <!--=======================================================-->
    <measure number="16" width="173">
      <note default-x="13">
        <pitch>
          <step>F</step>
          <octave>5</octave>
        </pitch>
        <duration>2</duration>
        <voice>1</voice>
        <type>eighth</type>
        <stem default-y="-35">down</stem>
        <staff>1</staff>
        <beam number="1">begin</beam>
        <notations>
          <slur number="1" type="stop"/>
          <articulations>
            <staccato default-x="4" default-y="10" placement="above"/>
          </articulations>
        </notations>
      </note>
      <note default-x="52">
        <pitch>
          <step>F</step>
          <octave>5</octave>
        </pitch>
        <duration>2</duration>
        <voice>1</voice>
        <type>eighth</type>
        <stem default-y="-35">down</stem>
        <staff>1</staff>
        <beam number="1">end</beam>
        <notations>
          <articulations>
            <staccato default-x="4" default-y="10" placement="above"/>
          </articulations>
        </notations>
      </note>
      <note default-x="91">
        <pitch>
          <step>F</step>
          <octave>5</octave>
        </pitch>
        <duration>4</duration>
        <voice>1</voice>
        <type>quarter</type>
        <stem default-y="-35.5">down</stem>
        <staff>1</staff>
      </note>
      <backup>
        <duration>8</duration>
      </backup>
      <note default-x="13">
        <pitch>
          <step>F</step>
          <octave>3</octave>
        </pitch>
        <duration>2</duration>
        <voice>2</voice>
        <type>eighth</type>
        <stem default-y="-45">down</stem>
        <staff>2</staff>
        <beam number="1">begin</beam>
        <notations>
          <slur number="2" type="stop"/>
          <articulations>
            <staccato default-x="4" default-y="10" placement="above"/>
          </articulations>
        </notations>
      </note>
      <note default-x="13">
        <chord/>
        <pitch>
          <step>A</step>
          <octave>3</octave>
        </pitch>
        <duration>2</duration>
        <voice>2</voice>
        <type>eighth</type>
        <stem>down</stem>
        <staff>2</staff>
      </note>
      <note default-x="52">
        <pitch>
          <step>F</step>
          <octave>3</octave>
        </pitch>
        <duration>2</duration>
        <voice>2</voice>
        <type>eighth</type>
        <stem default-y="-45">down</stem>
        <staff>2</staff>
        <beam number="1">end</beam>
        <notations>
          <articulations>
            <staccato default-x="4" default-y="10" placement="above"/>
          </articulations>
        </notations>
      </note>
      <note default-x="52">
        <chord/>
        <pitch>
          <step>A</step>
          <octave>3</octave>
        </pitch>
        <duration>2</duration>
        <voice>2</voice>
        <type>eighth</type>
        <stem>down</stem>
        <staff>2</staff>
      </note>
      <note default-x="91">
        <pitch>
          <step>F</step>
          <octave>3</octave>
        </pitch>
        <duration>4</duration>
        <voice>2</voice>
        <type>quarter</type>
        <stem default-y="-45">down</stem>
        <staff>2</staff>
      </note>
      <note default-x="91">
        <chord/>
        <pitch>
          <step>A</step>
          <octave>3</octave>
        </pitch>
        <duration>4</duration>
        <voice>2</voice>
        <type>quarter</type>
        <stem>down</stem>
        <staff>2</staff>
      </note>
      <barline location="right">
        <bar-style>light-heavy</bar-style>
        <repeat direction="backward" winged="none"/>
      </barline>
    </measure>
  </part>
  <!--=========================================================-->
</score-partwise>
