<?xml version="1.0" encoding="UTF-8" standalone="no"?>
<!DOCTYPE score-partwise PUBLIC "-//Recordare//DTD MusicXML 3.0 Partwise//EN" "http://www.musicxml.org/dtds/partwise.dtd">
<score-partwise version="3.0">
  <movement-title>Czerny No. 52</movement-title>
  <identification>
    <rights>©</rights>
    <encoding>
      <software>PrintMusic 2014 for Windows</software>
      <software>Dolet Light for PrintMusic 2014</software>
      <encoding-date>2014-11-01</encoding-date>
      <supports attribute="new-system" element="print" type="yes" value="yes"/>
      <supports attribute="new-page" element="print" type="yes" value="yes"/>
      <supports element="accidental" type="yes"/>
      <supports element="beam" type="yes"/>
      <supports element="stem" type="yes"/>
    </encoding>
  </identification>
  <defaults>
    <scaling>
      <millimeters>7.2319</millimeters>
      <tenths>40</tenths>
    </scaling>
    <page-layout>
      <page-height>1545</page-height>
      <page-width>1194</page-width>
      <page-margins type="both">
        <left-margin>140</left-margin>
        <right-margin>70</right-margin>
        <top-margin>88</top-margin>
        <bottom-margin>88</bottom-margin>
      </page-margins>
    </page-layout>
    <system-layout>
      <system-margins>
        <left-margin>0</left-margin>
        <right-margin>0</right-margin>
      </system-margins>
      <system-distance>121</system-distance>
      <top-system-distance>70</top-system-distance>
    </system-layout>
    <staff-layout>
      <staff-distance>80</staff-distance>
    </staff-layout>
    <appearance>
      <line-width type="stem">0.7487</line-width>
      <line-width type="beam">5</line-width>
      <line-width type="staff">0.7487</line-width>
      <line-width type="light barline">0.7487</line-width>
      <line-width type="heavy barline">5</line-width>
      <line-width type="leger">0.7487</line-width>
      <line-width type="ending">0.7487</line-width>
      <line-width type="wedge">0.7487</line-width>
      <line-width type="enclosure">0.7487</line-width>
      <line-width type="tuplet bracket">0.7487</line-width>
      <note-size type="grace">60</note-size>
      <note-size type="cue">60</note-size>
      <distance type="hyphen">120</distance>
      <distance type="beam">8</distance>
    </appearance>
    <music-font font-family="Maestro,engraved" font-size="20.5"/>
    <word-font font-family="Times New Roman" font-size="10.25"/>
  </defaults>
  <credit page="1">
    <credit-type>title</credit-type>
    <credit-words default-x="632" default-y="1440" font-size="24" justify="center" valign="top">Czerny No. 52</credit-words>
  </credit>
  <credit page="1">
    <credit-type>rights</credit-type>
    <credit-words default-x="632" default-y="70" font-size="10" justify="center" valign="bottom">©</credit-words>
  </credit>
  <part-list>
    <score-part id="P1">
      <part-name>Piano</part-name>
      <part-abbreviation>Pno.</part-abbreviation>
      <score-instrument id="P1-I1">
        <instrument-name>SmartMusic SoftSynth</instrument-name>
        <instrument-sound>keyboard.piano</instrument-sound>
        <virtual-instrument/>
      </score-instrument>
      <midi-device>SmartMusic SoftSynth</midi-device>
      <midi-instrument id="P1-I1">
        <midi-channel>1</midi-channel>
        <midi-bank>15489</midi-bank>
        <midi-program>1</midi-program>
        <volume>80</volume>
        <pan>0</pan>
      </midi-instrument>
    </score-part>
  </part-list>
  <!--=========================================================-->
  <part id="P1">
    <measure number="1" width="224">
      <print>
        <system-layout>
          <system-margins>
            <left-margin>70</left-margin>
            <right-margin>0</right-margin>
          </system-margins>
          <top-system-distance>152</top-system-distance>
        </system-layout>
        <measure-numbering>system</measure-numbering>
      </print>
      <attributes>
        <divisions>2</divisions>
        <key>
          <fifths>2</fifths>
          <mode>major</mode>
        </key>
        <time>
          <beats>2</beats>
          <beat-type>4</beat-type>
        </time>
        <staves>2</staves>
        <clef number="1">
          <sign>G</sign>
          <line>2</line>
        </clef>
        <clef number="2">
          <sign>F</sign>
          <line>4</line>
        </clef>
      </attributes>
      <sound tempo="120"/>
      <direction directive="yes" placement="above">
        <direction-type>
          <words default-y="40" font-size="12" font-weight="bold">Andante.</words>
        </direction-type>
        <staff>1</staff>
      </direction>
      <direction placement="above">
        <direction-type>
          <words default-y="8" font-family="Times" relative-x="8">2</words>
        </direction-type>
        <staff>1</staff>
      </direction>
      <direction placement="above">
        <direction-type>
          <words default-y="20" font-family="Times" relative-x="6">5</words>
        </direction-type>
        <staff>1</staff>
      </direction>
      <direction placement="below">
        <direction-type>
          <words default-y="-73" font-style="italic" relative-x="3">dolce</words>
        </direction-type>
        <staff>1</staff>
      </direction>
      <note default-x="122">
        <pitch>
          <step>F</step>
          <alter>1</alter>
          <octave>4</octave>
        </pitch>
        <duration>3</duration>
        <voice>1</voice>
        <type>quarter</type>
        <dot/>
        <stem default-y="18.5">up</stem>
        <staff>1</staff>
        <notations>
          <slur number="1" placement="above" type="start"/>
        </notations>
      </note>
      <note default-x="122">
        <chord/>
        <pitch>
          <step>D</step>
          <octave>5</octave>
        </pitch>
        <duration>3</duration>
        <voice>1</voice>
        <type>quarter</type>
        <dot/>
        <stem>up</stem>
        <staff>1</staff>
      </note>
      <direction placement="above">
        <direction-type>
          <words default-y="6" font-family="Times" relative-x="5">1</words>
        </direction-type>
        <staff>1</staff>
      </direction>
      <direction placement="above">
        <direction-type>
          <words default-y="19" font-family="Times" relative-x="5">4</words>
        </direction-type>
        <staff>1</staff>
      </direction>
      <note default-x="196">
        <pitch>
          <step>E</step>
          <octave>4</octave>
        </pitch>
        <duration>1</duration>
        <voice>1</voice>
        <type>eighth</type>
        <stem default-y="20.5">up</stem>
        <staff>1</staff>
      </note>
      <note default-x="196">
        <chord/>
        <pitch>
          <step>C</step>
          <alter>1</alter>
          <octave>5</octave>
        </pitch>
        <duration>1</duration>
        <voice>1</voice>
        <type>eighth</type>
        <stem>up</stem>
        <staff>1</staff>
      </note>
      <backup>
        <duration>4</duration>
      </backup>
      <note default-x="122">
        <rest/>
        <duration>1</duration>
        <voice>2</voice>
        <type>eighth</type>
        <staff>2</staff>
      </note>
      <direction placement="below">
        <direction-type>
          <words default-y="-67" font-family="Times" relative-x="4">5</words>
        </direction-type>
        <staff>2</staff>
      </direction>
      <note default-x="147">
        <pitch>
          <step>D</step>
          <octave>2</octave>
        </pitch>
        <duration>1</duration>
        <voice>2</voice>
        <type>eighth</type>
        <stem default-y="-10">up</stem>
        <staff>2</staff>
        <beam number="1">begin</beam>
        <notations>
          <slur number="2" placement="below" type="start"/>
        </notations>
      </note>
      <direction placement="below">
        <direction-type>
          <words default-y="-60" font-family="Times" relative-x="8">3</words>
        </direction-type>
        <staff>2</staff>
      </direction>
      <note default-x="171">
        <pitch>
          <step>F</step>
          <alter>1</alter>
          <octave>2</octave>
        </pitch>
        <duration>1</duration>
        <voice>2</voice>
        <type>eighth</type>
        <stem default-y="-9">up</stem>
        <staff>2</staff>
        <beam number="1">continue</beam>
      </note>
      <direction placement="below">
        <direction-type>
          <words default-y="-51" font-family="Times" relative-x="10">1</words>
        </direction-type>
        <staff>2</staff>
      </direction>
      <note default-x="196">
        <pitch>
          <step>A</step>
          <octave>2</octave>
        </pitch>
        <duration>1</duration>
        <voice>2</voice>
        <type>eighth</type>
        <stem default-y="-7">up</stem>
        <staff>2</staff>
        <beam number="1">end</beam>
        <notations>
          <slur number="2" type="stop"/>
        </notations>
      </note>
    </measure>
    <!--=======================================================-->
    <measure number="2" width="120">
      <direction placement="above">
        <direction-type>
          <words default-y="20" font-family="Times" relative-x="6">5</words>
        </direction-type>
        <staff>1</staff>
      </direction>
      <direction placement="below">
        <direction-type>
          <words default-y="-74" font-style="italic" relative-x="3">dolce</words>
        </direction-type>
        <staff>1</staff>
      </direction>
      <direction placement="above">
        <direction-type>
          <words default-y="9" font-family="Times" relative-x="11">1</words>
        </direction-type>
        <staff>1</staff>
      </direction>
      <direction placement="below">
        <direction-type>
          <wedge default-y="-72" spread="0" type="crescendo"/>
        </direction-type>
        <staff>1</staff>
      </direction>
      <note default-x="14">
        <pitch>
          <step>G</step>
          <octave>4</octave>
        </pitch>
        <duration>3</duration>
        <voice>1</voice>
        <type>quarter</type>
        <dot/>
        <stem default-y="-58.5">down</stem>
        <staff>1</staff>
      </note>
      <note default-x="14">
        <chord/>
        <pitch>
          <step>E</step>
          <octave>5</octave>
        </pitch>
        <duration>3</duration>
        <voice>1</voice>
        <type>quarter</type>
        <dot/>
        <stem>down</stem>
        <staff>1</staff>
      </note>
      <direction placement="above">
        <direction-type>
          <words default-y="1" font-family="Times" relative-x="5">1</words>
        </direction-type>
        <staff>1</staff>
      </direction>
      <direction placement="above">
        <direction-type>
          <words default-y="19" font-family="Times" relative-x="5">4</words>
        </direction-type>
        <staff>1</staff>
      </direction>
      <note default-x="92">
        <pitch>
          <step>F</step>
          <alter>1</alter>
          <octave>4</octave>
        </pitch>
        <duration>1</duration>
        <voice>1</voice>
        <type>eighth</type>
        <stem default-y="25.5">up</stem>
        <staff>1</staff>
        <notations>
          <slur number="1" type="stop"/>
        </notations>
      </note>
      <note default-x="92">
        <chord/>
        <pitch>
          <step>D</step>
          <octave>5</octave>
        </pitch>
        <duration>1</duration>
        <voice>1</voice>
        <type>eighth</type>
        <stem>up</stem>
        <staff>1</staff>
      </note>
      <backup>
        <duration>4</duration>
      </backup>
      <note default-x="14">
        <rest/>
        <duration>1</duration>
        <voice>2</voice>
        <type>eighth</type>
        <staff>2</staff>
      </note>
      <direction placement="below">
        <direction-type>
          <words default-y="-83" font-family="Times" relative-x="6">4</words>
        </direction-type>
        <staff>2</staff>
      </direction>
      <note default-x="39">
        <pitch>
          <step>A</step>
          <octave>1</octave>
        </pitch>
        <duration>1</duration>
        <voice>2</voice>
        <type>eighth</type>
        <stem default-y="-20">up</stem>
        <staff>2</staff>
        <beam number="1">begin</beam>
        <notations>
          <slur number="1" placement="below" type="start"/>
        </notations>
      </note>
      <direction placement="below">
        <direction-type>
          <words default-y="-60" font-family="Times" relative-x="8">3</words>
        </direction-type>
        <staff>2</staff>
      </direction>
      <note default-x="66">
        <pitch>
          <step>C</step>
          <alter>1</alter>
          <octave>2</octave>
        </pitch>
        <duration>1</duration>
        <voice>2</voice>
        <type>eighth</type>
        <stem default-y="-18.5">up</stem>
        <staff>2</staff>
        <beam number="1">continue</beam>
      </note>
      <direction placement="below">
        <direction-type>
          <words default-y="-51" font-family="Times" relative-x="10">1</words>
        </direction-type>
        <staff>2</staff>
      </direction>
      <note default-x="92">
        <pitch>
          <step>D</step>
          <octave>2</octave>
        </pitch>
        <duration>1</duration>
        <voice>2</voice>
        <type>eighth</type>
        <stem default-y="-17.5">up</stem>
        <staff>2</staff>
        <beam number="1">end</beam>
        <notations>
          <slur number="1" type="stop"/>
        </notations>
      </note>
    </measure>
    <!--=======================================================-->
    <measure number="3" width="114">
      <direction placement="above">
        <direction-type>
          <words default-y="19" font-family="Times">2</words>
        </direction-type>
        <staff>1</staff>
      </direction>
      <direction placement="above">
        <direction-type>
          <words default-y="29" font-family="Times" relative-x="3">5</words>
        </direction-type>
        <staff>1</staff>
      </direction>
      <direction>
        <direction-type>
          <wedge spread="15" type="stop"/>
        </direction-type>
        <staff>1</staff>
      </direction>
      <note default-x="14">
        <pitch>
          <step>B</step>
          <octave>4</octave>
        </pitch>
        <duration>3</duration>
        <voice>1</voice>
        <type>quarter</type>
        <dot/>
        <stem default-y="-55">down</stem>
        <staff>1</staff>
        <notations>
          <slur number="1" placement="above" type="start"/>
        </notations>
      </note>
      <note default-x="14">
        <chord/>
        <pitch>
          <step>G</step>
          <octave>5</octave>
        </pitch>
        <duration>3</duration>
        <voice>1</voice>
        <type>quarter</type>
        <dot/>
        <stem>down</stem>
        <staff>1</staff>
      </note>
      <note default-x="88">
        <pitch>
          <step>B</step>
          <octave>4</octave>
        </pitch>
        <duration>1</duration>
        <voice>1</voice>
        <type>eighth</type>
        <stem default-y="-55">down</stem>
        <staff>1</staff>
      </note>
      <note default-x="88">
        <chord/>
        <pitch>
          <step>G</step>
          <octave>5</octave>
        </pitch>
        <duration>1</duration>
        <voice>1</voice>
        <type>eighth</type>
        <stem>down</stem>
        <staff>1</staff>
      </note>
      <backup>
        <duration>4</duration>
      </backup>
      <note default-x="14">
        <rest/>
        <duration>1</duration>
        <voice>2</voice>
        <type>eighth</type>
        <staff>2</staff>
      </note>
      <direction placement="below">
        <direction-type>
          <words default-y="-79" font-family="Times" relative-x="11">5</words>
        </direction-type>
        <staff>2</staff>
      </direction>
      <note default-x="39">
        <pitch>
          <step>G</step>
          <octave>1</octave>
        </pitch>
        <duration>1</duration>
        <voice>2</voice>
        <type>eighth</type>
        <stem default-y="-20">up</stem>
        <staff>2</staff>
        <beam number="1">begin</beam>
        <notations>
          <slur number="2" placement="below" type="start"/>
        </notations>
      </note>
      <direction placement="below">
        <direction-type>
          <words default-y="-73" font-family="Times" relative-x="8">3</words>
        </direction-type>
        <staff>2</staff>
      </direction>
      <note default-x="64">
        <pitch>
          <step>B</step>
          <octave>1</octave>
        </pitch>
        <duration>1</duration>
        <voice>2</voice>
        <type>eighth</type>
        <stem default-y="-20">up</stem>
        <staff>2</staff>
        <beam number="1">continue</beam>
      </note>
      <direction placement="below">
        <direction-type>
          <words default-y="-53" font-family="Times" relative-x="4">5</words>
        </direction-type>
        <staff>2</staff>
      </direction>
      <note default-x="88">
        <pitch>
          <step>G</step>
          <octave>1</octave>
        </pitch>
        <duration>1</duration>
        <voice>2</voice>
        <type>eighth</type>
        <stem default-y="-20">up</stem>
        <staff>2</staff>
        <beam number="1">end</beam>
        <notations>
          <slur number="2" type="stop"/>
        </notations>
      </note>
    </measure>
    <!--=======================================================-->
    <measure number="4" width="112">
      <note default-x="16">
        <pitch>
          <step>B</step>
          <octave>4</octave>
        </pitch>
        <duration>1</duration>
        <voice>1</voice>
        <type>eighth</type>
        <stem default-y="-65">down</stem>
        <staff>1</staff>
        <beam number="1">begin</beam>
      </note>
      <note default-x="16">
        <chord/>
        <pitch>
          <step>G</step>
          <octave>5</octave>
        </pitch>
        <duration>1</duration>
        <voice>1</voice>
        <type>eighth</type>
        <stem>down</stem>
        <staff>1</staff>
      </note>
      <direction placement="above">
        <direction-type>
          <words default-y="13" font-family="Times" relative-x="7">1</words>
        </direction-type>
        <staff>1</staff>
      </direction>
      <direction placement="above">
        <direction-type>
          <words default-y="28" font-family="Times" relative-x="6">4</words>
        </direction-type>
        <staff>1</staff>
      </direction>
      <direction placement="below">
        <direction-type>
          <wedge default-y="-72" spread="15" type="diminuendo"/>
        </direction-type>
        <staff>1</staff>
      </direction>
      <note default-x="40">
        <pitch>
          <step>A</step>
          <octave>4</octave>
        </pitch>
        <duration>1</duration>
        <voice>1</voice>
        <type>eighth</type>
        <stem default-y="-67">down</stem>
        <staff>1</staff>
        <beam number="1">continue</beam>
      </note>
      <note default-x="40">
        <chord/>
        <pitch>
          <step>F</step>
          <alter>1</alter>
          <octave>5</octave>
        </pitch>
        <duration>1</duration>
        <voice>1</voice>
        <type>eighth</type>
        <stem>down</stem>
        <staff>1</staff>
      </note>
      <direction placement="above">
        <direction-type>
          <words default-y="9" font-family="Times" relative-x="8">1</words>
        </direction-type>
        <staff>1</staff>
      </direction>
      <direction placement="above">
        <direction-type>
          <words default-y="22" font-family="Times" relative-x="5">5</words>
        </direction-type>
        <staff>1</staff>
      </direction>
      <note default-x="64">
        <pitch>
          <step>G</step>
          <octave>4</octave>
        </pitch>
        <duration>1</duration>
        <voice>1</voice>
        <type>eighth</type>
        <stem default-y="-68">down</stem>
        <staff>1</staff>
        <beam number="1">continue</beam>
      </note>
      <note default-x="64">
        <chord/>
        <pitch>
          <step>E</step>
          <octave>5</octave>
        </pitch>
        <duration>1</duration>
        <voice>1</voice>
        <type>eighth</type>
        <stem>down</stem>
        <staff>1</staff>
      </note>
      <direction placement="above">
        <direction-type>
          <words default-y="3" font-family="Times" relative-x="3">2</words>
        </direction-type>
        <staff>1</staff>
      </direction>
      <direction placement="above">
        <direction-type>
          <words default-y="16" font-family="Times" relative-x="8">5</words>
        </direction-type>
        <staff>1</staff>
      </direction>
      <note default-x="87">
        <pitch>
          <step>F</step>
          <alter>1</alter>
          <octave>4</octave>
        </pitch>
        <duration>1</duration>
        <voice>1</voice>
        <type>eighth</type>
        <stem default-y="-70">down</stem>
        <staff>1</staff>
        <beam number="1">end</beam>
      </note>
      <note default-x="87">
        <chord/>
        <pitch>
          <step>D</step>
          <octave>5</octave>
        </pitch>
        <duration>1</duration>
        <voice>1</voice>
        <type>eighth</type>
        <stem>down</stem>
        <staff>1</staff>
      </note>
      <backup>
        <duration>4</duration>
      </backup>
      <direction placement="below">
        <direction-type>
          <words default-y="-58" font-family="Times" relative-x="6">1</words>
        </direction-type>
        <staff>2</staff>
      </direction>
      <note default-x="16">
        <pitch>
          <step>D</step>
          <octave>2</octave>
        </pitch>
        <duration>4</duration>
        <voice>2</voice>
        <type>half</type>
        <stem default-y="-19.5">up</stem>
        <staff>2</staff>
      </note>
    </measure>
    <!--=======================================================-->
    <measure number="5" width="115">
      <direction placement="above">
        <direction-type>
          <words default-y="9" font-family="Times" relative-x="10">4</words>
        </direction-type>
        <staff>1</staff>
      </direction>
      <direction>
        <direction-type>
          <wedge spread="0" type="stop"/>
        </direction-type>
        <staff>1</staff>
      </direction>
      <note default-x="13">
        <pitch>
          <step>E</step>
          <octave>4</octave>
        </pitch>
        <duration>3</duration>
        <voice>1</voice>
        <type>quarter</type>
        <dot/>
        <stem default-y="14">up</stem>
        <staff>1</staff>
        <notations>
          <slur number="1" type="stop"/>
          <slur number="1" placement="above" type="start"/>
        </notations>
      </note>
      <note default-x="13">
        <chord/>
        <pitch>
          <step>C</step>
          <alter>1</alter>
          <octave>5</octave>
        </pitch>
        <duration>3</duration>
        <voice>1</voice>
        <type>quarter</type>
        <dot/>
        <stem>up</stem>
        <staff>1</staff>
      </note>
      <direction placement="below">
        <direction-type>
          <words default-y="-45" font-family="Times">2</words>
        </direction-type>
        <staff>1</staff>
      </direction>
      <direction placement="below">
        <direction-type>
          <wedge default-y="-73" spread="0" type="crescendo"/>
        </direction-type>
        <staff>1</staff>
      </direction>
      <note default-x="87">
        <pitch>
          <step>F</step>
          <alter>1</alter>
          <octave>4</octave>
        </pitch>
        <duration>1</duration>
        <voice>1</voice>
        <type>eighth</type>
        <stem default-y="25.5">up</stem>
        <staff>1</staff>
      </note>
      <note default-x="87">
        <chord/>
        <pitch>
          <step>D</step>
          <octave>5</octave>
        </pitch>
        <duration>1</duration>
        <voice>1</voice>
        <type>eighth</type>
        <stem>up</stem>
        <staff>1</staff>
      </note>
      <backup>
        <duration>4</duration>
      </backup>
      <note default-x="13">
        <rest/>
        <duration>1</duration>
        <voice>2</voice>
        <type>eighth</type>
        <staff>2</staff>
      </note>
      <note default-x="38">
        <pitch>
          <step>A</step>
          <octave>1</octave>
        </pitch>
        <duration>1</duration>
        <voice>2</voice>
        <type>eighth</type>
        <stem default-y="-10">up</stem>
        <staff>2</staff>
        <beam number="1">begin</beam>
        <notations>
          <slur number="2" placement="below" type="start"/>
        </notations>
      </note>
      <note default-x="62">
        <pitch>
          <step>A</step>
          <octave>2</octave>
        </pitch>
        <duration>1</duration>
        <voice>2</voice>
        <type>eighth</type>
        <stem default-y="-7">up</stem>
        <staff>2</staff>
        <beam number="1">end</beam>
        <notations>
          <slur number="2" type="stop"/>
        </notations>
      </note>
      <note default-x="87">
        <rest/>
        <duration>1</duration>
        <voice>2</voice>
        <type>eighth</type>
        <staff>2</staff>
      </note>
    </measure>
    <!--=======================================================-->
    <measure number="6" width="115">
      <direction placement="below">
        <direction-type>
          <words default-y="-74" font-style="italic" relative-x="3">dolce</words>
        </direction-type>
        <staff>1</staff>
      </direction>
      <direction placement="above">
        <direction-type>
          <words default-y="12" font-family="Times" relative-x="7">1</words>
        </direction-type>
        <staff>1</staff>
      </direction>
      <direction>
        <direction-type>
          <wedge spread="15" type="stop"/>
        </direction-type>
        <staff>1</staff>
      </direction>
      <note default-x="14">
        <pitch>
          <step>G</step>
          <octave>4</octave>
        </pitch>
        <duration>3</duration>
        <voice>1</voice>
        <type>quarter</type>
        <dot/>
        <stem default-y="-58.5">down</stem>
        <staff>1</staff>
      </note>
      <note default-x="14">
        <chord/>
        <pitch>
          <step>E</step>
          <octave>5</octave>
        </pitch>
        <duration>3</duration>
        <voice>1</voice>
        <type>quarter</type>
        <dot/>
        <stem>down</stem>
        <staff>1</staff>
      </note>
      <direction placement="above">
        <direction-type>
          <words default-y="10" font-family="Times" relative-x="5">2</words>
        </direction-type>
        <staff>1</staff>
      </direction>
      <note default-x="87">
        <pitch>
          <step>F</step>
          <alter>1</alter>
          <octave>4</octave>
        </pitch>
        <duration>1</duration>
        <voice>1</voice>
        <type>eighth</type>
        <stem default-y="25.5">up</stem>
        <staff>1</staff>
        <notations>
          <slur number="1" type="stop"/>
        </notations>
      </note>
      <note default-x="87">
        <chord/>
        <pitch>
          <step>D</step>
          <octave>5</octave>
        </pitch>
        <duration>1</duration>
        <voice>1</voice>
        <type>eighth</type>
        <stem>up</stem>
        <staff>1</staff>
      </note>
      <backup>
        <duration>4</duration>
      </backup>
      <note default-x="14">
        <rest/>
        <duration>1</duration>
        <voice>2</voice>
        <type>eighth</type>
        <staff>2</staff>
      </note>
      <note default-x="38">
        <pitch>
          <step>A</step>
          <octave>1</octave>
        </pitch>
        <duration>1</duration>
        <voice>2</voice>
        <type>eighth</type>
        <stem default-y="-10">up</stem>
        <staff>2</staff>
        <beam number="1">begin</beam>
        <notations>
          <slur number="1" placement="below" type="start"/>
        </notations>
      </note>
      <note default-x="63">
        <pitch>
          <step>A</step>
          <octave>2</octave>
        </pitch>
        <duration>1</duration>
        <voice>2</voice>
        <type>eighth</type>
        <stem default-y="-7">up</stem>
        <staff>2</staff>
        <beam number="1">end</beam>
        <notations>
          <slur number="1" type="stop"/>
        </notations>
      </note>
      <note default-x="87">
        <rest/>
        <duration>1</duration>
        <voice>2</voice>
        <type>eighth</type>
        <staff>2</staff>
      </note>
    </measure>
    <!--=======================================================-->
    <measure number="7" width="113">
      <direction placement="above">
        <direction-type>
          <words default-y="2" font-family="Times" relative-x="7">2</words>
        </direction-type>
        <staff>1</staff>
      </direction>
      <direction placement="above">
        <direction-type>
          <words default-y="16" font-family="Times" relative-x="4">4</words>
        </direction-type>
        <staff>1</staff>
      </direction>
      <direction placement="below">
        <direction-type>
          <wedge default-y="-73" spread="15" type="diminuendo"/>
        </direction-type>
        <staff>1</staff>
      </direction>
      <note default-x="14">
        <pitch>
          <step>F</step>
          <alter>1</alter>
          <octave>4</octave>
        </pitch>
        <duration>1</duration>
        <voice>1</voice>
        <type>eighth</type>
        <stem default-y="10">up</stem>
        <staff>1</staff>
        <beam number="1">begin</beam>
      </note>
      <note default-x="14">
        <chord/>
        <pitch>
          <step>A</step>
          <octave>4</octave>
        </pitch>
        <duration>1</duration>
        <voice>1</voice>
        <type>eighth</type>
        <stem>up</stem>
        <staff>1</staff>
      </note>
      <direction>
        <direction-type>
          <wedge spread="0" type="stop"/>
        </direction-type>
        <staff>1</staff>
      </direction>
      <note default-x="38">
        <pitch>
          <step>E</step>
          <octave>4</octave>
        </pitch>
        <duration>1</duration>
        <voice>1</voice>
        <type>eighth</type>
        <stem default-y="8">up</stem>
        <staff>1</staff>
        <beam number="1">continue</beam>
      </note>
      <note default-x="38">
        <chord/>
        <pitch>
          <step>G</step>
          <octave>4</octave>
        </pitch>
        <duration>1</duration>
        <voice>1</voice>
        <type>eighth</type>
        <stem>up</stem>
        <staff>1</staff>
      </note>
      <direction placement="above">
        <direction-type>
          <words default-y="3" font-family="Times" relative-x="4">2</words>
        </direction-type>
        <staff>1</staff>
      </direction>
      <direction placement="above">
        <direction-type>
          <words default-y="15" font-family="Times" relative-x="7">4</words>
        </direction-type>
        <staff>1</staff>
      </direction>
      <direction placement="below">
        <direction-type>
          <wedge default-y="-75" spread="15" type="diminuendo"/>
        </direction-type>
        <staff>1</staff>
      </direction>
      <note default-x="63">
        <pitch>
          <step>E</step>
          <octave>4</octave>
        </pitch>
        <duration>1</duration>
        <voice>1</voice>
        <type>eighth</type>
        <stem default-y="7">up</stem>
        <staff>1</staff>
        <beam number="1">continue</beam>
      </note>
      <note default-x="63">
        <chord/>
        <pitch>
          <step>G</step>
          <octave>4</octave>
        </pitch>
        <duration>1</duration>
        <voice>1</voice>
        <type>eighth</type>
        <stem>up</stem>
        <staff>1</staff>
      </note>
      <direction>
        <direction-type>
          <wedge spread="0" type="stop"/>
        </direction-type>
        <staff>1</staff>
      </direction>
      <note default-x="88">
        <pitch>
          <step>D</step>
          <octave>4</octave>
        </pitch>
        <duration>1</duration>
        <voice>1</voice>
        <type>eighth</type>
        <stem default-y="5">up</stem>
        <staff>1</staff>
        <beam number="1">end</beam>
      </note>
      <note default-x="88">
        <chord/>
        <pitch>
          <step>F</step>
          <alter>1</alter>
          <octave>4</octave>
        </pitch>
        <duration>1</duration>
        <voice>1</voice>
        <type>eighth</type>
        <stem>up</stem>
        <staff>1</staff>
      </note>
      <backup>
        <duration>4</duration>
      </backup>
      <note default-x="14">
        <rest/>
        <duration>1</duration>
        <voice>2</voice>
        <type>eighth</type>
        <staff>2</staff>
      </note>
      <note default-x="38">
        <pitch>
          <step>A</step>
          <octave>1</octave>
        </pitch>
        <duration>1</duration>
        <voice>2</voice>
        <type>eighth</type>
        <stem default-y="-20">up</stem>
        <staff>2</staff>
        <beam number="1">begin</beam>
        <notations>
          <slur number="1" placement="below" type="start"/>
        </notations>
      </note>
      <note default-x="63">
        <pitch>
          <step>C</step>
          <alter>1</alter>
          <octave>2</octave>
        </pitch>
        <duration>1</duration>
        <voice>2</voice>
        <type>eighth</type>
        <stem default-y="-18.5">up</stem>
        <staff>2</staff>
        <beam number="1">continue</beam>
      </note>
      <note default-x="88">
        <pitch>
          <step>D</step>
          <octave>2</octave>
        </pitch>
        <duration>1</duration>
        <voice>2</voice>
        <type>eighth</type>
        <stem default-y="-17.5">up</stem>
        <staff>2</staff>
        <beam number="1">end</beam>
      </note>
    </measure>
    <!--=======================================================-->
    <measure number="8" width="207">
      <print new-system="yes">
        <system-layout>
          <system-distance>114</system-distance>
        </system-layout>
      </print>
      <direction placement="above">
        <direction-type>
          <words default-y="3" font-family="Times" relative-x="7">1</words>
        </direction-type>
        <staff>1</staff>
      </direction>
      <direction placement="above">
        <direction-type>
          <words default-y="13" font-family="Times" relative-x="9">4</words>
        </direction-type>
        <staff>1</staff>
      </direction>
      <direction placement="below">
        <direction-type>
          <wedge default-y="-64" spread="15" type="diminuendo"/>
        </direction-type>
        <staff>1</staff>
      </direction>
      <note default-x="91">
        <pitch>
          <step>D</step>
          <octave>4</octave>
        </pitch>
        <duration>2</duration>
        <voice>1</voice>
        <type>quarter</type>
        <stem default-y="0.5">up</stem>
        <staff>1</staff>
        <notations>
          <slur number="2" placement="below" type="start"/>
        </notations>
      </note>
      <note default-x="91">
        <chord/>
        <pitch>
          <step>F</step>
          <alter>1</alter>
          <octave>4</octave>
        </pitch>
        <duration>2</duration>
        <voice>1</voice>
        <type>quarter</type>
        <stem>up</stem>
        <staff>1</staff>
      </note>
      <direction placement="above">
        <direction-type>
          <words default-y="2" font-family="Times" relative-x="9">2</words>
        </direction-type>
        <staff>1</staff>
      </direction>
      <direction placement="above">
        <direction-type>
          <words default-y="16" font-family="Times" relative-x="8">3</words>
        </direction-type>
        <staff>1</staff>
      </direction>
      <direction>
        <direction-type>
          <wedge spread="0" type="stop"/>
        </direction-type>
        <staff>1</staff>
      </direction>
      <note default-x="140">
        <pitch>
          <step>C</step>
          <alter>1</alter>
          <octave>4</octave>
        </pitch>
        <duration>1</duration>
        <voice>1</voice>
        <type>eighth</type>
        <stem default-y="-5">up</stem>
        <staff>1</staff>
        <notations>
          <slur number="2" type="stop"/>
        </notations>
      </note>
      <note default-x="140">
        <chord/>
        <pitch>
          <step>E</step>
          <octave>4</octave>
        </pitch>
        <duration>1</duration>
        <voice>1</voice>
        <type>eighth</type>
        <stem>up</stem>
        <staff>1</staff>
      </note>
      <note default-x="167">
        <rest/>
        <duration>1</duration>
        <voice>1</voice>
        <type>eighth</type>
        <staff>1</staff>
      </note>
      <backup>
        <duration>4</duration>
      </backup>
      <note default-x="91">
        <pitch>
          <step>A</step>
          <octave>2</octave>
        </pitch>
        <duration>1</duration>
        <voice>2</voice>
        <type>eighth</type>
        <stem default-y="-5">up</stem>
        <staff>2</staff>
        <beam number="1">begin</beam>
      </note>
      <note default-x="115">
        <pitch>
          <step>A</step>
          <octave>1</octave>
        </pitch>
        <duration>1</duration>
        <voice>2</voice>
        <type>eighth</type>
        <stem default-y="-7">up</stem>
        <staff>2</staff>
        <beam number="1">end</beam>
      </note>
      <note default-x="140">
        <pitch>
          <step>A</step>
          <octave>2</octave>
        </pitch>
        <duration>1</duration>
        <voice>2</voice>
        <type>eighth</type>
        <stem default-y="0.5">up</stem>
        <staff>2</staff>
        <notations>
          <slur number="1" type="stop"/>
        </notations>
      </note>
      <note default-x="167">
        <rest/>
        <duration>1</duration>
        <voice>2</voice>
        <type>eighth</type>
        <staff>2</staff>
      </note>
      <barline location="right">
        <bar-style>light-heavy</bar-style>
        <repeat direction="backward" winged="none"/>
      </barline>
    </measure>
    <!--=======================================================-->
    <measure number="9" width="132">
      <barline location="left">
        <bar-style>heavy-light</bar-style>
        <repeat direction="forward" winged="none"/>
      </barline>
      <direction placement="above">
        <direction-type>
          <words default-y="3" font-family="Times" relative-x="7">4</words>
        </direction-type>
        <staff>1</staff>
      </direction>
      <direction placement="below">
        <direction-type>
          <dynamics default-x="34" default-y="-95" halign="center">
            <p/>
          </dynamics>
        </direction-type>
        <staff>1</staff>
        <sound dynamics="54"/>
      </direction>
      <note default-x="34">
        <pitch>
          <step>A</step>
          <octave>3</octave>
        </pitch>
        <duration>2</duration>
        <voice>1</voice>
        <type>quarter</type>
        <stem default-y="-5">up</stem>
        <staff>1</staff>
        <notations>
          <slur bezier-x="29" bezier-y="37" default-x="4" default-y="-32" number="1" placement="below" type="start"/>
        </notations>
      </note>
      <note default-x="34">
        <chord/>
        <pitch>
          <step>C</step>
          <alter>1</alter>
          <octave>4</octave>
        </pitch>
        <duration>2</duration>
        <voice>1</voice>
        <type>quarter</type>
        <stem>up</stem>
        <staff>1</staff>
      </note>
      <note default-x="34">
        <chord/>
        <pitch>
          <step>E</step>
          <octave>4</octave>
        </pitch>
        <duration>2</duration>
        <voice>1</voice>
        <type>quarter</type>
        <stem>up</stem>
        <staff>1</staff>
      </note>
      <direction placement="above">
        <direction-type>
          <words default-y="5" font-family="Times" relative-x="10">3</words>
        </direction-type>
        <staff>1</staff>
      </direction>
      <note default-x="83">
        <pitch>
          <step>A</step>
          <octave>3</octave>
        </pitch>
        <duration>1</duration>
        <voice>1</voice>
        <type>eighth</type>
        <stem default-y="-10">up</stem>
        <staff>1</staff>
        <beam number="1">begin</beam>
      </note>
      <note default-x="83">
        <chord/>
        <pitch>
          <step>C</step>
          <alter>1</alter>
          <octave>4</octave>
        </pitch>
        <duration>1</duration>
        <voice>1</voice>
        <type>eighth</type>
        <stem>up</stem>
        <staff>1</staff>
      </note>
      <note default-x="83">
        <chord/>
        <pitch>
          <step>E</step>
          <octave>4</octave>
        </pitch>
        <duration>1</duration>
        <voice>1</voice>
        <type>eighth</type>
        <stem>up</stem>
        <staff>1</staff>
      </note>
      <direction placement="above">
        <direction-type>
          <words default-y="12" font-family="Times" relative-x="9">4</words>
        </direction-type>
        <staff>1</staff>
      </direction>
      <note default-x="108">
        <pitch>
          <step>A</step>
          <octave>3</octave>
        </pitch>
        <duration>1</duration>
        <voice>1</voice>
        <type>eighth</type>
        <stem default-y="-7">up</stem>
        <staff>1</staff>
        <beam number="1">end</beam>
      </note>
      <note default-x="108">
        <chord/>
        <pitch>
          <step>D</step>
          <octave>4</octave>
        </pitch>
        <duration>1</duration>
        <voice>1</voice>
        <type>eighth</type>
        <stem>up</stem>
        <staff>1</staff>
      </note>
      <note default-x="108">
        <chord/>
        <pitch>
          <step>F</step>
          <alter>1</alter>
          <octave>4</octave>
        </pitch>
        <duration>1</duration>
        <voice>1</voice>
        <type>eighth</type>
        <stem>up</stem>
        <staff>1</staff>
      </note>
      <backup>
        <duration>4</duration>
      </backup>
      <note default-x="34">
        <rest/>
        <duration>1</duration>
        <voice>2</voice>
        <type>eighth</type>
        <staff>2</staff>
      </note>
      <direction placement="below">
        <direction-type>
          <words default-y="-40" font-family="Times" relative-x="8">1</words>
        </direction-type>
        <staff>2</staff>
      </direction>
      <note default-x="59">
        <pitch>
          <step>A</step>
          <octave>2</octave>
        </pitch>
        <duration>1</duration>
        <voice>2</voice>
        <type>eighth</type>
        <stem default-y="-5">up</stem>
        <staff>2</staff>
        <beam number="1">begin</beam>
      </note>
      <direction placement="below">
        <direction-type>
          <words default-y="-41" font-family="Times" relative-x="6">2</words>
        </direction-type>
        <staff>2</staff>
      </direction>
      <note default-x="83">
        <pitch>
          <step>G</step>
          <octave>2</octave>
        </pitch>
        <duration>1</duration>
        <voice>2</voice>
        <type>eighth</type>
        <stem default-y="-6">up</stem>
        <staff>2</staff>
        <beam number="1">continue</beam>
      </note>
      <direction placement="below">
        <direction-type>
          <words default-y="-50" font-family="Times" relative-x="11">3</words>
        </direction-type>
        <staff>2</staff>
      </direction>
      <note default-x="108">
        <pitch>
          <step>F</step>
          <alter>1</alter>
          <octave>2</octave>
        </pitch>
        <duration>1</duration>
        <voice>2</voice>
        <type>eighth</type>
        <stem default-y="-7">up</stem>
        <staff>2</staff>
        <beam number="1">end</beam>
      </note>
    </measure>
    <!--=======================================================-->
    <measure number="10" width="130">
      <direction placement="below">
        <direction-type>
          <wedge default-y="-79" spread="0" type="crescendo"/>
        </direction-type>
        <staff>1</staff>
      </direction>
      <note default-x="16">
        <pitch>
          <step>A</step>
          <octave>3</octave>
        </pitch>
        <duration>1</duration>
        <voice>1</voice>
        <type>eighth</type>
        <stem default-y="5.5">up</stem>
        <staff>1</staff>
        <notations>
          <slur bezier-x="-29" bezier-y="37" default-x="4" default-y="-32" number="1" type="stop"/>
        </notations>
      </note>
      <note default-x="16">
        <chord/>
        <pitch>
          <step>C</step>
          <alter>1</alter>
          <octave>4</octave>
        </pitch>
        <duration>1</duration>
        <voice>1</voice>
        <type>eighth</type>
        <stem>up</stem>
        <staff>1</staff>
      </note>
      <note default-x="16">
        <chord/>
        <pitch>
          <step>G</step>
          <octave>4</octave>
        </pitch>
        <duration>1</duration>
        <voice>1</voice>
        <type>eighth</type>
        <stem>up</stem>
        <staff>1</staff>
      </note>
      <direction placement="above">
        <direction-type>
          <words default-y="12" font-family="Times" relative-x="7">2</words>
        </direction-type>
        <staff>1</staff>
      </direction>
      <direction placement="above">
        <direction-type>
          <words default-y="26" font-family="Times" relative-x="8">5</words>
        </direction-type>
        <staff>1</staff>
      </direction>
      <direction>
        <direction-type>
          <wedge spread="15" type="stop"/>
        </direction-type>
        <staff>1</staff>
      </direction>
      <note default-x="45">
        <pitch>
          <step>E</step>
          <octave>4</octave>
        </pitch>
        <duration>2</duration>
        <voice>1</voice>
        <type>quarter</type>
        <stem default-y="10">up</stem>
        <staff>1</staff>
        <notations>
          <slur bezier-x="29" bezier-y="47" default-x="8" default-y="-23" number="1" placement="below" type="start"/>
        </notations>
      </note>
      <note default-x="45">
        <chord/>
        <pitch>
          <step>A</step>
          <octave>4</octave>
        </pitch>
        <duration>2</duration>
        <voice>1</voice>
        <type>quarter</type>
        <stem>up</stem>
        <staff>1</staff>
      </note>
      <note default-x="101">
        <pitch>
          <step>E</step>
          <octave>4</octave>
        </pitch>
        <duration>1</duration>
        <voice>1</voice>
        <type>eighth</type>
        <stem default-y="5.5">up</stem>
        <staff>1</staff>
      </note>
      <note default-x="101">
        <chord/>
        <pitch>
          <step>G</step>
          <octave>4</octave>
        </pitch>
        <duration>1</duration>
        <voice>1</voice>
        <type>eighth</type>
        <stem>up</stem>
        <staff>1</staff>
      </note>
      <backup>
        <duration>4</duration>
      </backup>
      <direction placement="below">
        <direction-type>
          <words default-y="-58" font-family="Times" relative-x="9">1</words>
        </direction-type>
        <staff>2</staff>
      </direction>
      <note default-x="16">
        <pitch>
          <step>E</step>
          <octave>2</octave>
        </pitch>
        <duration>1</duration>
        <voice>2</voice>
        <type>eighth</type>
        <stem default-y="-15">up</stem>
        <staff>2</staff>
        <beam number="1">begin</beam>
      </note>
      <direction placement="below">
        <direction-type>
          <words default-y="-54" font-family="Times" relative-x="7">3</words>
        </direction-type>
        <staff>2</staff>
      </direction>
      <note default-x="45">
        <pitch>
          <step>C</step>
          <alter>1</alter>
          <octave>2</octave>
        </pitch>
        <duration>1</duration>
        <voice>2</voice>
        <type>eighth</type>
        <stem default-y="-16">up</stem>
        <staff>2</staff>
        <beam number="1">continue</beam>
      </note>
      <direction placement="below">
        <direction-type>
          <words default-y="-69" font-family="Times" relative-x="5">5</words>
        </direction-type>
        <staff>2</staff>
      </direction>
      <direction placement="above">
        <direction-type>
          <wedge default-y="38" spread="15" type="diminuendo"/>
        </direction-type>
        <staff>2</staff>
      </direction>
      <note default-x="73">
        <pitch>
          <step>A</step>
          <octave>1</octave>
        </pitch>
        <duration>1</duration>
        <voice>2</voice>
        <type>eighth</type>
        <stem default-y="-16.5">up</stem>
        <staff>2</staff>
        <beam number="1">continue</beam>
      </note>
      <direction placement="below">
        <direction-type>
          <words default-y="-54" font-family="Times" relative-x="12">3</words>
        </direction-type>
        <staff>2</staff>
      </direction>
      <direction>
        <direction-type>
          <wedge spread="0" type="stop"/>
        </direction-type>
        <staff>2</staff>
      </direction>
      <note default-x="101">
        <pitch>
          <step>C</step>
          <alter>1</alter>
          <octave>2</octave>
        </pitch>
        <duration>1</duration>
        <voice>2</voice>
        <type>eighth</type>
        <stem default-y="-17.5">up</stem>
        <staff>2</staff>
        <beam number="1">end</beam>
      </note>
    </measure>
    <!--=======================================================-->
    <measure number="11" width="130">
      <note default-x="16">
        <pitch>
          <step>D</step>
          <octave>4</octave>
        </pitch>
        <duration>1</duration>
        <voice>1</voice>
        <type>eighth</type>
        <stem default-y="10">up</stem>
        <staff>1</staff>
        <beam number="1">begin</beam>
        <notations>
          <slur bezier-x="-23" bezier-y="50" default-x="8" default-y="-29" number="1" type="stop"/>
        </notations>
      </note>
      <note default-x="16">
        <chord/>
        <pitch>
          <step>F</step>
          <alter>1</alter>
          <octave>4</octave>
        </pitch>
        <duration>1</duration>
        <voice>1</voice>
        <type>eighth</type>
        <stem>up</stem>
        <staff>1</staff>
      </note>
      <direction placement="above">
        <direction-type>
          <words default-y="6" font-family="Times" relative-x="3">1</words>
        </direction-type>
        <staff>1</staff>
      </direction>
      <direction placement="above">
        <direction-type>
          <words default-y="15" font-family="Times" relative-x="6">3</words>
        </direction-type>
        <staff>1</staff>
      </direction>
      <direction placement="above">
        <direction-type>
          <words default-y="28" font-family="Times" relative-x="8">5</words>
        </direction-type>
        <staff>1</staff>
      </direction>
      <note default-x="43">
        <pitch>
          <step>D</step>
          <octave>4</octave>
        </pitch>
        <duration>1</duration>
        <voice>1</voice>
        <type>eighth</type>
        <stem default-y="15">up</stem>
        <staff>1</staff>
        <beam number="1">end</beam>
        <notations>
          <slur number="1" placement="below" type="start"/>
        </notations>
      </note>
      <note default-x="43">
        <chord/>
        <pitch>
          <step>F</step>
          <alter>1</alter>
          <octave>4</octave>
        </pitch>
        <duration>1</duration>
        <voice>1</voice>
        <type>eighth</type>
        <stem>up</stem>
        <staff>1</staff>
      </note>
      <note default-x="43">
        <chord/>
        <pitch>
          <step>B</step>
          <octave>4</octave>
        </pitch>
        <duration>1</duration>
        <voice>1</voice>
        <type>eighth</type>
        <stem>up</stem>
        <staff>1</staff>
      </note>
      <direction placement="above">
        <direction-type>
          <words default-y="19" font-family="Times" relative-x="9">2</words>
        </direction-type>
        <staff>1</staff>
      </direction>
      <direction placement="above">
        <direction-type>
          <words default-y="28" font-family="Times" relative-x="9">3</words>
        </direction-type>
        <staff>1</staff>
      </direction>
      <direction placement="above">
        <direction-type>
          <words default-y="38" font-family="Times" relative-x="9">5</words>
        </direction-type>
        <staff>1</staff>
      </direction>
      <note default-x="70">
        <pitch>
          <step>C</step>
          <alter>1</alter>
          <octave>4</octave>
        </pitch>
        <duration>1</duration>
        <voice>1</voice>
        <type>eighth</type>
        <stem default-y="10">up</stem>
        <staff>1</staff>
        <beam number="1">begin</beam>
      </note>
      <note default-x="70">
        <chord/>
        <pitch>
          <step>E</step>
          <octave>4</octave>
        </pitch>
        <duration>1</duration>
        <voice>1</voice>
        <type>eighth</type>
        <stem>up</stem>
        <staff>1</staff>
      </note>
      <note default-x="70">
        <chord/>
        <pitch>
          <step>A</step>
          <octave>4</octave>
        </pitch>
        <duration>1</duration>
        <voice>1</voice>
        <type>eighth</type>
        <stem>up</stem>
        <staff>1</staff>
      </note>
      <direction placement="above">
        <direction-type>
          <words default-y="8" font-family="Times" relative-x="12">1</words>
        </direction-type>
        <staff>1</staff>
      </direction>
      <direction placement="above">
        <direction-type>
          <words default-y="22" font-family="Times" relative-x="10">2</words>
        </direction-type>
        <staff>1</staff>
      </direction>
      <direction placement="above">
        <direction-type>
          <words default-y="32" font-family="Times" relative-x="10">5</words>
        </direction-type>
        <staff>1</staff>
      </direction>
      <note default-x="104">
        <pitch>
          <step>B</step>
          <octave>3</octave>
        </pitch>
        <duration>1</duration>
        <voice>1</voice>
        <type>eighth</type>
        <stem default-y="5">up</stem>
        <staff>1</staff>
        <beam number="1">end</beam>
      </note>
      <note default-x="104">
        <chord/>
        <pitch>
          <step>D</step>
          <octave>4</octave>
        </pitch>
        <duration>1</duration>
        <voice>1</voice>
        <type>eighth</type>
        <stem>up</stem>
        <staff>1</staff>
      </note>
      <note default-x="104">
        <chord/>
        <pitch>
          <step>G</step>
          <alter>1</alter>
          <octave>4</octave>
        </pitch>
        <duration>1</duration>
        <voice>1</voice>
        <type>eighth</type>
        <accidental>sharp</accidental>
        <stem>up</stem>
        <staff>1</staff>
      </note>
      <backup>
        <duration>4</duration>
      </backup>
      <direction placement="below">
        <direction-type>
          <words default-y="-57" font-family="Times">2</words>
        </direction-type>
        <staff>2</staff>
      </direction>
      <note default-x="16">
        <pitch>
          <step>D</step>
          <octave>2</octave>
        </pitch>
        <duration>1</duration>
        <voice>2</voice>
        <type>eighth</type>
        <stem default-y="-15">up</stem>
        <staff>2</staff>
        <beam number="1">begin</beam>
      </note>
      <direction placement="below">
        <direction-type>
          <words default-y="-67" font-family="Times" relative-x="10">4</words>
        </direction-type>
        <staff>2</staff>
      </direction>
      <note default-x="43">
        <pitch>
          <step>B</step>
          <octave>1</octave>
        </pitch>
        <duration>1</duration>
        <voice>2</voice>
        <type>eighth</type>
        <stem default-y="-15">up</stem>
        <staff>2</staff>
        <beam number="1">continue</beam>
      </note>
      <direction placement="below">
        <direction-type>
          <words default-y="-57" font-family="Times">1</words>
        </direction-type>
        <staff>2</staff>
      </direction>
      <note default-x="70">
        <pitch>
          <step>E</step>
          <octave>2</octave>
        </pitch>
        <duration>1</duration>
        <voice>2</voice>
        <type>eighth</type>
        <stem default-y="-15">up</stem>
        <staff>2</staff>
        <beam number="1">continue</beam>
      </note>
      <note default-x="104">
        <pitch>
          <step>E</step>
          <octave>2</octave>
        </pitch>
        <duration>1</duration>
        <voice>2</voice>
        <type>eighth</type>
        <stem default-y="-15">up</stem>
        <staff>2</staff>
        <beam number="1">end</beam>
      </note>
    </measure>
    <!--=======================================================-->
    <measure number="12" width="119">
      <note default-x="16">
        <pitch>
          <step>C</step>
          <alter>1</alter>
          <octave>4</octave>
        </pitch>
        <duration>2</duration>
        <voice>1</voice>
        <type>quarter</type>
        <stem default-y="10">up</stem>
        <staff>1</staff>
        <notations>
          <slur number="1" type="stop"/>
        </notations>
      </note>
      <note default-x="16">
        <chord/>
        <pitch>
          <step>A</step>
          <octave>4</octave>
        </pitch>
        <duration>2</duration>
        <voice>1</voice>
        <type>quarter</type>
        <stem>up</stem>
        <staff>1</staff>
      </note>
      <note default-x="68">
        <rest/>
        <duration>2</duration>
        <voice>1</voice>
        <type>quarter</type>
        <staff>1</staff>
      </note>
      <backup>
        <duration>4</duration>
      </backup>
      <direction placement="below">
        <direction-type>
          <words default-y="-69" font-family="Times" relative-x="7">4</words>
        </direction-type>
        <staff>2</staff>
      </direction>
      <note default-x="16">
        <pitch>
          <step>A</step>
          <octave>1</octave>
        </pitch>
        <duration>1</duration>
        <voice>2</voice>
        <type>eighth</type>
        <stem default-y="-20">up</stem>
        <staff>2</staff>
        <beam number="1">begin</beam>
      </note>
      <direction placement="below">
        <direction-type>
          <words default-y="-69" font-family="Times" relative-x="8">1</words>
        </direction-type>
        <staff>2</staff>
      </direction>
      <note default-x="42">
        <pitch>
          <step>B</step>
          <octave>1</octave>
        </pitch>
        <duration>1</duration>
        <voice>2</voice>
        <type>eighth</type>
        <stem default-y="-17.5">up</stem>
        <staff>2</staff>
        <beam number="1">end</beam>
      </note>
      <direction placement="below">
        <direction-type>
          <words default-y="-72" font-family="Times" relative-x="8">2</words>
        </direction-type>
        <staff>2</staff>
      </direction>
      <note default-x="68">
        <pitch>
          <step>A</step>
          <octave>1</octave>
        </pitch>
        <duration>1</duration>
        <voice>2</voice>
        <type>eighth</type>
        <stem default-y="-15">up</stem>
        <staff>2</staff>
        <beam number="1">begin</beam>
      </note>
      <direction placement="below">
        <direction-type>
          <words default-y="-72" font-family="Times" relative-x="8">3</words>
        </direction-type>
        <staff>2</staff>
      </direction>
      <note default-x="93">
        <pitch>
          <step>G</step>
          <octave>1</octave>
        </pitch>
        <duration>1</duration>
        <voice>2</voice>
        <type>eighth</type>
        <stem default-y="-17.5">up</stem>
        <staff>2</staff>
        <beam number="1">end</beam>
      </note>
    </measure>
    <!--=======================================================-->
    <measure number="13" width="117">
      <note default-x="16">
        <rest/>
        <duration>1</duration>
        <voice>1</voice>
        <type>eighth</type>
        <staff>1</staff>
      </note>
      <direction placement="above">
        <direction-type>
          <words default-y="3" font-family="Times" relative-x="11">1</words>
        </direction-type>
        <staff>1</staff>
      </direction>
      <direction placement="above">
        <direction-type>
          <words default-y="12" font-family="Times" relative-x="9">4</words>
        </direction-type>
        <staff>1</staff>
      </direction>
      <direction placement="below">
        <direction-type>
          <words default-x="41" default-y="-95" font-style="italic" halign="center">cresc.</words>
        </direction-type>
        <staff>1</staff>
      </direction>
      <note default-x="41">
        <pitch>
          <step>A</step>
          <octave>3</octave>
        </pitch>
        <duration>1</duration>
        <voice>1</voice>
        <type>eighth</type>
        <stem default-y="-10">up</stem>
        <staff>1</staff>
        <beam number="1">begin</beam>
        <notations>
          <slur number="1" placement="below" type="start"/>
          <articulations>
            <staccato default-x="4" default-y="-73" placement="below"/>
          </articulations>
        </notations>
      </note>
      <note default-x="41">
        <chord/>
        <pitch>
          <step>D</step>
          <octave>4</octave>
        </pitch>
        <duration>1</duration>
        <voice>1</voice>
        <type>eighth</type>
        <stem>up</stem>
        <staff>1</staff>
      </note>
      <note default-x="66">
        <pitch>
          <step>A</step>
          <octave>3</octave>
        </pitch>
        <duration>1</duration>
        <voice>1</voice>
        <type>eighth</type>
        <stem default-y="-10">up</stem>
        <staff>1</staff>
        <beam number="1">continue</beam>
        <notations>
          <articulations>
            <staccato default-x="4" default-y="-73" placement="below"/>
          </articulations>
        </notations>
      </note>
      <note default-x="66">
        <chord/>
        <pitch>
          <step>D</step>
          <octave>4</octave>
        </pitch>
        <duration>1</duration>
        <voice>1</voice>
        <type>eighth</type>
        <stem>up</stem>
        <staff>1</staff>
      </note>
      <note default-x="91">
        <pitch>
          <step>A</step>
          <octave>3</octave>
        </pitch>
        <duration>1</duration>
        <voice>1</voice>
        <type>eighth</type>
        <stem default-y="-10">up</stem>
        <staff>1</staff>
        <beam number="1">end</beam>
        <notations>
          <articulations>
            <staccato default-x="4" default-y="-73" placement="below"/>
          </articulations>
        </notations>
      </note>
      <note default-x="91">
        <chord/>
        <pitch>
          <step>D</step>
          <octave>4</octave>
        </pitch>
        <duration>1</duration>
        <voice>1</voice>
        <type>eighth</type>
        <stem>up</stem>
        <staff>1</staff>
      </note>
      <backup>
        <duration>4</duration>
      </backup>
      <direction placement="below">
        <direction-type>
          <words default-y="-79" font-family="Times" relative-x="11">4</words>
        </direction-type>
        <staff>2</staff>
      </direction>
      <note default-x="16">
        <pitch>
          <step>F</step>
          <alter>1</alter>
          <octave>1</octave>
        </pitch>
        <duration>2</duration>
        <voice>2</voice>
        <type>quarter</type>
        <stem default-y="-19.5">up</stem>
        <staff>2</staff>
      </note>
      <note default-x="66">
        <pitch>
          <step>F</step>
          <alter>1</alter>
          <octave>1</octave>
        </pitch>
        <duration>2</duration>
        <voice>2</voice>
        <type>quarter</type>
        <stem default-y="-19.5">up</stem>
        <staff>2</staff>
      </note>
    </measure>
    <!--=======================================================-->
    <measure number="14" width="149">
      <direction placement="above">
        <direction-type>
          <words default-y="2" font-family="Times">2</words>
        </direction-type>
        <staff>1</staff>
      </direction>
      <direction placement="above">
        <direction-type>
          <words default-y="13" font-family="Times">4</words>
        </direction-type>
        <staff>1</staff>
      </direction>
      <direction placement="above">
        <direction-type>
          <words default-y="26" font-family="Times">5</words>
        </direction-type>
        <staff>1</staff>
      </direction>
      <note default-x="16">
        <pitch>
          <step>B</step>
          <octave>3</octave>
        </pitch>
        <duration>1</duration>
        <voice>1</voice>
        <type>eighth</type>
        <stem default-y="-5">up</stem>
        <staff>1</staff>
        <beam number="1">begin</beam>
        <notations>
          <articulations>
            <staccato default-x="4" default-y="-68" placement="below"/>
          </articulations>
        </notations>
      </note>
      <note default-x="16">
        <chord/>
        <pitch>
          <step>D</step>
          <octave>4</octave>
        </pitch>
        <duration>1</duration>
        <voice>1</voice>
        <type>eighth</type>
        <stem>up</stem>
        <staff>1</staff>
      </note>
      <note default-x="29">
        <chord/>
        <pitch>
          <step>E</step>
          <octave>4</octave>
        </pitch>
        <duration>1</duration>
        <voice>1</voice>
        <type>eighth</type>
        <stem>up</stem>
        <staff>1</staff>
      </note>
      <note default-x="51">
        <pitch>
          <step>B</step>
          <octave>3</octave>
        </pitch>
        <duration>1</duration>
        <voice>1</voice>
        <type>eighth</type>
        <stem default-y="-5">up</stem>
        <staff>1</staff>
        <beam number="1">end</beam>
        <notations>
          <articulations>
            <staccato default-x="4" default-y="-68" placement="below"/>
          </articulations>
        </notations>
      </note>
      <note default-x="51">
        <chord/>
        <pitch>
          <step>D</step>
          <octave>4</octave>
        </pitch>
        <duration>1</duration>
        <voice>1</voice>
        <type>eighth</type>
        <stem>up</stem>
        <staff>1</staff>
      </note>
      <note default-x="64">
        <chord/>
        <pitch>
          <step>E</step>
          <octave>4</octave>
        </pitch>
        <duration>1</duration>
        <voice>1</voice>
        <type>eighth</type>
        <stem>up</stem>
        <staff>1</staff>
      </note>
      <direction placement="above">
        <direction-type>
          <words default-y="5" font-family="Times" relative-x="8">1</words>
        </direction-type>
        <staff>1</staff>
      </direction>
      <direction placement="above">
        <direction-type>
          <words default-y="15" font-family="Times" relative-x="7">3</words>
        </direction-type>
        <staff>1</staff>
      </direction>
      <direction placement="above">
        <direction-type>
          <words default-y="28" font-family="Times" relative-x="10">5</words>
        </direction-type>
        <staff>1</staff>
      </direction>
      <note default-x="92">
        <pitch>
          <step>B</step>
          <octave>3</octave>
        </pitch>
        <duration>1</duration>
        <voice>1</voice>
        <type>eighth</type>
        <stem default-y="0">up</stem>
        <staff>1</staff>
        <beam number="1">begin</beam>
        <notations>
          <articulations>
            <staccato default-x="4" default-y="-68" placement="below"/>
          </articulations>
        </notations>
      </note>
      <note default-x="92">
        <chord/>
        <pitch>
          <step>D</step>
          <octave>4</octave>
        </pitch>
        <duration>1</duration>
        <voice>1</voice>
        <type>eighth</type>
        <stem>up</stem>
        <staff>1</staff>
      </note>
      <note default-x="92">
        <chord/>
        <pitch>
          <step>F</step>
          <octave>4</octave>
        </pitch>
        <duration>1</duration>
        <voice>1</voice>
        <type>eighth</type>
        <accidental>natural</accidental>
        <stem>up</stem>
        <staff>1</staff>
      </note>
      <note default-x="121">
        <pitch>
          <step>B</step>
          <octave>3</octave>
        </pitch>
        <duration>1</duration>
        <voice>1</voice>
        <type>eighth</type>
        <stem default-y="0">up</stem>
        <staff>1</staff>
        <beam number="1">end</beam>
        <notations>
          <articulations>
            <staccato default-x="4" default-y="-68" placement="below"/>
          </articulations>
        </notations>
      </note>
      <note default-x="121">
        <chord/>
        <pitch>
          <step>D</step>
          <octave>4</octave>
        </pitch>
        <duration>1</duration>
        <voice>1</voice>
        <type>eighth</type>
        <stem>up</stem>
        <staff>1</staff>
      </note>
      <note default-x="121">
        <chord/>
        <pitch>
          <step>F</step>
          <octave>4</octave>
        </pitch>
        <duration>1</duration>
        <voice>1</voice>
        <type>eighth</type>
        <stem>up</stem>
        <staff>1</staff>
      </note>
      <backup>
        <duration>4</duration>
      </backup>
      <direction placement="below">
        <direction-type>
          <words default-y="-85" font-family="Times" relative-x="4">3</words>
        </direction-type>
        <staff>2</staff>
      </direction>
      <note default-x="16">
        <pitch>
          <step>G</step>
          <octave>1</octave>
        </pitch>
        <duration>2</duration>
        <voice>2</voice>
        <type>quarter</type>
        <stem default-y="-19.5">up</stem>
        <staff>2</staff>
      </note>
      <direction placement="below">
        <direction-type>
          <words default-y="-79" font-family="Times" relative-x="7">2</words>
        </direction-type>
        <staff>2</staff>
      </direction>
      <note default-x="92">
        <pitch>
          <step>G</step>
          <octave>1</octave>
        </pitch>
        <duration>2</duration>
        <voice>2</voice>
        <type>quarter</type>
        <stem default-y="-19.5">up</stem>
        <staff>2</staff>
      </note>
    </measure>
    <!--=======================================================-->
    <measure number="15" width="552">
      <print new-system="yes">
        <system-layout>
          <system-distance>114</system-distance>
        </system-layout>
      </print>
      <direction placement="above">
        <direction-type>
          <words default-y="9" font-family="Times" relative-x="9">1</words>
        </direction-type>
        <staff>1</staff>
      </direction>
      <direction placement="above">
        <direction-type>
          <words default-y="22" font-family="Times" relative-x="8">2</words>
        </direction-type>
        <staff>1</staff>
      </direction>
      <direction placement="above">
        <direction-type>
          <words default-y="30" font-family="Times" relative-x="8">4</words>
        </direction-type>
        <staff>1</staff>
      </direction>
      <note default-x="104">
        <pitch>
          <step>A</step>
          <octave>3</octave>
        </pitch>
        <duration>1</duration>
        <voice>1</voice>
        <type>eighth</type>
        <stem default-y="5">up</stem>
        <staff>1</staff>
        <beam number="1">begin</beam>
        <notations>
          <slur number="1" type="stop"/>
          <articulations>
            <staccato default-x="3" default-y="-74" placement="below"/>
          </articulations>
        </notations>
      </note>
      <note default-x="104">
        <chord/>
        <pitch>
          <step>D</step>
          <octave>4</octave>
        </pitch>
        <duration>1</duration>
        <voice>1</voice>
        <type>eighth</type>
        <stem>up</stem>
        <staff>1</staff>
      </note>
      <note default-x="104">
        <chord/>
        <pitch>
          <step>F</step>
          <alter>1</alter>
          <octave>4</octave>
        </pitch>
        <duration>1</duration>
        <voice>1</voice>
        <type>eighth</type>
        <accidental>sharp</accidental>
        <stem>up</stem>
        <staff>1</staff>
      </note>
      <direction placement="above">
        <direction-type>
          <words default-y="13" font-family="Times" relative-x="7">3</words>
        </direction-type>
        <staff>1</staff>
      </direction>
      <direction placement="above">
        <direction-type>
          <words default-y="24" font-family="Times" relative-x="5">5</words>
        </direction-type>
        <staff>1</staff>
      </direction>
      <direction placement="below">
        <direction-type>
          <words default-x="216" default-y="-73" font-style="italic" halign="center" xml:space="preserve">dim.
</words>
        </direction-type>
        <staff>1</staff>
      </direction>
      <note default-x="216">
        <pitch>
          <step>F</step>
          <alter>1</alter>
          <octave>4</octave>
        </pitch>
        <duration>1</duration>
        <voice>1</voice>
        <type>eighth</type>
        <stem default-y="10">up</stem>
        <staff>1</staff>
        <beam number="1">end</beam>
        <notations>
          <slur number="1" placement="below" type="start"/>
          <articulations>
            <staccato default-x="4" default-y="-48" placement="below"/>
          </articulations>
        </notations>
      </note>
      <note default-x="216">
        <chord/>
        <pitch>
          <step>A</step>
          <octave>4</octave>
        </pitch>
        <duration>1</duration>
        <voice>1</voice>
        <type>eighth</type>
        <stem>up</stem>
        <staff>1</staff>
      </note>
      <direction placement="above">
        <direction-type>
          <words default-y="8" font-family="Times" relative-x="7">2</words>
        </direction-type>
        <staff>1</staff>
      </direction>
      <direction placement="above">
        <direction-type>
          <words default-y="25" font-family="Times" relative-x="6">4</words>
        </direction-type>
        <staff>1</staff>
      </direction>
      <note default-x="328">
        <pitch>
          <step>E</step>
          <octave>4</octave>
        </pitch>
        <duration>1</duration>
        <voice>1</voice>
        <type>eighth</type>
        <stem default-y="5">up</stem>
        <staff>1</staff>
        <beam number="1">begin</beam>
        <notations>
          <articulations>
            <staccato default-x="4" default-y="-54" placement="below"/>
          </articulations>
        </notations>
      </note>
      <note default-x="328">
        <chord/>
        <pitch>
          <step>G</step>
          <octave>4</octave>
        </pitch>
        <duration>1</duration>
        <voice>1</voice>
        <type>eighth</type>
        <stem>up</stem>
        <staff>1</staff>
      </note>
      <direction placement="above">
        <direction-type>
          <words default-y="6" font-family="Times" relative-x="5">5</words>
        </direction-type>
        <staff>1</staff>
      </direction>
      <note default-x="439">
        <pitch>
          <step>G</step>
          <octave>3</octave>
        </pitch>
        <duration>1</duration>
        <voice>1</voice>
        <type>eighth</type>
        <stem default-y="5">up</stem>
        <staff>1</staff>
        <beam number="1">end</beam>
        <notations>
          <articulations>
            <staccato default-x="4" default-y="-78" placement="below"/>
          </articulations>
        </notations>
      </note>
      <note default-x="439">
        <chord/>
        <pitch>
          <step>E</step>
          <octave>4</octave>
        </pitch>
        <duration>1</duration>
        <voice>1</voice>
        <type>eighth</type>
        <stem>up</stem>
        <staff>1</staff>
      </note>
      <note default-x="439">
        <chord/>
        <pitch>
          <step>G</step>
          <octave>4</octave>
        </pitch>
        <duration>1</duration>
        <voice>1</voice>
        <type>eighth</type>
        <stem>up</stem>
        <staff>1</staff>
      </note>
      <backup>
        <duration>4</duration>
      </backup>
      <direction placement="below">
        <direction-type>
          <words default-y="-80" font-family="Times" relative-x="6">1-5</words>
        </direction-type>
        <staff>2</staff>
      </direction>
      <note default-x="104">
        <pitch>
          <step>A</step>
          <octave>1</octave>
        </pitch>
        <duration>3</duration>
        <voice>2</voice>
        <type>quarter</type>
        <dot/>
        <stem default-y="-19">up</stem>
        <staff>2</staff>
      </note>
      <note default-x="439">
        <pitch>
          <step>A</step>
          <octave>2</octave>
        </pitch>
        <duration>1</duration>
        <voice>2</voice>
        <type>eighth</type>
        <stem default-y="1">up</stem>
        <staff>2</staff>
      </note>
    </measure>
    <!--=======================================================-->
    <measure number="16" width="431">
      <direction placement="above">
        <direction-type>
          <words default-y="8" font-family="Times" relative-x="8">1</words>
        </direction-type>
        <staff>1</staff>
      </direction>
      <direction placement="above">
        <direction-type>
          <words default-y="15" font-family="Times" relative-x="5">4</words>
        </direction-type>
        <staff>1</staff>
      </direction>
      <direction placement="below">
        <direction-type>
          <dynamics default-x="16" default-y="-105" halign="center">
            <p/>
          </dynamics>
        </direction-type>
        <staff>1</staff>
        <sound dynamics="54"/>
      </direction>
      <note default-x="16">
        <pitch>
          <step>F</step>
          <alter>1</alter>
          <octave>3</octave>
        </pitch>
        <duration>2</duration>
        <voice>1</voice>
        <type>quarter</type>
        <stem default-y="-9.5">up</stem>
        <staff>1</staff>
        <notations>
          <slur number="1" type="stop"/>
        </notations>
      </note>
      <note default-x="16">
        <chord/>
        <pitch>
          <step>D</step>
          <octave>4</octave>
        </pitch>
        <duration>2</duration>
        <voice>1</voice>
        <type>quarter</type>
        <stem>up</stem>
        <staff>1</staff>
      </note>
      <note default-x="214">
        <rest/>
        <duration>2</duration>
        <voice>1</voice>
        <type>quarter</type>
        <staff>1</staff>
      </note>
      <backup>
        <duration>4</duration>
      </backup>
      <note default-x="16">
        <pitch>
          <step>D</step>
          <octave>2</octave>
        </pitch>
        <duration>1</duration>
        <voice>2</voice>
        <type>eighth</type>
        <stem default-y="15">up</stem>
        <staff>2</staff>
        <beam number="1">begin</beam>
        <notations>
          <articulations>
            <staccato default-x="4" default-y="-68" placement="below"/>
          </articulations>
        </notations>
      </note>
      <note default-x="115">
        <pitch>
          <step>D</step>
          <octave>3</octave>
        </pitch>
        <duration>1</duration>
        <voice>2</voice>
        <type>eighth</type>
        <stem default-y="15">up</stem>
        <staff>2</staff>
        <beam number="1">continue</beam>
        <notations>
          <articulations>
            <staccato default-x="4" default-y="-37" placement="below"/>
          </articulations>
        </notations>
      </note>
      <note default-x="214">
        <pitch>
          <step>D</step>
          <octave>2</octave>
        </pitch>
        <duration>1</duration>
        <voice>2</voice>
        <type>eighth</type>
        <stem default-y="15">up</stem>
        <staff>2</staff>
        <beam number="1">end</beam>
        <notations>
          <articulations>
            <staccato default-x="4" default-y="-68" placement="below"/>
          </articulations>
        </notations>
      </note>
      <note default-x="313">
        <rest/>
        <duration>1</duration>
        <voice>2</voice>
        <type>eighth</type>
        <staff>2</staff>
      </note>
      <barline location="right">
        <bar-style>light-heavy</bar-style>
        <repeat direction="backward" winged="none"/>
      </barline>
    </measure>
  </part>
  <!--=========================================================-->
</score-partwise>
