<?xml version="1.0" encoding="UTF-8" standalone="no"?>
<!DOCTYPE score-partwise PUBLIC "-//Recordare//DTD MusicXML 3.0 Partwise//EN" "http://www.musicxml.org/dtds/partwise.dtd">
<score-partwise version="3.0">
  <movement-title>Czerny No. 27</movement-title>
  <identification>
    <rights>©</rights>
    <encoding>
      <software>PrintMusic 2014 for Windows</software>
      <software>Dolet Light for PrintMusic 2014</software>
      <encoding-date>2014-10-28</encoding-date>
      <supports attribute="new-system" element="print" type="yes" value="yes"/>
      <supports attribute="new-page" element="print" type="yes" value="yes"/>
      <supports element="accidental" type="yes"/>
      <supports element="beam" type="yes"/>
      <supports element="stem" type="yes"/>
    </encoding>
  </identification>
  <defaults>
    <scaling>
      <millimeters>7.2319</millimeters>
      <tenths>40</tenths>
    </scaling>
    <page-layout>
      <page-height>1545</page-height>
      <page-width>1194</page-width>
      <page-margins type="both">
        <left-margin>140</left-margin>
        <right-margin>70</right-margin>
        <top-margin>88</top-margin>
        <bottom-margin>88</bottom-margin>
      </page-margins>
    </page-layout>
    <system-layout>
      <system-margins>
        <left-margin>0</left-margin>
        <right-margin>0</right-margin>
      </system-margins>
      <system-distance>121</system-distance>
      <top-system-distance>70</top-system-distance>
    </system-layout>
    <staff-layout>
      <staff-distance>80</staff-distance>
    </staff-layout>
    <appearance>
      <line-width type="stem">0.7487</line-width>
      <line-width type="beam">5</line-width>
      <line-width type="staff">0.7487</line-width>
      <line-width type="light barline">0.7487</line-width>
      <line-width type="heavy barline">5</line-width>
      <line-width type="leger">0.7487</line-width>
      <line-width type="ending">0.7487</line-width>
      <line-width type="wedge">0.7487</line-width>
      <line-width type="enclosure">0.7487</line-width>
      <line-width type="tuplet bracket">0.7487</line-width>
      <note-size type="grace">60</note-size>
      <note-size type="cue">60</note-size>
      <distance type="hyphen">120</distance>
      <distance type="beam">8</distance>
    </appearance>
    <music-font font-family="Maestro,engraved" font-size="20.5"/>
    <word-font font-family="Times New Roman" font-size="10.25"/>
  </defaults>
  <credit page="1">
    <credit-type>title</credit-type>
    <credit-words default-x="632" default-y="1440" font-size="24" justify="center" valign="top">Czerny No. 27</credit-words>
  </credit>
  <credit page="1">
    <credit-type>rights</credit-type>
    <credit-words default-x="632" default-y="70" font-size="10" justify="center" valign="bottom">©</credit-words>
  </credit>
  <part-list>
    <score-part id="P1">
      <part-name>Piano</part-name>
      <part-abbreviation>Pno.</part-abbreviation>
      <score-instrument id="P1-I1">
        <instrument-name>SmartMusic SoftSynth</instrument-name>
        <instrument-sound>keyboard.piano</instrument-sound>
        <virtual-instrument/>
      </score-instrument>
      <midi-device>Bank 1</midi-device>
      <midi-instrument id="P1-I1">
        <midi-channel>1</midi-channel>
        <midi-bank>15489</midi-bank>
        <midi-program>1</midi-program>
        <volume>80</volume>
        <pan>0</pan>
      </midi-instrument>
    </score-part>
  </part-list>
  <!--=========================================================-->
  <part id="P1">
    <measure number="1" width="405">
      <print>
        <system-layout>
          <system-margins>
            <left-margin>70</left-margin>
            <right-margin>0</right-margin>
          </system-margins>
          <top-system-distance>152</top-system-distance>
        </system-layout>
        <measure-numbering>system</measure-numbering>
      </print>
      <attributes>
        <divisions>4</divisions>
        <key>
          <fifths>0</fifths>
          <mode>major</mode>
        </key>
        <time symbol="common">
          <beats>4</beats>
          <beat-type>4</beat-type>
        </time>
        <staves>2</staves>
        <clef number="1">
          <sign>G</sign>
          <line>2</line>
        </clef>
        <clef number="2">
          <sign>G</sign>
          <line>2</line>
        </clef>
      </attributes>
      <sound tempo="120"/>
      <direction placement="above">
        <direction-type>
          <words default-y="8" font-family="Times" relative-x="8">4</words>
        </direction-type>
        <staff>1</staff>
      </direction>
      <note default-x="86">
        <pitch>
          <step>C</step>
          <octave>5</octave>
        </pitch>
        <duration>1</duration>
        <voice>1</voice>
        <type>16th</type>
        <stem default-y="20">up</stem>
        <staff>1</staff>
        <beam number="1">begin</beam>
        <beam number="2">begin</beam>
        <notations>
          <slur number="1" placement="above" type="start"/>
        </notations>
      </note>
      <direction placement="below">
        <direction-type>
          <words default-y="-44" font-family="Times" relative-x="5">1</words>
        </direction-type>
        <staff>1</staff>
      </direction>
      <note default-x="106">
        <pitch>
          <step>G</step>
          <octave>4</octave>
        </pitch>
        <duration>1</duration>
        <voice>1</voice>
        <type>16th</type>
        <stem default-y="18.5">up</stem>
        <staff>1</staff>
        <beam number="1">continue</beam>
        <beam number="2">continue</beam>
      </note>
      <note default-x="126">
        <pitch>
          <step>A</step>
          <octave>4</octave>
        </pitch>
        <duration>1</duration>
        <voice>1</voice>
        <type>16th</type>
        <stem default-y="16.5">up</stem>
        <staff>1</staff>
        <beam number="1">continue</beam>
        <beam number="2">continue</beam>
      </note>
      <note default-x="146">
        <pitch>
          <step>B</step>
          <octave>4</octave>
        </pitch>
        <duration>1</duration>
        <voice>1</voice>
        <type>16th</type>
        <stem default-y="15">up</stem>
        <staff>1</staff>
        <beam number="1">end</beam>
        <beam number="2">end</beam>
      </note>
      <note default-x="166">
        <pitch>
          <step>C</step>
          <octave>5</octave>
        </pitch>
        <duration>1</duration>
        <voice>1</voice>
        <type>16th</type>
        <stem default-y="20">up</stem>
        <staff>1</staff>
        <beam number="1">begin</beam>
        <beam number="2">begin</beam>
      </note>
      <note default-x="185">
        <pitch>
          <step>G</step>
          <octave>4</octave>
        </pitch>
        <duration>1</duration>
        <voice>1</voice>
        <type>16th</type>
        <stem default-y="18.5">up</stem>
        <staff>1</staff>
        <beam number="1">continue</beam>
        <beam number="2">continue</beam>
      </note>
      <note default-x="205">
        <pitch>
          <step>A</step>
          <octave>4</octave>
        </pitch>
        <duration>1</duration>
        <voice>1</voice>
        <type>16th</type>
        <stem default-y="16.5">up</stem>
        <staff>1</staff>
        <beam number="1">continue</beam>
        <beam number="2">continue</beam>
      </note>
      <note default-x="225">
        <pitch>
          <step>B</step>
          <octave>4</octave>
        </pitch>
        <duration>1</duration>
        <voice>1</voice>
        <type>16th</type>
        <stem default-y="15">up</stem>
        <staff>1</staff>
        <beam number="1">end</beam>
        <beam number="2">end</beam>
      </note>
      <note default-x="245">
        <pitch>
          <step>C</step>
          <octave>5</octave>
        </pitch>
        <duration>1</duration>
        <voice>1</voice>
        <type>16th</type>
        <stem default-y="20">up</stem>
        <staff>1</staff>
        <beam number="1">begin</beam>
        <beam number="2">begin</beam>
      </note>
      <note default-x="265">
        <pitch>
          <step>G</step>
          <octave>4</octave>
        </pitch>
        <duration>1</duration>
        <voice>1</voice>
        <type>16th</type>
        <stem default-y="18.5">up</stem>
        <staff>1</staff>
        <beam number="1">continue</beam>
        <beam number="2">continue</beam>
      </note>
      <note default-x="285">
        <pitch>
          <step>A</step>
          <octave>4</octave>
        </pitch>
        <duration>1</duration>
        <voice>1</voice>
        <type>16th</type>
        <stem default-y="16.5">up</stem>
        <staff>1</staff>
        <beam number="1">continue</beam>
        <beam number="2">continue</beam>
      </note>
      <direction placement="above">
        <direction-type>
          <words default-y="19" font-family="Times">3</words>
        </direction-type>
        <staff>1</staff>
      </direction>
      <note default-x="305">
        <pitch>
          <step>B</step>
          <octave>4</octave>
        </pitch>
        <duration>1</duration>
        <voice>1</voice>
        <type>16th</type>
        <stem default-y="15">up</stem>
        <staff>1</staff>
        <beam number="1">end</beam>
        <beam number="2">end</beam>
      </note>
      <direction placement="above">
        <direction-type>
          <words default-y="22" font-family="Times" relative-x="8">1</words>
        </direction-type>
        <staff>1</staff>
      </direction>
      <note default-x="325">
        <pitch>
          <step>C</step>
          <octave>5</octave>
        </pitch>
        <duration>1</duration>
        <voice>1</voice>
        <type>16th</type>
        <stem default-y="-50">down</stem>
        <staff>1</staff>
        <beam number="1">begin</beam>
        <beam number="2">begin</beam>
      </note>
      <note default-x="344">
        <pitch>
          <step>D</step>
          <octave>5</octave>
        </pitch>
        <duration>1</duration>
        <voice>1</voice>
        <type>16th</type>
        <stem default-y="-48">down</stem>
        <staff>1</staff>
        <beam number="1">continue</beam>
        <beam number="2">continue</beam>
      </note>
      <note default-x="364">
        <pitch>
          <step>E</step>
          <octave>5</octave>
        </pitch>
        <duration>1</duration>
        <voice>1</voice>
        <type>16th</type>
        <stem default-y="-47">down</stem>
        <staff>1</staff>
        <beam number="1">continue</beam>
        <beam number="2">continue</beam>
      </note>
      <note default-x="384">
        <pitch>
          <step>F</step>
          <octave>5</octave>
        </pitch>
        <duration>1</duration>
        <voice>1</voice>
        <type>16th</type>
        <stem default-y="-45">down</stem>
        <staff>1</staff>
        <beam number="1">end</beam>
        <beam number="2">end</beam>
      </note>
      <backup>
        <duration>16</duration>
      </backup>
      <direction placement="below">
        <direction-type>
          <words default-y="-52" font-family="Times" relative-x="8">2</words>
        </direction-type>
        <staff>2</staff>
      </direction>
      <direction placement="below">
        <direction-type>
          <words default-y="-69" font-family="Times" relative-x="8">4</words>
        </direction-type>
        <staff>2</staff>
      </direction>
      <note default-x="86">
        <pitch>
          <step>C</step>
          <octave>4</octave>
        </pitch>
        <duration>4</duration>
        <voice>2</voice>
        <type>quarter</type>
        <stem default-y="-4">up</stem>
        <staff>2</staff>
      </note>
      <note default-x="86">
        <chord/>
        <pitch>
          <step>E</step>
          <octave>4</octave>
        </pitch>
        <duration>4</duration>
        <voice>2</voice>
        <type>quarter</type>
        <stem>up</stem>
        <staff>2</staff>
      </note>
      <note default-x="166">
        <pitch>
          <step>C</step>
          <octave>4</octave>
        </pitch>
        <duration>4</duration>
        <voice>2</voice>
        <type>quarter</type>
        <stem default-y="-4">up</stem>
        <staff>2</staff>
      </note>
      <note default-x="166">
        <chord/>
        <pitch>
          <step>E</step>
          <octave>4</octave>
        </pitch>
        <duration>4</duration>
        <voice>2</voice>
        <type>quarter</type>
        <stem>up</stem>
        <staff>2</staff>
      </note>
      <note default-x="245">
        <pitch>
          <step>C</step>
          <octave>4</octave>
        </pitch>
        <duration>4</duration>
        <voice>2</voice>
        <type>quarter</type>
        <stem default-y="-4">up</stem>
        <staff>2</staff>
      </note>
      <note default-x="245">
        <chord/>
        <pitch>
          <step>E</step>
          <octave>4</octave>
        </pitch>
        <duration>4</duration>
        <voice>2</voice>
        <type>quarter</type>
        <stem>up</stem>
        <staff>2</staff>
      </note>
      <note default-x="325">
        <pitch>
          <step>C</step>
          <octave>4</octave>
        </pitch>
        <duration>4</duration>
        <voice>2</voice>
        <type>quarter</type>
        <stem default-y="-4">up</stem>
        <staff>2</staff>
      </note>
      <note default-x="325">
        <chord/>
        <pitch>
          <step>E</step>
          <octave>4</octave>
        </pitch>
        <duration>4</duration>
        <voice>2</voice>
        <type>quarter</type>
        <stem>up</stem>
        <staff>2</staff>
      </note>
    </measure>
    <!--=======================================================-->
    <measure number="2" width="288">
      <direction placement="above">
        <direction-type>
          <words default-y="25" font-family="Times" relative-x="8">5</words>
        </direction-type>
        <staff>1</staff>
      </direction>
      <note default-x="16">
        <pitch>
          <step>G</step>
          <octave>5</octave>
        </pitch>
        <duration>1</duration>
        <voice>1</voice>
        <type>16th</type>
        <stem default-y="-50">down</stem>
        <staff>1</staff>
        <beam number="1">begin</beam>
        <beam number="2">begin</beam>
      </note>
      <note default-x="36">
        <pitch>
          <step>C</step>
          <octave>5</octave>
        </pitch>
        <duration>1</duration>
        <voice>1</voice>
        <type>16th</type>
        <stem default-y="-50">down</stem>
        <staff>1</staff>
        <beam number="1">continue</beam>
        <beam number="2">continue</beam>
      </note>
      <note default-x="55">
        <pitch>
          <step>D</step>
          <octave>5</octave>
        </pitch>
        <duration>1</duration>
        <voice>1</voice>
        <type>16th</type>
        <stem default-y="-50">down</stem>
        <staff>1</staff>
        <beam number="1">continue</beam>
        <beam number="2">continue</beam>
      </note>
      <direction placement="above">
        <direction-type>
          <words default-y="18" font-family="Times" relative-x="4">3</words>
        </direction-type>
        <staff>1</staff>
      </direction>
      <note default-x="75">
        <pitch>
          <step>E</step>
          <octave>5</octave>
        </pitch>
        <duration>1</duration>
        <voice>1</voice>
        <type>16th</type>
        <stem default-y="-50">down</stem>
        <staff>1</staff>
        <beam number="1">end</beam>
        <beam number="2">end</beam>
      </note>
      <direction placement="above">
        <direction-type>
          <words default-y="22" font-family="Times" relative-x="6">1</words>
        </direction-type>
        <staff>1</staff>
      </direction>
      <note default-x="94">
        <pitch>
          <step>F</step>
          <octave>5</octave>
        </pitch>
        <duration>1</duration>
        <voice>1</voice>
        <type>16th</type>
        <stem default-y="-35">down</stem>
        <staff>1</staff>
        <beam number="1">begin</beam>
        <beam number="2">begin</beam>
      </note>
      <note default-x="114">
        <pitch>
          <step>G</step>
          <octave>5</octave>
        </pitch>
        <duration>1</duration>
        <voice>1</voice>
        <type>16th</type>
        <stem default-y="-34">down</stem>
        <staff>1</staff>
        <beam number="1">continue</beam>
        <beam number="2">continue</beam>
      </note>
      <note default-x="135">
        <pitch>
          <step>A</step>
          <octave>5</octave>
        </pitch>
        <duration>1</duration>
        <voice>1</voice>
        <type>16th</type>
        <stem default-y="-33">down</stem>
        <staff>1</staff>
        <beam number="1">continue</beam>
        <beam number="2">continue</beam>
      </note>
      <direction placement="above">
        <direction-type>
          <words default-y="34" font-family="Times" relative-x="5">4</words>
        </direction-type>
        <staff>1</staff>
      </direction>
      <note default-x="159">
        <pitch>
          <step>B</step>
          <octave>5</octave>
        </pitch>
        <duration>1</duration>
        <voice>1</voice>
        <type>16th</type>
        <stem default-y="-33">down</stem>
        <staff>1</staff>
        <beam number="1">end</beam>
        <beam number="2">end</beam>
      </note>
      <note default-x="183">
        <pitch>
          <step>C</step>
          <octave>6</octave>
        </pitch>
        <duration>2</duration>
        <voice>1</voice>
        <type>eighth</type>
        <stem default-y="-40">down</stem>
        <staff>1</staff>
        <beam number="1">begin</beam>
        <notations>
          <slur number="1" type="stop"/>
        </notations>
      </note>
      <direction placement="above">
        <direction-type>
          <words default-y="22" font-family="Times" relative-x="5">1</words>
        </direction-type>
        <staff>1</staff>
      </direction>
      <direction placement="above">
        <direction-type>
          <words default-y="37" font-family="Times" relative-x="5">3</words>
        </direction-type>
        <staff>1</staff>
      </direction>
      <note default-x="209">
        <pitch>
          <step>E</step>
          <octave>5</octave>
        </pitch>
        <duration>2</duration>
        <voice>1</voice>
        <type>eighth</type>
        <stem default-y="-40">down</stem>
        <staff>1</staff>
        <beam number="1">continue</beam>
      </note>
      <note default-x="209">
        <chord/>
        <pitch>
          <step>G</step>
          <octave>5</octave>
        </pitch>
        <duration>2</duration>
        <voice>1</voice>
        <type>eighth</type>
        <stem>down</stem>
        <staff>1</staff>
      </note>
      <note default-x="235">
        <pitch>
          <step>E</step>
          <octave>5</octave>
        </pitch>
        <duration>2</duration>
        <voice>1</voice>
        <type>eighth</type>
        <stem default-y="-40">down</stem>
        <staff>1</staff>
        <beam number="1">continue</beam>
      </note>
      <note default-x="235">
        <chord/>
        <pitch>
          <step>G</step>
          <octave>5</octave>
        </pitch>
        <duration>2</duration>
        <voice>1</voice>
        <type>eighth</type>
        <stem>down</stem>
        <staff>1</staff>
      </note>
      <note default-x="261">
        <pitch>
          <step>E</step>
          <octave>5</octave>
        </pitch>
        <duration>2</duration>
        <voice>1</voice>
        <type>eighth</type>
        <stem default-y="-40">down</stem>
        <staff>1</staff>
        <beam number="1">end</beam>
      </note>
      <note default-x="261">
        <chord/>
        <pitch>
          <step>G</step>
          <octave>5</octave>
        </pitch>
        <duration>2</duration>
        <voice>1</voice>
        <type>eighth</type>
        <stem>down</stem>
        <staff>1</staff>
      </note>
      <backup>
        <duration>16</duration>
      </backup>
      <note default-x="16">
        <pitch>
          <step>C</step>
          <octave>4</octave>
        </pitch>
        <duration>4</duration>
        <voice>2</voice>
        <type>quarter</type>
        <stem default-y="-4">up</stem>
        <staff>2</staff>
      </note>
      <note default-x="16">
        <chord/>
        <pitch>
          <step>E</step>
          <octave>4</octave>
        </pitch>
        <duration>4</duration>
        <voice>2</voice>
        <type>quarter</type>
        <stem>up</stem>
        <staff>2</staff>
      </note>
      <note default-x="94">
        <pitch>
          <step>C</step>
          <octave>4</octave>
        </pitch>
        <duration>4</duration>
        <voice>2</voice>
        <type>quarter</type>
        <stem default-y="-4">up</stem>
        <staff>2</staff>
      </note>
      <note default-x="94">
        <chord/>
        <pitch>
          <step>E</step>
          <octave>4</octave>
        </pitch>
        <duration>4</duration>
        <voice>2</voice>
        <type>quarter</type>
        <stem>up</stem>
        <staff>2</staff>
      </note>
      <note default-x="183">
        <pitch>
          <step>C</step>
          <octave>4</octave>
        </pitch>
        <duration>4</duration>
        <voice>2</voice>
        <type>quarter</type>
        <stem default-y="-4">up</stem>
        <staff>2</staff>
      </note>
      <note default-x="183">
        <chord/>
        <pitch>
          <step>E</step>
          <octave>4</octave>
        </pitch>
        <duration>4</duration>
        <voice>2</voice>
        <type>quarter</type>
        <stem>up</stem>
        <staff>2</staff>
      </note>
      <note default-x="235">
        <pitch>
          <step>C</step>
          <octave>4</octave>
        </pitch>
        <duration>4</duration>
        <voice>2</voice>
        <type>quarter</type>
        <stem default-y="-4">up</stem>
        <staff>2</staff>
      </note>
      <note default-x="235">
        <chord/>
        <pitch>
          <step>E</step>
          <octave>4</octave>
        </pitch>
        <duration>4</duration>
        <voice>2</voice>
        <type>quarter</type>
        <stem>up</stem>
        <staff>2</staff>
      </note>
    </measure>
    <!--=======================================================-->
    <measure number="3" width="220">
      <note default-x="16">
        <pitch>
          <step>F</step>
          <octave>5</octave>
        </pitch>
        <duration>2</duration>
        <voice>1</voice>
        <type>eighth</type>
        <stem default-y="-35">down</stem>
        <staff>1</staff>
        <beam number="1">begin</beam>
      </note>
      <note default-x="42">
        <pitch>
          <step>F</step>
          <octave>5</octave>
        </pitch>
        <duration>2</duration>
        <voice>1</voice>
        <type>eighth</type>
        <stem default-y="-35">down</stem>
        <staff>1</staff>
        <beam number="1">continue</beam>
      </note>
      <note default-x="42">
        <chord/>
        <pitch>
          <step>D</step>
          <octave>6</octave>
        </pitch>
        <duration>2</duration>
        <voice>1</voice>
        <type>eighth</type>
        <stem>down</stem>
        <staff>1</staff>
      </note>
      <note default-x="67">
        <pitch>
          <step>F</step>
          <octave>5</octave>
        </pitch>
        <duration>2</duration>
        <voice>1</voice>
        <type>eighth</type>
        <stem default-y="-35">down</stem>
        <staff>1</staff>
        <beam number="1">continue</beam>
      </note>
      <note default-x="67">
        <chord/>
        <pitch>
          <step>D</step>
          <octave>6</octave>
        </pitch>
        <duration>2</duration>
        <voice>1</voice>
        <type>eighth</type>
        <stem>down</stem>
        <staff>1</staff>
      </note>
      <note default-x="92">
        <pitch>
          <step>F</step>
          <octave>5</octave>
        </pitch>
        <duration>2</duration>
        <voice>1</voice>
        <type>eighth</type>
        <stem default-y="-35">down</stem>
        <staff>1</staff>
        <beam number="1">end</beam>
      </note>
      <note default-x="92">
        <chord/>
        <pitch>
          <step>D</step>
          <octave>6</octave>
        </pitch>
        <duration>2</duration>
        <voice>1</voice>
        <type>eighth</type>
        <stem>down</stem>
        <staff>1</staff>
      </note>
      <note default-x="118">
        <pitch>
          <step>E</step>
          <octave>5</octave>
        </pitch>
        <duration>2</duration>
        <voice>1</voice>
        <type>eighth</type>
        <stem default-y="-40">down</stem>
        <staff>1</staff>
        <beam number="1">begin</beam>
      </note>
      <note default-x="143">
        <pitch>
          <step>E</step>
          <octave>5</octave>
        </pitch>
        <duration>2</duration>
        <voice>1</voice>
        <type>eighth</type>
        <stem default-y="-40">down</stem>
        <staff>1</staff>
        <beam number="1">continue</beam>
      </note>
      <note default-x="143">
        <chord/>
        <pitch>
          <step>C</step>
          <octave>6</octave>
        </pitch>
        <duration>2</duration>
        <voice>1</voice>
        <type>eighth</type>
        <stem>down</stem>
        <staff>1</staff>
      </note>
      <note default-x="168">
        <pitch>
          <step>E</step>
          <octave>5</octave>
        </pitch>
        <duration>2</duration>
        <voice>1</voice>
        <type>eighth</type>
        <stem default-y="-40">down</stem>
        <staff>1</staff>
        <beam number="1">continue</beam>
      </note>
      <note default-x="168">
        <chord/>
        <pitch>
          <step>C</step>
          <octave>6</octave>
        </pitch>
        <duration>2</duration>
        <voice>1</voice>
        <type>eighth</type>
        <stem>down</stem>
        <staff>1</staff>
      </note>
      <note default-x="194">
        <pitch>
          <step>E</step>
          <octave>5</octave>
        </pitch>
        <duration>2</duration>
        <voice>1</voice>
        <type>eighth</type>
        <stem default-y="-40">down</stem>
        <staff>1</staff>
        <beam number="1">end</beam>
      </note>
      <note default-x="194">
        <chord/>
        <pitch>
          <step>C</step>
          <octave>6</octave>
        </pitch>
        <duration>2</duration>
        <voice>1</voice>
        <type>eighth</type>
        <stem>down</stem>
        <staff>1</staff>
      </note>
      <backup>
        <duration>16</duration>
      </backup>
      <note default-x="16">
        <pitch>
          <step>B</step>
          <octave>3</octave>
        </pitch>
        <duration>4</duration>
        <voice>2</voice>
        <type>quarter</type>
        <stem default-y="5.5">up</stem>
        <staff>2</staff>
      </note>
      <note default-x="16">
        <chord/>
        <pitch>
          <step>G</step>
          <octave>4</octave>
        </pitch>
        <duration>4</duration>
        <voice>2</voice>
        <type>quarter</type>
        <stem>up</stem>
        <staff>2</staff>
      </note>
      <note default-x="67">
        <pitch>
          <step>B</step>
          <octave>3</octave>
        </pitch>
        <duration>4</duration>
        <voice>2</voice>
        <type>quarter</type>
        <stem default-y="5.5">up</stem>
        <staff>2</staff>
      </note>
      <note default-x="67">
        <chord/>
        <pitch>
          <step>G</step>
          <octave>4</octave>
        </pitch>
        <duration>4</duration>
        <voice>2</voice>
        <type>quarter</type>
        <stem>up</stem>
        <staff>2</staff>
      </note>
      <direction placement="below">
        <direction-type>
          <words default-y="-62" font-family="Times" relative-x="6">4</words>
        </direction-type>
        <staff>2</staff>
      </direction>
      <note default-x="118">
        <pitch>
          <step>C</step>
          <octave>4</octave>
        </pitch>
        <duration>4</duration>
        <voice>2</voice>
        <type>quarter</type>
        <stem default-y="5.5">up</stem>
        <staff>2</staff>
      </note>
      <note default-x="118">
        <chord/>
        <pitch>
          <step>G</step>
          <octave>4</octave>
        </pitch>
        <duration>4</duration>
        <voice>2</voice>
        <type>quarter</type>
        <stem>up</stem>
        <staff>2</staff>
      </note>
      <direction placement="below">
        <direction-type>
          <words default-y="-63" font-family="Times">3</words>
        </direction-type>
        <staff>2</staff>
      </direction>
      <note default-x="168">
        <pitch>
          <step>C</step>
          <octave>4</octave>
        </pitch>
        <duration>4</duration>
        <voice>2</voice>
        <type>quarter</type>
        <stem default-y="5.5">up</stem>
        <staff>2</staff>
      </note>
      <note default-x="168">
        <chord/>
        <pitch>
          <step>G</step>
          <octave>4</octave>
        </pitch>
        <duration>4</duration>
        <voice>2</voice>
        <type>quarter</type>
        <stem>up</stem>
        <staff>2</staff>
      </note>
    </measure>
    <!--=======================================================-->
    <measure number="4" width="282">
      <print new-system="yes">
        <system-layout>
          <system-distance>114</system-distance>
        </system-layout>
      </print>
      <direction placement="above">
        <direction-type>
          <words default-y="8" font-family="Times" relative-x="10">2</words>
        </direction-type>
        <staff>1</staff>
      </direction>
      <note default-x="55">
        <pitch>
          <step>D</step>
          <octave>5</octave>
        </pitch>
        <duration>2</duration>
        <voice>1</voice>
        <type>eighth</type>
        <stem default-y="-45">down</stem>
        <staff>1</staff>
        <beam number="1">begin</beam>
      </note>
      <direction placement="above">
        <direction-type>
          <words default-y="25" font-family="Times" relative-x="8">1</words>
        </direction-type>
        <staff>1</staff>
      </direction>
      <direction placement="above">
        <direction-type>
          <words default-y="41" font-family="Times" relative-x="5">5</words>
        </direction-type>
        <staff>1</staff>
      </direction>
      <note default-x="84">
        <pitch>
          <step>D</step>
          <octave>5</octave>
        </pitch>
        <duration>2</duration>
        <voice>1</voice>
        <type>eighth</type>
        <stem default-y="-45">down</stem>
        <staff>1</staff>
        <beam number="1">continue</beam>
      </note>
      <note default-x="84">
        <chord/>
        <pitch>
          <step>G</step>
          <octave>5</octave>
        </pitch>
        <duration>2</duration>
        <voice>1</voice>
        <type>eighth</type>
        <stem>down</stem>
        <staff>1</staff>
      </note>
      <note default-x="84">
        <chord/>
        <pitch>
          <step>B</step>
          <octave>5</octave>
        </pitch>
        <duration>2</duration>
        <voice>1</voice>
        <type>eighth</type>
        <stem>down</stem>
        <staff>1</staff>
      </note>
      <note default-x="114">
        <pitch>
          <step>D</step>
          <octave>5</octave>
        </pitch>
        <duration>2</duration>
        <voice>1</voice>
        <type>eighth</type>
        <stem default-y="-45">down</stem>
        <staff>1</staff>
        <beam number="1">continue</beam>
      </note>
      <note default-x="114">
        <chord/>
        <pitch>
          <step>G</step>
          <octave>5</octave>
        </pitch>
        <duration>2</duration>
        <voice>1</voice>
        <type>eighth</type>
        <stem>down</stem>
        <staff>1</staff>
      </note>
      <note default-x="114">
        <chord/>
        <pitch>
          <step>B</step>
          <octave>5</octave>
        </pitch>
        <duration>2</duration>
        <voice>1</voice>
        <type>eighth</type>
        <stem>down</stem>
        <staff>1</staff>
      </note>
      <note default-x="143">
        <pitch>
          <step>D</step>
          <octave>5</octave>
        </pitch>
        <duration>2</duration>
        <voice>1</voice>
        <type>eighth</type>
        <stem default-y="-45">down</stem>
        <staff>1</staff>
        <beam number="1">end</beam>
      </note>
      <note default-x="143">
        <chord/>
        <pitch>
          <step>G</step>
          <octave>5</octave>
        </pitch>
        <duration>2</duration>
        <voice>1</voice>
        <type>eighth</type>
        <stem>down</stem>
        <staff>1</staff>
      </note>
      <note default-x="143">
        <chord/>
        <pitch>
          <step>B</step>
          <octave>5</octave>
        </pitch>
        <duration>2</duration>
        <voice>1</voice>
        <type>eighth</type>
        <stem>down</stem>
        <staff>1</staff>
      </note>
      <direction placement="above">
        <direction-type>
          <words default-y="19" font-family="Times" relative-x="6">1</words>
        </direction-type>
        <staff>1</staff>
      </direction>
      <direction placement="above">
        <direction-type>
          <words default-y="35" font-family="Times" relative-x="8">2</words>
        </direction-type>
        <staff>1</staff>
      </direction>
      <direction placement="above">
        <direction-type>
          <words default-y="51" font-family="Times" relative-x="9">5</words>
        </direction-type>
        <staff>1</staff>
      </direction>
      <note default-x="173">
        <pitch>
          <step>E</step>
          <octave>5</octave>
        </pitch>
        <duration>8</duration>
        <voice>1</voice>
        <type>half</type>
        <stem default-y="-40">down</stem>
        <staff>1</staff>
      </note>
      <note default-x="173">
        <chord/>
        <pitch>
          <step>G</step>
          <octave>5</octave>
        </pitch>
        <duration>8</duration>
        <voice>1</voice>
        <type>half</type>
        <stem>down</stem>
        <staff>1</staff>
      </note>
      <note default-x="173">
        <chord/>
        <pitch>
          <step>C</step>
          <octave>6</octave>
        </pitch>
        <duration>8</duration>
        <voice>1</voice>
        <type>half</type>
        <stem>down</stem>
        <staff>1</staff>
      </note>
      <backup>
        <duration>16</duration>
      </backup>
      <note default-x="55">
        <pitch>
          <step>G</step>
          <octave>3</octave>
        </pitch>
        <duration>4</duration>
        <voice>2</voice>
        <type>quarter</type>
        <stem default-y="0.5">up</stem>
        <staff>2</staff>
      </note>
      <note default-x="55">
        <chord/>
        <pitch>
          <step>D</step>
          <octave>4</octave>
        </pitch>
        <duration>4</duration>
        <voice>2</voice>
        <type>quarter</type>
        <stem>up</stem>
        <staff>2</staff>
      </note>
      <note default-x="55">
        <chord/>
        <pitch>
          <step>F</step>
          <octave>4</octave>
        </pitch>
        <duration>4</duration>
        <voice>2</voice>
        <type>quarter</type>
        <stem>up</stem>
        <staff>2</staff>
      </note>
      <note default-x="114">
        <pitch>
          <step>G</step>
          <octave>3</octave>
        </pitch>
        <duration>4</duration>
        <voice>2</voice>
        <type>quarter</type>
        <stem default-y="0.5">up</stem>
        <staff>2</staff>
      </note>
      <note default-x="114">
        <chord/>
        <pitch>
          <step>D</step>
          <octave>4</octave>
        </pitch>
        <duration>4</duration>
        <voice>2</voice>
        <type>quarter</type>
        <stem>up</stem>
        <staff>2</staff>
      </note>
      <note default-x="114">
        <chord/>
        <pitch>
          <step>F</step>
          <octave>4</octave>
        </pitch>
        <duration>4</duration>
        <voice>2</voice>
        <type>quarter</type>
        <stem>up</stem>
        <staff>2</staff>
      </note>
      <note default-x="172">
        <pitch>
          <step>C</step>
          <octave>4</octave>
        </pitch>
        <duration>4</duration>
        <voice>2</voice>
        <type>quarter</type>
        <stem default-y="-5">up</stem>
        <staff>2</staff>
      </note>
      <note default-x="172">
        <chord/>
        <pitch>
          <step>E</step>
          <octave>4</octave>
        </pitch>
        <duration>4</duration>
        <voice>2</voice>
        <type>quarter</type>
        <stem>up</stem>
        <staff>2</staff>
      </note>
      <note default-x="220">
        <pitch>
          <step>C</step>
          <octave>4</octave>
        </pitch>
        <duration>4</duration>
        <voice>2</voice>
        <type>quarter</type>
        <stem default-y="-5">up</stem>
        <staff>2</staff>
      </note>
      <note default-x="220">
        <chord/>
        <pitch>
          <step>E</step>
          <octave>4</octave>
        </pitch>
        <duration>4</duration>
        <voice>2</voice>
        <type>quarter</type>
        <stem>up</stem>
        <staff>2</staff>
      </note>
      <barline location="right">
        <bar-style>light-heavy</bar-style>
        <repeat direction="backward" winged="none"/>
      </barline>
    </measure>
    <!--=======================================================-->
    <measure number="5" width="359">
      <barline location="left">
        <bar-style>heavy-light</bar-style>
        <repeat direction="forward" winged="none"/>
      </barline>
      <direction placement="above">
        <direction-type>
          <words default-y="2" font-family="Times" relative-x="6">1</words>
        </direction-type>
        <staff>1</staff>
      </direction>
      <note default-x="34">
        <pitch>
          <step>G</step>
          <octave>4</octave>
        </pitch>
        <duration>1</duration>
        <voice>1</voice>
        <type>16th</type>
        <stem default-y="-65">down</stem>
        <staff>1</staff>
        <beam number="1">begin</beam>
        <beam number="2">begin</beam>
        <notations>
          <slur bezier-x="20" bezier-y="59" default-x="4" default-y="-34" number="1" placement="below" type="start"/>
        </notations>
      </note>
      <note default-x="56">
        <pitch>
          <step>A</step>
          <octave>4</octave>
        </pitch>
        <duration>1</duration>
        <voice>1</voice>
        <type>16th</type>
        <stem default-y="-63">down</stem>
        <staff>1</staff>
        <beam number="1">continue</beam>
        <beam number="2">continue</beam>
      </note>
      <note default-x="79">
        <pitch>
          <step>B</step>
          <octave>4</octave>
        </pitch>
        <duration>1</duration>
        <voice>1</voice>
        <type>16th</type>
        <stem default-y="-62">down</stem>
        <staff>1</staff>
        <beam number="1">continue</beam>
        <beam number="2">continue</beam>
      </note>
      <note default-x="101">
        <pitch>
          <step>C</step>
          <octave>5</octave>
        </pitch>
        <duration>1</duration>
        <voice>1</voice>
        <type>16th</type>
        <stem default-y="-60">down</stem>
        <staff>1</staff>
        <beam number="1">end</beam>
        <beam number="2">end</beam>
      </note>
      <direction placement="above">
        <direction-type>
          <words default-y="13" font-family="Times" relative-x="9">5</words>
        </direction-type>
        <staff>1</staff>
      </direction>
      <note default-x="123">
        <pitch>
          <step>D</step>
          <octave>5</octave>
        </pitch>
        <duration>1</duration>
        <voice>1</voice>
        <type>16th</type>
        <stem default-y="-55">down</stem>
        <staff>1</staff>
        <beam number="1">begin</beam>
        <beam number="2">begin</beam>
      </note>
      <note default-x="145">
        <pitch>
          <step>C</step>
          <octave>5</octave>
        </pitch>
        <duration>1</duration>
        <voice>1</voice>
        <type>16th</type>
        <stem default-y="-56.5">down</stem>
        <staff>1</staff>
        <beam number="1">continue</beam>
        <beam number="2">continue</beam>
      </note>
      <note default-x="167">
        <pitch>
          <step>B</step>
          <octave>4</octave>
        </pitch>
        <duration>1</duration>
        <voice>1</voice>
        <type>16th</type>
        <stem default-y="-58.5">down</stem>
        <staff>1</staff>
        <beam number="1">continue</beam>
        <beam number="2">continue</beam>
      </note>
      <note default-x="189">
        <pitch>
          <step>A</step>
          <octave>4</octave>
        </pitch>
        <duration>1</duration>
        <voice>1</voice>
        <type>16th</type>
        <stem default-y="-60">down</stem>
        <staff>1</staff>
        <beam number="1">end</beam>
        <beam number="2">end</beam>
      </note>
      <direction placement="above">
        <direction-type>
          <words default-y="6" font-family="Times" relative-x="3">1</words>
        </direction-type>
        <staff>1</staff>
      </direction>
      <note default-x="212">
        <pitch>
          <step>G</step>
          <octave>4</octave>
        </pitch>
        <duration>1</duration>
        <voice>1</voice>
        <type>16th</type>
        <stem default-y="-65">down</stem>
        <staff>1</staff>
        <beam number="1">begin</beam>
        <beam number="2">begin</beam>
      </note>
      <note default-x="234">
        <pitch>
          <step>A</step>
          <octave>4</octave>
        </pitch>
        <duration>1</duration>
        <voice>1</voice>
        <type>16th</type>
        <stem default-y="-63">down</stem>
        <staff>1</staff>
        <beam number="1">continue</beam>
        <beam number="2">continue</beam>
      </note>
      <note default-x="256">
        <pitch>
          <step>B</step>
          <octave>4</octave>
        </pitch>
        <duration>1</duration>
        <voice>1</voice>
        <type>16th</type>
        <stem default-y="-61">down</stem>
        <staff>1</staff>
        <beam number="1">continue</beam>
        <beam number="2">continue</beam>
      </note>
      <note default-x="278">
        <pitch>
          <step>C</step>
          <octave>5</octave>
        </pitch>
        <duration>1</duration>
        <voice>1</voice>
        <type>16th</type>
        <stem default-y="-60">down</stem>
        <staff>1</staff>
        <beam number="1">end</beam>
        <beam number="2">end</beam>
      </note>
      <note default-x="300">
        <pitch>
          <step>D</step>
          <octave>5</octave>
        </pitch>
        <duration>4</duration>
        <voice>1</voice>
        <type>quarter</type>
        <stem default-y="-45">down</stem>
        <staff>1</staff>
        <notations>
          <slur bezier-x="-47" bezier-y="57" default-x="-1" default-y="-12" number="1" type="stop"/>
        </notations>
      </note>
      <backup>
        <duration>16</duration>
      </backup>
      <note default-x="34">
        <pitch>
          <step>G</step>
          <octave>3</octave>
        </pitch>
        <duration>4</duration>
        <voice>2</voice>
        <type>quarter</type>
        <stem default-y="0.5">up</stem>
        <staff>2</staff>
      </note>
      <note default-x="34">
        <chord/>
        <pitch>
          <step>B</step>
          <octave>3</octave>
        </pitch>
        <duration>4</duration>
        <voice>2</voice>
        <type>quarter</type>
        <stem>up</stem>
        <staff>2</staff>
      </note>
      <note default-x="34">
        <chord/>
        <pitch>
          <step>D</step>
          <octave>4</octave>
        </pitch>
        <duration>4</duration>
        <voice>2</voice>
        <type>quarter</type>
        <stem>up</stem>
        <staff>2</staff>
      </note>
      <note default-x="34">
        <chord/>
        <pitch>
          <step>F</step>
          <octave>4</octave>
        </pitch>
        <duration>4</duration>
        <voice>2</voice>
        <type>quarter</type>
        <stem>up</stem>
        <staff>2</staff>
      </note>
      <note default-x="123">
        <pitch>
          <step>G</step>
          <octave>3</octave>
        </pitch>
        <duration>4</duration>
        <voice>2</voice>
        <type>quarter</type>
        <stem default-y="0.5">up</stem>
        <staff>2</staff>
      </note>
      <note default-x="123">
        <chord/>
        <pitch>
          <step>B</step>
          <octave>3</octave>
        </pitch>
        <duration>4</duration>
        <voice>2</voice>
        <type>quarter</type>
        <stem>up</stem>
        <staff>2</staff>
      </note>
      <note default-x="123">
        <chord/>
        <pitch>
          <step>D</step>
          <octave>4</octave>
        </pitch>
        <duration>4</duration>
        <voice>2</voice>
        <type>quarter</type>
        <stem>up</stem>
        <staff>2</staff>
      </note>
      <note default-x="123">
        <chord/>
        <pitch>
          <step>F</step>
          <octave>4</octave>
        </pitch>
        <duration>4</duration>
        <voice>2</voice>
        <type>quarter</type>
        <stem>up</stem>
        <staff>2</staff>
      </note>
      <note default-x="212">
        <pitch>
          <step>G</step>
          <octave>3</octave>
        </pitch>
        <duration>4</duration>
        <voice>2</voice>
        <type>quarter</type>
        <stem default-y="0.5">up</stem>
        <staff>2</staff>
      </note>
      <note default-x="212">
        <chord/>
        <pitch>
          <step>B</step>
          <octave>3</octave>
        </pitch>
        <duration>4</duration>
        <voice>2</voice>
        <type>quarter</type>
        <stem>up</stem>
        <staff>2</staff>
      </note>
      <note default-x="212">
        <chord/>
        <pitch>
          <step>D</step>
          <octave>4</octave>
        </pitch>
        <duration>4</duration>
        <voice>2</voice>
        <type>quarter</type>
        <stem>up</stem>
        <staff>2</staff>
      </note>
      <note default-x="212">
        <chord/>
        <pitch>
          <step>F</step>
          <octave>4</octave>
        </pitch>
        <duration>4</duration>
        <voice>2</voice>
        <type>quarter</type>
        <stem>up</stem>
        <staff>2</staff>
      </note>
      <note default-x="300">
        <pitch>
          <step>G</step>
          <octave>3</octave>
        </pitch>
        <duration>4</duration>
        <voice>2</voice>
        <type>quarter</type>
        <stem default-y="0.5">up</stem>
        <staff>2</staff>
      </note>
      <note default-x="300">
        <chord/>
        <pitch>
          <step>B</step>
          <octave>3</octave>
        </pitch>
        <duration>4</duration>
        <voice>2</voice>
        <type>quarter</type>
        <stem>up</stem>
        <staff>2</staff>
      </note>
      <note default-x="300">
        <chord/>
        <pitch>
          <step>D</step>
          <octave>4</octave>
        </pitch>
        <duration>4</duration>
        <voice>2</voice>
        <type>quarter</type>
        <stem>up</stem>
        <staff>2</staff>
      </note>
      <note default-x="300">
        <chord/>
        <pitch>
          <step>F</step>
          <octave>4</octave>
        </pitch>
        <duration>4</duration>
        <voice>2</voice>
        <type>quarter</type>
        <stem>up</stem>
        <staff>2</staff>
      </note>
    </measure>
    <!--=======================================================-->
    <measure number="6" width="342">
      <direction placement="above">
        <direction-type>
          <words default-y="5" font-family="Times" relative-x="7">1</words>
        </direction-type>
        <staff>1</staff>
      </direction>
      <note default-x="16">
        <pitch>
          <step>C</step>
          <octave>5</octave>
        </pitch>
        <duration>1</duration>
        <voice>1</voice>
        <type>16th</type>
        <stem default-y="-50">down</stem>
        <staff>1</staff>
        <beam number="1">begin</beam>
        <beam number="2">begin</beam>
        <notations>
          <slur bezier-x="20" bezier-y="89" default-x="7" default-y="-28" number="1" placement="below" type="start"/>
        </notations>
      </note>
      <note default-x="38">
        <pitch>
          <step>D</step>
          <octave>5</octave>
        </pitch>
        <duration>1</duration>
        <voice>1</voice>
        <type>16th</type>
        <stem default-y="-48">down</stem>
        <staff>1</staff>
        <beam number="1">continue</beam>
        <beam number="2">continue</beam>
      </note>
      <note default-x="61">
        <pitch>
          <step>E</step>
          <octave>5</octave>
        </pitch>
        <duration>1</duration>
        <voice>1</voice>
        <type>16th</type>
        <stem default-y="-47">down</stem>
        <staff>1</staff>
        <beam number="1">continue</beam>
        <beam number="2">continue</beam>
      </note>
      <note default-x="83">
        <pitch>
          <step>F</step>
          <octave>5</octave>
        </pitch>
        <duration>1</duration>
        <voice>1</voice>
        <type>16th</type>
        <stem default-y="-45">down</stem>
        <staff>1</staff>
        <beam number="1">end</beam>
        <beam number="2">end</beam>
      </note>
      <direction placement="above">
        <direction-type>
          <words default-y="28" font-family="Times" relative-x="3">5</words>
        </direction-type>
        <staff>1</staff>
      </direction>
      <note default-x="105">
        <pitch>
          <step>G</step>
          <octave>5</octave>
        </pitch>
        <duration>1</duration>
        <voice>1</voice>
        <type>16th</type>
        <stem default-y="-40">down</stem>
        <staff>1</staff>
        <beam number="1">begin</beam>
        <beam number="2">begin</beam>
      </note>
      <note default-x="128">
        <pitch>
          <step>F</step>
          <octave>5</octave>
        </pitch>
        <duration>1</duration>
        <voice>1</voice>
        <type>16th</type>
        <stem default-y="-41">down</stem>
        <staff>1</staff>
        <beam number="1">continue</beam>
        <beam number="2">continue</beam>
      </note>
      <note default-x="150">
        <pitch>
          <step>E</step>
          <octave>5</octave>
        </pitch>
        <duration>1</duration>
        <voice>1</voice>
        <type>16th</type>
        <stem default-y="-42">down</stem>
        <staff>1</staff>
        <beam number="1">continue</beam>
        <beam number="2">continue</beam>
      </note>
      <note default-x="172">
        <pitch>
          <step>D</step>
          <octave>5</octave>
        </pitch>
        <duration>1</duration>
        <voice>1</voice>
        <type>16th</type>
        <stem default-y="-42">down</stem>
        <staff>1</staff>
        <beam number="1">end</beam>
        <beam number="2">end</beam>
      </note>
      <note default-x="194">
        <pitch>
          <step>C</step>
          <octave>5</octave>
        </pitch>
        <duration>1</duration>
        <voice>1</voice>
        <type>16th</type>
        <stem default-y="-50">down</stem>
        <staff>1</staff>
        <beam number="1">begin</beam>
        <beam number="2">begin</beam>
      </note>
      <note default-x="216">
        <pitch>
          <step>D</step>
          <octave>5</octave>
        </pitch>
        <duration>1</duration>
        <voice>1</voice>
        <type>16th</type>
        <stem default-y="-48">down</stem>
        <staff>1</staff>
        <beam number="1">continue</beam>
        <beam number="2">continue</beam>
      </note>
      <note default-x="238">
        <pitch>
          <step>E</step>
          <octave>5</octave>
        </pitch>
        <duration>1</duration>
        <voice>1</voice>
        <type>16th</type>
        <stem default-y="-47">down</stem>
        <staff>1</staff>
        <beam number="1">continue</beam>
        <beam number="2">continue</beam>
      </note>
      <note default-x="261">
        <pitch>
          <step>F</step>
          <octave>5</octave>
        </pitch>
        <duration>1</duration>
        <voice>1</voice>
        <type>16th</type>
        <stem default-y="-45">down</stem>
        <staff>1</staff>
        <beam number="1">end</beam>
        <beam number="2">end</beam>
      </note>
      <note default-x="283">
        <pitch>
          <step>G</step>
          <octave>5</octave>
        </pitch>
        <duration>4</duration>
        <voice>1</voice>
        <type>quarter</type>
        <stem default-y="-30">down</stem>
        <staff>1</staff>
        <notations>
          <slur bezier-x="-54" bezier-y="86" default-x="1" default-y="3" number="1" type="stop"/>
        </notations>
      </note>
      <backup>
        <duration>16</duration>
      </backup>
      <direction placement="below">
        <direction-type>
          <words default-y="-70" font-family="Times" relative-x="4">1</words>
        </direction-type>
        <staff>2</staff>
      </direction>
      <direction placement="below">
        <direction-type>
          <words default-y="-80" font-family="Times" relative-x="5">3</words>
        </direction-type>
        <staff>2</staff>
      </direction>
      <note default-x="16">
        <pitch>
          <step>A</step>
          <octave>3</octave>
        </pitch>
        <duration>4</duration>
        <voice>2</voice>
        <type>quarter</type>
        <stem default-y="0.5">up</stem>
        <staff>2</staff>
      </note>
      <note default-x="16">
        <chord/>
        <pitch>
          <step>D</step>
          <octave>4</octave>
        </pitch>
        <duration>4</duration>
        <voice>2</voice>
        <type>quarter</type>
        <stem>up</stem>
        <staff>2</staff>
      </note>
      <note default-x="16">
        <chord/>
        <pitch>
          <step>F</step>
          <octave>4</octave>
        </pitch>
        <duration>4</duration>
        <voice>2</voice>
        <type>quarter</type>
        <stem>up</stem>
        <staff>2</staff>
      </note>
      <note default-x="105">
        <pitch>
          <step>A</step>
          <octave>3</octave>
        </pitch>
        <duration>4</duration>
        <voice>2</voice>
        <type>quarter</type>
        <stem default-y="0.5">up</stem>
        <staff>2</staff>
      </note>
      <note default-x="105">
        <chord/>
        <pitch>
          <step>D</step>
          <octave>4</octave>
        </pitch>
        <duration>4</duration>
        <voice>2</voice>
        <type>quarter</type>
        <stem>up</stem>
        <staff>2</staff>
      </note>
      <note default-x="105">
        <chord/>
        <pitch>
          <step>F</step>
          <octave>4</octave>
        </pitch>
        <duration>4</duration>
        <voice>2</voice>
        <type>quarter</type>
        <stem>up</stem>
        <staff>2</staff>
      </note>
      <note default-x="194">
        <pitch>
          <step>A</step>
          <octave>3</octave>
        </pitch>
        <duration>4</duration>
        <voice>2</voice>
        <type>quarter</type>
        <stem default-y="0.5">up</stem>
        <staff>2</staff>
      </note>
      <note default-x="194">
        <chord/>
        <pitch>
          <step>D</step>
          <octave>4</octave>
        </pitch>
        <duration>4</duration>
        <voice>2</voice>
        <type>quarter</type>
        <stem>up</stem>
        <staff>2</staff>
      </note>
      <note default-x="194">
        <chord/>
        <pitch>
          <step>F</step>
          <octave>4</octave>
        </pitch>
        <duration>4</duration>
        <voice>2</voice>
        <type>quarter</type>
        <stem>up</stem>
        <staff>2</staff>
      </note>
      <note default-x="283">
        <pitch>
          <step>A</step>
          <octave>3</octave>
        </pitch>
        <duration>4</duration>
        <voice>2</voice>
        <type>quarter</type>
        <stem default-y="0.5">up</stem>
        <staff>2</staff>
      </note>
      <note default-x="283">
        <chord/>
        <pitch>
          <step>D</step>
          <octave>4</octave>
        </pitch>
        <duration>4</duration>
        <voice>2</voice>
        <type>quarter</type>
        <stem>up</stem>
        <staff>2</staff>
      </note>
      <note default-x="283">
        <chord/>
        <pitch>
          <step>F</step>
          <octave>4</octave>
        </pitch>
        <duration>4</duration>
        <voice>2</voice>
        <type>quarter</type>
        <stem>up</stem>
        <staff>2</staff>
      </note>
    </measure>
    <!--=======================================================-->
    <measure number="7" width="507">
      <print new-system="yes">
        <system-layout>
          <system-distance>114</system-distance>
        </system-layout>
      </print>
      <direction placement="above">
        <direction-type>
          <words default-y="18" font-family="Times" relative-x="8">4</words>
        </direction-type>
        <staff>1</staff>
      </direction>
      <note default-x="55">
        <pitch>
          <step>F</step>
          <octave>5</octave>
        </pitch>
        <duration>1</duration>
        <voice>1</voice>
        <type>16th</type>
        <stem default-y="-45">down</stem>
        <staff>1</staff>
        <beam number="1">begin</beam>
        <beam number="2">begin</beam>
        <notations>
          <slur number="1" placement="above" type="start"/>
        </notations>
      </note>
      <note default-x="89">
        <pitch>
          <step>E</step>
          <octave>5</octave>
        </pitch>
        <duration>1</duration>
        <voice>1</voice>
        <type>16th</type>
        <stem default-y="-45">down</stem>
        <staff>1</staff>
        <beam number="1">continue</beam>
        <beam number="2">continue</beam>
      </note>
      <note default-x="123">
        <pitch>
          <step>D</step>
          <octave>5</octave>
        </pitch>
        <duration>1</duration>
        <voice>1</voice>
        <type>16th</type>
        <stem default-y="-45">down</stem>
        <staff>1</staff>
        <beam number="1">continue</beam>
        <beam number="2">continue</beam>
      </note>
      <note default-x="157">
        <pitch>
          <step>E</step>
          <octave>5</octave>
        </pitch>
        <duration>1</duration>
        <voice>1</voice>
        <type>16th</type>
        <stem default-y="-45">down</stem>
        <staff>1</staff>
        <beam number="1">end</beam>
        <beam number="2">end</beam>
      </note>
      <note default-x="191">
        <pitch>
          <step>F</step>
          <octave>5</octave>
        </pitch>
        <duration>4</duration>
        <voice>1</voice>
        <type>quarter</type>
        <stem default-y="-35.5">down</stem>
        <staff>1</staff>
      </note>
      <direction placement="above">
        <direction-type>
          <words default-y="13" font-family="Times" relative-x="6">3</words>
        </direction-type>
        <staff>1</staff>
      </direction>
      <note default-x="281">
        <pitch>
          <step>E</step>
          <octave>5</octave>
        </pitch>
        <duration>1</duration>
        <voice>1</voice>
        <type>16th</type>
        <stem default-y="-50">down</stem>
        <staff>1</staff>
        <beam number="1">begin</beam>
        <beam number="2">begin</beam>
        <notations>
          <slur number="1" type="stop"/>
          <slur number="1" placement="above" type="start"/>
        </notations>
      </note>
      <note default-x="315">
        <pitch>
          <step>D</step>
          <octave>5</octave>
        </pitch>
        <duration>1</duration>
        <voice>1</voice>
        <type>16th</type>
        <stem default-y="-50">down</stem>
        <staff>1</staff>
        <beam number="1">continue</beam>
        <beam number="2">continue</beam>
      </note>
      <note default-x="349">
        <pitch>
          <step>C</step>
          <octave>5</octave>
        </pitch>
        <duration>1</duration>
        <voice>1</voice>
        <type>16th</type>
        <stem default-y="-50">down</stem>
        <staff>1</staff>
        <beam number="1">continue</beam>
        <beam number="2">continue</beam>
      </note>
      <note default-x="383">
        <pitch>
          <step>D</step>
          <octave>5</octave>
        </pitch>
        <duration>1</duration>
        <voice>1</voice>
        <type>16th</type>
        <stem default-y="-50">down</stem>
        <staff>1</staff>
        <beam number="1">end</beam>
        <beam number="2">end</beam>
      </note>
      <note default-x="417">
        <pitch>
          <step>E</step>
          <octave>5</octave>
        </pitch>
        <duration>4</duration>
        <voice>1</voice>
        <type>quarter</type>
        <stem default-y="-40">down</stem>
        <staff>1</staff>
      </note>
      <backup>
        <duration>16</duration>
      </backup>
      <direction placement="below">
        <direction-type>
          <words default-y="-69" font-family="Times" relative-x="7">2</words>
        </direction-type>
        <staff>2</staff>
      </direction>
      <direction placement="below">
        <direction-type>
          <words default-y="-83" font-family="Times" relative-x="5">4</words>
        </direction-type>
        <staff>2</staff>
      </direction>
      <note default-x="55">
        <pitch>
          <step>G</step>
          <octave>3</octave>
        </pitch>
        <duration>4</duration>
        <voice>3</voice>
        <type>quarter</type>
        <stem default-y="-9.5">up</stem>
        <staff>2</staff>
      </note>
      <note default-x="55">
        <chord/>
        <pitch>
          <step>B</step>
          <octave>3</octave>
        </pitch>
        <duration>4</duration>
        <voice>3</voice>
        <type>quarter</type>
        <stem>up</stem>
        <staff>2</staff>
      </note>
      <note default-x="55">
        <chord/>
        <pitch>
          <step>D</step>
          <octave>4</octave>
        </pitch>
        <duration>4</duration>
        <voice>3</voice>
        <type>quarter</type>
        <stem>up</stem>
        <staff>2</staff>
      </note>
      <note default-x="191">
        <pitch>
          <step>G</step>
          <octave>3</octave>
        </pitch>
        <duration>4</duration>
        <voice>3</voice>
        <type>quarter</type>
        <stem default-y="-9.5">up</stem>
        <staff>2</staff>
      </note>
      <note default-x="191">
        <chord/>
        <pitch>
          <step>B</step>
          <octave>3</octave>
        </pitch>
        <duration>4</duration>
        <voice>3</voice>
        <type>quarter</type>
        <stem>up</stem>
        <staff>2</staff>
      </note>
      <note default-x="191">
        <chord/>
        <pitch>
          <step>D</step>
          <octave>4</octave>
        </pitch>
        <duration>4</duration>
        <voice>3</voice>
        <type>quarter</type>
        <stem>up</stem>
        <staff>2</staff>
      </note>
      <note default-x="281">
        <pitch>
          <step>G</step>
          <octave>3</octave>
        </pitch>
        <duration>4</duration>
        <voice>3</voice>
        <type>quarter</type>
        <stem default-y="-5">up</stem>
        <staff>2</staff>
      </note>
      <note default-x="281">
        <chord/>
        <pitch>
          <step>C</step>
          <octave>4</octave>
        </pitch>
        <duration>4</duration>
        <voice>3</voice>
        <type>quarter</type>
        <stem>up</stem>
        <staff>2</staff>
      </note>
      <note default-x="281">
        <chord/>
        <pitch>
          <step>E</step>
          <octave>4</octave>
        </pitch>
        <duration>4</duration>
        <voice>3</voice>
        <type>quarter</type>
        <stem>up</stem>
        <staff>2</staff>
      </note>
      <note default-x="417">
        <pitch>
          <step>G</step>
          <octave>3</octave>
        </pitch>
        <duration>4</duration>
        <voice>3</voice>
        <type>quarter</type>
        <stem default-y="-5">up</stem>
        <staff>2</staff>
      </note>
      <note default-x="417">
        <chord/>
        <pitch>
          <step>C</step>
          <octave>4</octave>
        </pitch>
        <duration>4</duration>
        <voice>3</voice>
        <type>quarter</type>
        <stem>up</stem>
        <staff>2</staff>
      </note>
      <note default-x="417">
        <chord/>
        <pitch>
          <step>E</step>
          <octave>4</octave>
        </pitch>
        <duration>4</duration>
        <voice>3</voice>
        <type>quarter</type>
        <stem>up</stem>
        <staff>2</staff>
      </note>
    </measure>
    <!--=======================================================-->
    <measure number="8" width="476">
      <direction placement="above">
        <direction-type>
          <words default-y="13" font-family="Times" relative-x="5">1</words>
        </direction-type>
        <staff>1</staff>
      </direction>
      <note default-x="17">
        <pitch>
          <step>D</step>
          <octave>5</octave>
        </pitch>
        <duration>2</duration>
        <voice>1</voice>
        <type>eighth</type>
        <stem default-y="-45">down</stem>
        <staff>1</staff>
        <beam number="1">begin</beam>
        <notations>
          <slur number="1" type="stop"/>
        </notations>
      </note>
      <direction placement="above">
        <direction-type>
          <words default-y="28" font-family="Times" relative-x="6">5</words>
        </direction-type>
        <staff>1</staff>
      </direction>
      <note default-x="72">
        <pitch>
          <step>B</step>
          <octave>5</octave>
        </pitch>
        <duration>1</duration>
        <voice>1</voice>
        <type>16th</type>
        <stem default-y="-42">down</stem>
        <staff>1</staff>
        <beam number="1">continue</beam>
        <beam number="2">begin</beam>
        <notations>
          <slur number="1" placement="above" type="start"/>
        </notations>
      </note>
      <note default-x="106">
        <pitch>
          <step>A</step>
          <octave>5</octave>
        </pitch>
        <duration>1</duration>
        <voice>1</voice>
        <type>16th</type>
        <stem default-y="-40">down</stem>
        <staff>1</staff>
        <beam number="1">end</beam>
        <beam number="2">end</beam>
      </note>
      <note default-x="140">
        <pitch>
          <step>G</step>
          <octave>5</octave>
        </pitch>
        <duration>1</duration>
        <voice>1</voice>
        <type>16th</type>
        <stem default-y="-40">down</stem>
        <staff>1</staff>
        <beam number="1">begin</beam>
        <beam number="2">begin</beam>
      </note>
      <note default-x="175">
        <pitch>
          <step>F</step>
          <octave>5</octave>
        </pitch>
        <duration>1</duration>
        <voice>1</voice>
        <type>16th</type>
        <stem default-y="-41">down</stem>
        <staff>1</staff>
        <beam number="1">continue</beam>
        <beam number="2">continue</beam>
      </note>
      <direction placement="above">
        <direction-type>
          <words default-y="10" font-family="Times" relative-x="5">1</words>
        </direction-type>
        <staff>1</staff>
      </direction>
      <note default-x="209">
        <pitch>
          <step>E</step>
          <octave>5</octave>
        </pitch>
        <duration>1</duration>
        <voice>1</voice>
        <type>16th</type>
        <stem default-y="-42">down</stem>
        <staff>1</staff>
        <beam number="1">continue</beam>
        <beam number="2">continue</beam>
      </note>
      <direction placement="above">
        <direction-type>
          <words default-y="10" font-family="Times" relative-x="6">3</words>
        </direction-type>
        <staff>1</staff>
      </direction>
      <note default-x="243">
        <pitch>
          <step>D</step>
          <octave>5</octave>
        </pitch>
        <duration>1</duration>
        <voice>1</voice>
        <type>16th</type>
        <stem default-y="-42">down</stem>
        <staff>1</staff>
        <beam number="1">end</beam>
        <beam number="2">end</beam>
      </note>
      <direction placement="above">
        <direction-type>
          <words default-y="10" font-family="Times" relative-x="5">2</words>
        </direction-type>
        <staff>1</staff>
      </direction>
      <note default-x="277">
        <pitch>
          <step>C</step>
          <octave>5</octave>
        </pitch>
        <duration>8</duration>
        <voice>1</voice>
        <type>half</type>
        <stem default-y="-50.5">down</stem>
        <staff>1</staff>
        <notations>
          <slur number="1" type="stop"/>
        </notations>
      </note>
      <backup>
        <duration>16</duration>
      </backup>
      <direction placement="below">
        <direction-type>
          <words default-y="-64" font-family="Times" relative-x="6">4</words>
        </direction-type>
        <staff>2</staff>
      </direction>
      <direction placement="below">
        <direction-type>
          <words default-y="-77" font-family="Times" relative-x="6">5</words>
        </direction-type>
        <staff>2</staff>
      </direction>
      <note default-x="17">
        <pitch>
          <step>G</step>
          <octave>3</octave>
        </pitch>
        <duration>4</duration>
        <voice>2</voice>
        <type>quarter</type>
        <stem default-y="1">up</stem>
        <staff>2</staff>
      </note>
      <note default-x="17">
        <chord/>
        <pitch>
          <step>B</step>
          <octave>3</octave>
        </pitch>
        <duration>4</duration>
        <voice>2</voice>
        <type>quarter</type>
        <stem>up</stem>
        <staff>2</staff>
      </note>
      <note default-x="17">
        <chord/>
        <pitch>
          <step>F</step>
          <octave>4</octave>
        </pitch>
        <duration>4</duration>
        <voice>2</voice>
        <type>quarter</type>
        <stem>up</stem>
        <staff>2</staff>
      </note>
      <note default-x="140">
        <pitch>
          <step>G</step>
          <octave>3</octave>
        </pitch>
        <duration>4</duration>
        <voice>2</voice>
        <type>quarter</type>
        <stem default-y="1">up</stem>
        <staff>2</staff>
      </note>
      <note default-x="140">
        <chord/>
        <pitch>
          <step>B</step>
          <octave>3</octave>
        </pitch>
        <duration>4</duration>
        <voice>2</voice>
        <type>quarter</type>
        <stem>up</stem>
        <staff>2</staff>
      </note>
      <note default-x="140">
        <chord/>
        <pitch>
          <step>F</step>
          <octave>4</octave>
        </pitch>
        <duration>4</duration>
        <voice>2</voice>
        <type>quarter</type>
        <stem>up</stem>
        <staff>2</staff>
      </note>
      <note default-x="277">
        <pitch>
          <step>C</step>
          <octave>4</octave>
        </pitch>
        <duration>4</duration>
        <voice>2</voice>
        <type>quarter</type>
        <stem default-y="-5">up</stem>
        <staff>2</staff>
      </note>
      <note default-x="277">
        <chord/>
        <pitch>
          <step>E</step>
          <octave>4</octave>
        </pitch>
        <duration>4</duration>
        <voice>2</voice>
        <type>quarter</type>
        <stem>up</stem>
        <staff>2</staff>
      </note>
      <note default-x="367">
        <pitch>
          <step>C</step>
          <octave>4</octave>
        </pitch>
        <duration>4</duration>
        <voice>2</voice>
        <type>quarter</type>
        <stem default-y="-5">up</stem>
        <staff>2</staff>
      </note>
      <note default-x="367">
        <chord/>
        <pitch>
          <step>E</step>
          <octave>4</octave>
        </pitch>
        <duration>4</duration>
        <voice>2</voice>
        <type>quarter</type>
        <stem>up</stem>
        <staff>2</staff>
      </note>
      <barline location="right">
        <bar-style>light-heavy</bar-style>
        <repeat direction="backward" winged="none"/>
      </barline>
    </measure>
  </part>
  <!--=========================================================-->
</score-partwise>
