<?xml version="1.0" encoding="UTF-8" standalone="no"?>
<!DOCTYPE score-partwise PUBLIC "-//Recordare//DTD MusicXML 3.0 Partwise//EN" "http://www.musicxml.org/dtds/partwise.dtd">
<score-partwise version="3.0">
  <movement-title>Czerny No. 27</movement-title>
  <identification>
    <rights>©</rights>
    <encoding>
      <software>PrintMusic 2014 for Windows</software>
      <software>Dolet Light for PrintMusic 2014</software>
      <encoding-date>2014-10-28</encoding-date>
      <supports attribute="new-system" element="print" type="yes" value="yes"/>
      <supports attribute="new-page" element="print" type="yes" value="yes"/>
      <supports element="accidental" type="yes"/>
      <supports element="beam" type="yes"/>
      <supports element="stem" type="yes"/>
    </encoding>
  </identification>
  <defaults>
    <scaling>
      <millimeters>7.1967</millimeters>
      <tenths>40</tenths>
    </scaling>
    <page-layout>
      <page-height>1553</page-height>
      <page-width>1200</page-width>
      <page-margins type="both">
        <left-margin>141</left-margin>
        <right-margin>70</right-margin>
        <top-margin>88</top-margin>
        <bottom-margin>88</bottom-margin>
      </page-margins>
    </page-layout>
    <system-layout>
      <system-margins>
        <left-margin>0</left-margin>
        <right-margin>0</right-margin>
      </system-margins>
      <system-distance>121</system-distance>
      <top-system-distance>70</top-system-distance>
    </system-layout>
    <staff-layout>
      <staff-distance>80</staff-distance>
    </staff-layout>
    <appearance>
      <line-width type="stem">0.7487</line-width>
      <line-width type="beam">5</line-width>
      <line-width type="staff">0.7487</line-width>
      <line-width type="light barline">0.7487</line-width>
      <line-width type="heavy barline">5</line-width>
      <line-width type="leger">0.7487</line-width>
      <line-width type="ending">0.7487</line-width>
      <line-width type="wedge">0.7487</line-width>
      <line-width type="enclosure">0.7487</line-width>
      <line-width type="tuplet bracket">0.7487</line-width>
      <note-size type="grace">60</note-size>
      <note-size type="cue">60</note-size>
      <distance type="hyphen">120</distance>
      <distance type="beam">8</distance>
    </appearance>
    <music-font font-family="Maestro,engraved" font-size="20.4"/>
    <word-font font-family="Times New Roman" font-size="10.2"/>
  </defaults>
  <credit page="1">
    <credit-words default-x="635" default-y="1447" font-size="24" justify="center" valign="top">Czerny No. 35</credit-words>
  </credit>
  <credit page="1">
    <credit-words default-x="635" default-y="70" font-size="10" justify="center" valign="bottom">©</credit-words>
  </credit>
  <part-list>
    <score-part id="P1">
      <part-name>Piano</part-name>
      <part-abbreviation>Pno.</part-abbreviation>
      <score-instrument id="P1-I1">
        <instrument-name>SmartMusic SoftSynth</instrument-name>
        <instrument-sound>keyboard.piano</instrument-sound>
        <virtual-instrument/>
      </score-instrument>
      <midi-device>Bank 1</midi-device>
      <midi-instrument id="P1-I1">
        <midi-channel>1</midi-channel>
        <midi-bank>15489</midi-bank>
        <midi-program>1</midi-program>
        <volume>80</volume>
        <pan>0</pan>
      </midi-instrument>
    </score-part>
  </part-list>
  <!--=========================================================-->
  <part id="P1">
    <measure number="1" width="354">
      <print>
        <system-layout>
          <system-margins>
            <left-margin>70</left-margin>
            <right-margin>0</right-margin>
          </system-margins>
          <top-system-distance>152</top-system-distance>
        </system-layout>
        <measure-numbering>system</measure-numbering>
      </print>
      <attributes>
        <divisions>2</divisions>
        <key>
          <fifths>0</fifths>
          <mode>major</mode>
        </key>
        <time symbol="common">
          <beats>4</beats>
          <beat-type>4</beat-type>
        </time>
        <staves>2</staves>
        <clef number="1">
          <sign>G</sign>
          <line>2</line>
        </clef>
        <clef number="2">
          <sign>F</sign>
          <line>4</line>
        </clef>
      </attributes>
      <sound tempo="120"/>
      <direction placement="below">
        <direction-type>
          <dynamics default-x="88" default-y="-75" halign="center">
            <f/>
          </dynamics>
        </direction-type>
        <staff>1</staff>
        <sound dynamics="98"/>
      </direction>
      <direction placement="above">
        <direction-type>
          <words default-y="9" font-family="Times" relative-x="9">1</words>
        </direction-type>
        <staff>1</staff>
      </direction>
      <direction placement="above">
        <direction-type>
          <words default-y="25" font-family="Times" relative-x="8">2</words>
        </direction-type>
        <staff>1</staff>
      </direction>
      <direction placement="above">
        <direction-type>
          <words default-y="40" font-family="Times" relative-x="9">5</words>
        </direction-type>
        <staff>1</staff>
      </direction>
      <note default-x="88">
        <pitch>
          <step>E</step>
          <octave>4</octave>
        </pitch>
        <duration>2</duration>
        <voice>1</voice>
        <type>quarter</type>
        <stem default-y="13.5">up</stem>
        <staff>1</staff>
      </note>
      <note default-x="88">
        <chord/>
        <pitch>
          <step>G</step>
          <octave>4</octave>
        </pitch>
        <duration>2</duration>
        <voice>1</voice>
        <type>quarter</type>
        <stem>up</stem>
        <staff>1</staff>
      </note>
      <note default-x="88">
        <chord/>
        <pitch>
          <step>C</step>
          <octave>5</octave>
        </pitch>
        <duration>2</duration>
        <voice>1</voice>
        <type>quarter</type>
        <stem>up</stem>
        <staff>1</staff>
      </note>
      <note default-x="154">
        <pitch>
          <step>E</step>
          <octave>4</octave>
        </pitch>
        <duration>2</duration>
        <voice>1</voice>
        <type>quarter</type>
        <stem default-y="13.5">up</stem>
        <staff>1</staff>
      </note>
      <note default-x="154">
        <chord/>
        <pitch>
          <step>G</step>
          <octave>4</octave>
        </pitch>
        <duration>2</duration>
        <voice>1</voice>
        <type>quarter</type>
        <stem>up</stem>
        <staff>1</staff>
      </note>
      <note default-x="154">
        <chord/>
        <pitch>
          <step>C</step>
          <octave>5</octave>
        </pitch>
        <duration>2</duration>
        <voice>1</voice>
        <type>quarter</type>
        <stem>up</stem>
        <staff>1</staff>
      </note>
      <note default-x="221">
        <pitch>
          <step>E</step>
          <octave>4</octave>
        </pitch>
        <duration>2</duration>
        <voice>1</voice>
        <type>quarter</type>
        <stem default-y="13.5">up</stem>
        <staff>1</staff>
      </note>
      <note default-x="221">
        <chord/>
        <pitch>
          <step>G</step>
          <octave>4</octave>
        </pitch>
        <duration>2</duration>
        <voice>1</voice>
        <type>quarter</type>
        <stem>up</stem>
        <staff>1</staff>
      </note>
      <note default-x="221">
        <chord/>
        <pitch>
          <step>C</step>
          <octave>5</octave>
        </pitch>
        <duration>2</duration>
        <voice>1</voice>
        <type>quarter</type>
        <stem>up</stem>
        <staff>1</staff>
      </note>
      <direction placement="above">
        <direction-type>
          <words default-y="7" font-family="Times" relative-x="3">3</words>
        </direction-type>
        <staff>1</staff>
      </direction>
      <direction placement="above">
        <direction-type>
          <words default-y="26" font-family="Times" relative-x="3">5</words>
        </direction-type>
        <staff>1</staff>
      </direction>
      <note default-x="287">
        <pitch>
          <step>G</step>
          <octave>4</octave>
        </pitch>
        <duration>2</duration>
        <voice>1</voice>
        <type>quarter</type>
        <stem default-y="-58.5">down</stem>
        <staff>1</staff>
      </note>
      <note default-x="287">
        <chord/>
        <pitch>
          <step>C</step>
          <octave>5</octave>
        </pitch>
        <duration>2</duration>
        <voice>1</voice>
        <type>quarter</type>
        <stem>down</stem>
        <staff>1</staff>
      </note>
      <note default-x="287">
        <chord/>
        <pitch>
          <step>E</step>
          <octave>5</octave>
        </pitch>
        <duration>2</duration>
        <voice>1</voice>
        <type>quarter</type>
        <stem>down</stem>
        <staff>1</staff>
      </note>
      <backup>
        <duration>8</duration>
      </backup>
      <note default-x="88">
        <pitch>
          <step>C</step>
          <octave>2</octave>
        </pitch>
        <duration>2</duration>
        <voice>2</voice>
        <type>quarter</type>
        <stem default-y="-19">up</stem>
        <staff>2</staff>
      </note>
      <note default-x="154">
        <pitch>
          <step>C</step>
          <octave>3</octave>
        </pitch>
        <duration>2</duration>
        <voice>2</voice>
        <type>quarter</type>
        <stem default-y="10.5">up</stem>
        <staff>2</staff>
      </note>
      <note default-x="221">
        <pitch>
          <step>C</step>
          <octave>3</octave>
        </pitch>
        <duration>2</duration>
        <voice>2</voice>
        <type>quarter</type>
        <stem default-y="10.5">up</stem>
        <staff>2</staff>
      </note>
      <note default-x="287">
        <pitch>
          <step>C</step>
          <octave>3</octave>
        </pitch>
        <duration>2</duration>
        <voice>2</voice>
        <type>quarter</type>
        <stem default-y="10.5">up</stem>
        <staff>2</staff>
      </note>
    </measure>
    <!--=======================================================-->
    <measure number="2" width="283">
      <note default-x="16">
        <pitch>
          <step>G</step>
          <octave>4</octave>
        </pitch>
        <duration>2</duration>
        <voice>1</voice>
        <type>quarter</type>
        <stem default-y="-58.5">down</stem>
        <staff>1</staff>
      </note>
      <note default-x="16">
        <chord/>
        <pitch>
          <step>C</step>
          <octave>5</octave>
        </pitch>
        <duration>2</duration>
        <voice>1</voice>
        <type>quarter</type>
        <stem>down</stem>
        <staff>1</staff>
      </note>
      <note default-x="16">
        <chord/>
        <pitch>
          <step>E</step>
          <octave>5</octave>
        </pitch>
        <duration>2</duration>
        <voice>1</voice>
        <type>quarter</type>
        <stem>down</stem>
        <staff>1</staff>
      </note>
      <direction placement="above">
        <direction-type>
          <words default-y="10" font-family="Times" relative-x="6">4</words>
        </direction-type>
        <staff>1</staff>
      </direction>
      <note default-x="83">
        <pitch>
          <step>G</step>
          <octave>4</octave>
        </pitch>
        <duration>2</duration>
        <voice>1</voice>
        <type>quarter</type>
        <stem default-y="-58.5">down</stem>
        <staff>1</staff>
      </note>
      <note default-x="83">
        <chord/>
        <pitch>
          <step>B</step>
          <octave>4</octave>
        </pitch>
        <duration>2</duration>
        <voice>1</voice>
        <type>quarter</type>
        <stem>down</stem>
        <staff>1</staff>
      </note>
      <note default-x="83">
        <chord/>
        <pitch>
          <step>D</step>
          <octave>5</octave>
        </pitch>
        <duration>2</duration>
        <voice>1</voice>
        <type>quarter</type>
        <stem>down</stem>
        <staff>1</staff>
      </note>
      <note default-x="149">
        <pitch>
          <step>G</step>
          <octave>4</octave>
        </pitch>
        <duration>4</duration>
        <voice>1</voice>
        <type>half</type>
        <stem default-y="-58.5">down</stem>
        <staff>1</staff>
      </note>
      <note default-x="149">
        <chord/>
        <pitch>
          <step>B</step>
          <octave>4</octave>
        </pitch>
        <duration>4</duration>
        <voice>1</voice>
        <type>half</type>
        <stem>down</stem>
        <staff>1</staff>
      </note>
      <note default-x="149">
        <chord/>
        <pitch>
          <step>D</step>
          <octave>5</octave>
        </pitch>
        <duration>4</duration>
        <voice>1</voice>
        <type>half</type>
        <stem>down</stem>
        <staff>1</staff>
      </note>
      <backup>
        <duration>8</duration>
      </backup>
      <note default-x="16">
        <pitch>
          <step>G</step>
          <octave>1</octave>
        </pitch>
        <duration>2</duration>
        <voice>2</voice>
        <type>quarter</type>
        <stem default-y="-19">up</stem>
        <staff>2</staff>
      </note>
      <note default-x="83">
        <pitch>
          <step>G</step>
          <octave>2</octave>
        </pitch>
        <duration>2</duration>
        <voice>2</voice>
        <type>quarter</type>
        <stem default-y="-5">up</stem>
        <staff>2</staff>
      </note>
      <note default-x="149">
        <pitch>
          <step>G</step>
          <octave>2</octave>
        </pitch>
        <duration>2</duration>
        <voice>2</voice>
        <type>quarter</type>
        <stem default-y="-5">up</stem>
        <staff>2</staff>
      </note>
      <note default-x="215">
        <pitch>
          <step>G</step>
          <octave>2</octave>
        </pitch>
        <duration>2</duration>
        <voice>2</voice>
        <type>quarter</type>
        <stem default-y="-5">up</stem>
        <staff>2</staff>
      </note>
    </measure>
    <!--=======================================================-->
    <measure number="3" width="283">
      <note default-x="16">
        <pitch>
          <step>G</step>
          <octave>4</octave>
        </pitch>
        <duration>2</duration>
        <voice>1</voice>
        <type>quarter</type>
        <stem default-y="-58.5">down</stem>
        <staff>1</staff>
      </note>
      <note default-x="16">
        <chord/>
        <pitch>
          <step>B</step>
          <octave>4</octave>
        </pitch>
        <duration>2</duration>
        <voice>1</voice>
        <type>quarter</type>
        <stem>down</stem>
        <staff>1</staff>
      </note>
      <note default-x="16">
        <chord/>
        <pitch>
          <step>D</step>
          <octave>5</octave>
        </pitch>
        <duration>2</duration>
        <voice>1</voice>
        <type>quarter</type>
        <stem>down</stem>
        <staff>1</staff>
      </note>
      <note default-x="83">
        <pitch>
          <step>G</step>
          <octave>4</octave>
        </pitch>
        <duration>2</duration>
        <voice>1</voice>
        <type>quarter</type>
        <stem default-y="-58.5">down</stem>
        <staff>1</staff>
      </note>
      <note default-x="83">
        <chord/>
        <pitch>
          <step>B</step>
          <octave>4</octave>
        </pitch>
        <duration>2</duration>
        <voice>1</voice>
        <type>quarter</type>
        <stem>down</stem>
        <staff>1</staff>
      </note>
      <note default-x="83">
        <chord/>
        <pitch>
          <step>D</step>
          <octave>5</octave>
        </pitch>
        <duration>2</duration>
        <voice>1</voice>
        <type>quarter</type>
        <stem>down</stem>
        <staff>1</staff>
      </note>
      <note default-x="149">
        <pitch>
          <step>G</step>
          <octave>4</octave>
        </pitch>
        <duration>2</duration>
        <voice>1</voice>
        <type>quarter</type>
        <stem default-y="-58.5">down</stem>
        <staff>1</staff>
      </note>
      <note default-x="149">
        <chord/>
        <pitch>
          <step>B</step>
          <octave>4</octave>
        </pitch>
        <duration>2</duration>
        <voice>1</voice>
        <type>quarter</type>
        <stem>down</stem>
        <staff>1</staff>
      </note>
      <note default-x="149">
        <chord/>
        <pitch>
          <step>D</step>
          <octave>5</octave>
        </pitch>
        <duration>2</duration>
        <voice>1</voice>
        <type>quarter</type>
        <stem>down</stem>
        <staff>1</staff>
      </note>
      <direction placement="above">
        <direction-type>
          <words default-y="9" font-family="Times" relative-x="6">3</words>
        </direction-type>
        <staff>1</staff>
      </direction>
      <direction placement="above">
        <direction-type>
          <words default-y="22" font-family="Times" relative-x="3">5</words>
        </direction-type>
        <staff>1</staff>
      </direction>
      <note default-x="216">
        <pitch>
          <step>G</step>
          <octave>4</octave>
        </pitch>
        <duration>2</duration>
        <voice>1</voice>
        <type>quarter</type>
        <stem default-y="-58.5">down</stem>
        <staff>1</staff>
      </note>
      <note default-x="216">
        <chord/>
        <pitch>
          <step>D</step>
          <octave>5</octave>
        </pitch>
        <duration>2</duration>
        <voice>1</voice>
        <type>quarter</type>
        <stem>down</stem>
        <staff>1</staff>
      </note>
      <note default-x="216">
        <chord/>
        <pitch>
          <step>F</step>
          <octave>5</octave>
        </pitch>
        <duration>2</duration>
        <voice>1</voice>
        <type>quarter</type>
        <stem>down</stem>
        <staff>1</staff>
      </note>
      <backup>
        <duration>8</duration>
      </backup>
      <note default-x="16">
        <pitch>
          <step>G</step>
          <octave>1</octave>
        </pitch>
        <duration>2</duration>
        <voice>2</voice>
        <type>quarter</type>
        <stem default-y="-19">up</stem>
        <staff>2</staff>
      </note>
      <note default-x="83">
        <pitch>
          <step>G</step>
          <octave>2</octave>
        </pitch>
        <duration>2</duration>
        <voice>2</voice>
        <type>quarter</type>
        <stem default-y="-5">up</stem>
        <staff>2</staff>
      </note>
      <note default-x="149">
        <pitch>
          <step>G</step>
          <octave>2</octave>
        </pitch>
        <duration>2</duration>
        <voice>2</voice>
        <type>quarter</type>
        <stem default-y="-5">up</stem>
        <staff>2</staff>
      </note>
      <note default-x="216">
        <pitch>
          <step>G</step>
          <octave>2</octave>
        </pitch>
        <duration>2</duration>
        <voice>2</voice>
        <type>quarter</type>
        <stem default-y="-5">up</stem>
        <staff>2</staff>
      </note>
    </measure>
    <!--=======================================================-->
    <measure number="4" width="356">
      <print new-system="yes">
        <system-layout>
          <system-distance>114</system-distance>
        </system-layout>
      </print>
      <note default-x="56">
        <pitch>
          <step>G</step>
          <octave>4</octave>
        </pitch>
        <duration>2</duration>
        <voice>1</voice>
        <type>quarter</type>
        <stem default-y="-59">down</stem>
        <staff>1</staff>
      </note>
      <note default-x="56">
        <chord/>
        <pitch>
          <step>D</step>
          <octave>5</octave>
        </pitch>
        <duration>2</duration>
        <voice>1</voice>
        <type>quarter</type>
        <stem>down</stem>
        <staff>1</staff>
      </note>
      <note default-x="56">
        <chord/>
        <pitch>
          <step>F</step>
          <octave>5</octave>
        </pitch>
        <duration>2</duration>
        <voice>1</voice>
        <type>quarter</type>
        <stem>down</stem>
        <staff>1</staff>
      </note>
      <direction placement="above">
        <direction-type>
          <words default-y="13" font-family="Times" relative-x="9">4</words>
        </direction-type>
        <staff>1</staff>
      </direction>
      <note default-x="131">
        <pitch>
          <step>G</step>
          <octave>4</octave>
        </pitch>
        <duration>2</duration>
        <voice>1</voice>
        <type>quarter</type>
        <stem default-y="-59">down</stem>
        <staff>1</staff>
      </note>
      <note default-x="131">
        <chord/>
        <pitch>
          <step>C</step>
          <octave>5</octave>
        </pitch>
        <duration>2</duration>
        <voice>1</voice>
        <type>quarter</type>
        <stem>down</stem>
        <staff>1</staff>
      </note>
      <note default-x="131">
        <chord/>
        <pitch>
          <step>E</step>
          <octave>5</octave>
        </pitch>
        <duration>2</duration>
        <voice>1</voice>
        <type>quarter</type>
        <stem>down</stem>
        <staff>1</staff>
      </note>
      <note default-x="205">
        <pitch>
          <step>G</step>
          <octave>4</octave>
        </pitch>
        <duration>4</duration>
        <voice>1</voice>
        <type>half</type>
        <stem default-y="-59">down</stem>
        <staff>1</staff>
      </note>
      <note default-x="205">
        <chord/>
        <pitch>
          <step>C</step>
          <octave>5</octave>
        </pitch>
        <duration>4</duration>
        <voice>1</voice>
        <type>half</type>
        <stem>down</stem>
        <staff>1</staff>
      </note>
      <note default-x="205">
        <chord/>
        <pitch>
          <step>E</step>
          <octave>5</octave>
        </pitch>
        <duration>4</duration>
        <voice>1</voice>
        <type>half</type>
        <stem>down</stem>
        <staff>1</staff>
      </note>
      <backup>
        <duration>8</duration>
      </backup>
      <note default-x="56">
        <pitch>
          <step>C</step>
          <octave>2</octave>
        </pitch>
        <duration>2</duration>
        <voice>2</voice>
        <type>quarter</type>
        <stem default-y="-20">up</stem>
        <staff>2</staff>
      </note>
      <note default-x="131">
        <pitch>
          <step>C</step>
          <octave>3</octave>
        </pitch>
        <duration>2</duration>
        <voice>2</voice>
        <type>quarter</type>
        <stem default-y="11">up</stem>
        <staff>2</staff>
      </note>
      <note default-x="205">
        <pitch>
          <step>C</step>
          <octave>3</octave>
        </pitch>
        <duration>2</duration>
        <voice>2</voice>
        <type>quarter</type>
        <stem default-y="11">up</stem>
        <staff>2</staff>
      </note>
      <note default-x="280">
        <pitch>
          <step>C</step>
          <octave>3</octave>
        </pitch>
        <duration>2</duration>
        <voice>2</voice>
        <type>quarter</type>
        <stem default-y="11">up</stem>
        <staff>2</staff>
      </note>
    </measure>
    <!--=======================================================-->
    <measure number="5" width="316">
      <direction placement="above">
        <direction-type>
          <words default-y="13" font-family="Times" relative-x="6">1</words>
        </direction-type>
        <staff>1</staff>
      </direction>
      <direction placement="above">
        <direction-type>
          <words default-y="22" font-family="Times" relative-x="6">3</words>
        </direction-type>
        <staff>1</staff>
      </direction>
      <note default-x="16">
        <pitch>
          <step>C</step>
          <octave>5</octave>
        </pitch>
        <duration>2</duration>
        <voice>1</voice>
        <type>quarter</type>
        <stem default-y="-50.5">down</stem>
        <staff>1</staff>
      </note>
      <note default-x="16">
        <chord/>
        <pitch>
          <step>E</step>
          <octave>5</octave>
        </pitch>
        <duration>2</duration>
        <voice>1</voice>
        <type>quarter</type>
        <stem>down</stem>
        <staff>1</staff>
      </note>
      <note default-x="91">
        <pitch>
          <step>C</step>
          <octave>5</octave>
        </pitch>
        <duration>2</duration>
        <voice>1</voice>
        <type>quarter</type>
        <stem default-y="-50.5">down</stem>
        <staff>1</staff>
      </note>
      <note default-x="91">
        <chord/>
        <pitch>
          <step>E</step>
          <octave>5</octave>
        </pitch>
        <duration>2</duration>
        <voice>1</voice>
        <type>quarter</type>
        <stem>down</stem>
        <staff>1</staff>
      </note>
      <note default-x="166">
        <pitch>
          <step>C</step>
          <octave>5</octave>
        </pitch>
        <duration>2</duration>
        <voice>1</voice>
        <type>quarter</type>
        <stem default-y="-50.5">down</stem>
        <staff>1</staff>
      </note>
      <note default-x="166">
        <chord/>
        <pitch>
          <step>E</step>
          <octave>5</octave>
        </pitch>
        <duration>2</duration>
        <voice>1</voice>
        <type>quarter</type>
        <stem>down</stem>
        <staff>1</staff>
      </note>
      <note default-x="241">
        <pitch>
          <step>C</step>
          <octave>5</octave>
        </pitch>
        <duration>2</duration>
        <voice>1</voice>
        <type>quarter</type>
        <stem default-y="-50.5">down</stem>
        <staff>1</staff>
      </note>
      <note default-x="241">
        <chord/>
        <pitch>
          <step>E</step>
          <octave>5</octave>
        </pitch>
        <duration>2</duration>
        <voice>1</voice>
        <type>quarter</type>
        <stem>down</stem>
        <staff>1</staff>
      </note>
      <note default-x="241">
        <chord/>
        <pitch>
          <step>A</step>
          <octave>5</octave>
        </pitch>
        <duration>2</duration>
        <voice>1</voice>
        <type>quarter</type>
        <stem>down</stem>
        <staff>1</staff>
      </note>
      <backup>
        <duration>8</duration>
      </backup>
      <note default-x="16">
        <pitch>
          <step>A</step>
          <octave>1</octave>
        </pitch>
        <duration>2</duration>
        <voice>2</voice>
        <type>quarter</type>
        <stem default-y="-20">up</stem>
        <staff>2</staff>
      </note>
      <note default-x="91">
        <pitch>
          <step>A</step>
          <octave>2</octave>
        </pitch>
        <duration>2</duration>
        <voice>2</voice>
        <type>quarter</type>
        <stem default-y="0.5">up</stem>
        <staff>2</staff>
      </note>
      <note default-x="166">
        <pitch>
          <step>A</step>
          <octave>2</octave>
        </pitch>
        <duration>2</duration>
        <voice>2</voice>
        <type>quarter</type>
        <stem default-y="0.5">up</stem>
        <staff>2</staff>
      </note>
      <note default-x="241">
        <pitch>
          <step>A</step>
          <octave>2</octave>
        </pitch>
        <duration>2</duration>
        <voice>2</voice>
        <type>quarter</type>
        <stem default-y="0.5">up</stem>
        <staff>2</staff>
      </note>
    </measure>
    <!--=======================================================-->
    <measure number="6" width="317">
      <note default-x="17">
        <pitch>
          <step>B</step>
          <octave>4</octave>
        </pitch>
        <duration>2</duration>
        <voice>1</voice>
        <type>quarter</type>
        <stem default-y="-55">down</stem>
        <staff>1</staff>
      </note>
      <note default-x="17">
        <chord/>
        <pitch>
          <step>D</step>
          <octave>5</octave>
        </pitch>
        <duration>2</duration>
        <voice>1</voice>
        <type>quarter</type>
        <stem>down</stem>
        <staff>1</staff>
      </note>
      <note default-x="17">
        <chord/>
        <pitch>
          <step>G</step>
          <octave>5</octave>
        </pitch>
        <duration>2</duration>
        <voice>1</voice>
        <type>quarter</type>
        <stem>down</stem>
        <staff>1</staff>
      </note>
      <direction placement="above">
        <direction-type>
          <words default-y="3" font-family="Times" relative-x="5">2</words>
        </direction-type>
        <staff>1</staff>
      </direction>
      <direction placement="above">
        <direction-type>
          <words default-y="15" font-family="Times" relative-x="6">4</words>
        </direction-type>
        <staff>1</staff>
      </direction>
      <note default-x="92">
        <pitch>
          <step>B</step>
          <octave>4</octave>
        </pitch>
        <duration>2</duration>
        <voice>1</voice>
        <type>quarter</type>
        <stem default-y="-55">down</stem>
        <staff>1</staff>
      </note>
      <note default-x="92">
        <chord/>
        <pitch>
          <step>D</step>
          <octave>5</octave>
        </pitch>
        <duration>2</duration>
        <voice>1</voice>
        <type>quarter</type>
        <stem>down</stem>
        <staff>1</staff>
      </note>
      <direction placement="above">
        <direction-type>
          <words default-y="4" font-family="Times" relative-x="8">1</words>
        </direction-type>
        <staff>1</staff>
      </direction>
      <direction placement="above">
        <direction-type>
          <words default-y="16" font-family="Times" relative-x="3">2</words>
        </direction-type>
        <staff>1</staff>
      </direction>
      <note default-x="167">
        <pitch>
          <step>G</step>
          <octave>4</octave>
        </pitch>
        <duration>4</duration>
        <voice>1</voice>
        <type>half</type>
        <stem default-y="16">up</stem>
        <staff>1</staff>
      </note>
      <note default-x="167">
        <chord/>
        <pitch>
          <step>B</step>
          <octave>4</octave>
        </pitch>
        <duration>4</duration>
        <voice>1</voice>
        <type>half</type>
        <stem>up</stem>
        <staff>1</staff>
      </note>
      <backup>
        <duration>8</duration>
      </backup>
      <note default-x="17">
        <pitch>
          <step>D</step>
          <octave>2</octave>
        </pitch>
        <duration>2</duration>
        <voice>2</voice>
        <type>quarter</type>
        <stem default-y="-20">up</stem>
        <staff>2</staff>
      </note>
      <note default-x="92">
        <pitch>
          <step>D</step>
          <octave>3</octave>
        </pitch>
        <duration>2</duration>
        <voice>2</voice>
        <type>quarter</type>
        <stem default-y="-55.5">down</stem>
        <staff>2</staff>
      </note>
      <note default-x="167">
        <pitch>
          <step>D</step>
          <octave>3</octave>
        </pitch>
        <duration>2</duration>
        <voice>2</voice>
        <type>quarter</type>
        <stem default-y="-55.5">down</stem>
        <staff>2</staff>
      </note>
      <note default-x="242">
        <pitch>
          <step>D</step>
          <octave>3</octave>
        </pitch>
        <duration>2</duration>
        <voice>2</voice>
        <type>quarter</type>
        <stem default-y="-55.5">down</stem>
        <staff>2</staff>
      </note>
    </measure>
    <!--=======================================================-->
    <measure number="7" width="525">
      <print new-system="yes">
        <system-layout>
          <system-distance>114</system-distance>
        </system-layout>
      </print>
      <direction placement="above">
        <direction-type>
          <words default-y="6" font-family="Times" relative-x="3">3</words>
        </direction-type>
        <staff>1</staff>
      </direction>
      <direction placement="above">
        <direction-type>
          <words default-y="22" font-family="Times" relative-x="6">5</words>
        </direction-type>
        <staff>1</staff>
      </direction>
      <note default-x="56">
        <pitch>
          <step>B</step>
          <octave>4</octave>
        </pitch>
        <duration>2</duration>
        <voice>1</voice>
        <type>quarter</type>
        <stem default-y="-55">down</stem>
        <staff>1</staff>
      </note>
      <note default-x="56">
        <chord/>
        <pitch>
          <step>D</step>
          <octave>5</octave>
        </pitch>
        <duration>2</duration>
        <voice>1</voice>
        <type>quarter</type>
        <stem>down</stem>
        <staff>1</staff>
      </note>
      <direction placement="above">
        <direction-type>
          <words default-y="6" font-family="Times" relative-x="5">2</words>
        </direction-type>
        <staff>1</staff>
      </direction>
      <direction placement="above">
        <direction-type>
          <words default-y="19" font-family="Times" relative-x="4">4</words>
        </direction-type>
        <staff>1</staff>
      </direction>
      <note default-x="173">
        <pitch>
          <step>A</step>
          <octave>4</octave>
        </pitch>
        <duration>2</duration>
        <voice>1</voice>
        <type>quarter</type>
        <stem default-y="-54">down</stem>
        <staff>1</staff>
      </note>
      <note default-x="173">
        <chord/>
        <pitch>
          <step>C</step>
          <octave>5</octave>
        </pitch>
        <duration>2</duration>
        <voice>1</voice>
        <type>quarter</type>
        <stem>down</stem>
        <staff>1</staff>
      </note>
      <direction placement="above">
        <direction-type>
          <words default-y="5" font-family="Times" relative-x="4">1</words>
        </direction-type>
        <staff>1</staff>
      </direction>
      <direction placement="above">
        <direction-type>
          <words default-y="16" font-family="Times" relative-x="5">3</words>
        </direction-type>
        <staff>1</staff>
      </direction>
      <note default-x="291">
        <pitch>
          <step>G</step>
          <octave>4</octave>
        </pitch>
        <duration>2</duration>
        <voice>1</voice>
        <type>quarter</type>
        <stem default-y="15">up</stem>
        <staff>1</staff>
      </note>
      <note default-x="291">
        <chord/>
        <pitch>
          <step>B</step>
          <octave>4</octave>
        </pitch>
        <duration>2</duration>
        <voice>1</voice>
        <type>quarter</type>
        <stem>up</stem>
        <staff>1</staff>
      </note>
      <direction placement="above">
        <direction-type>
          <words default-y="5" font-family="Times" relative-x="5">2</words>
        </direction-type>
        <staff>1</staff>
      </direction>
      <direction placement="above">
        <direction-type>
          <words default-y="16" font-family="Times">5</words>
        </direction-type>
        <staff>1</staff>
      </direction>
      <note default-x="408">
        <pitch>
          <step>D</step>
          <octave>4</octave>
        </pitch>
        <duration>2</duration>
        <voice>1</voice>
        <type>quarter</type>
        <stem default-y="10.5">up</stem>
        <staff>1</staff>
      </note>
      <note default-x="408">
        <chord/>
        <pitch>
          <step>A</step>
          <octave>4</octave>
        </pitch>
        <duration>2</duration>
        <voice>1</voice>
        <type>quarter</type>
        <stem>up</stem>
        <staff>1</staff>
      </note>
      <backup>
        <duration>8</duration>
      </backup>
      <note default-x="56">
        <pitch>
          <step>D</step>
          <octave>2</octave>
        </pitch>
        <duration>2</duration>
        <voice>2</voice>
        <type>quarter</type>
        <stem default-y="-19.5">up</stem>
        <staff>2</staff>
      </note>
      <note default-x="173">
        <pitch>
          <step>D</step>
          <octave>3</octave>
        </pitch>
        <duration>2</duration>
        <voice>2</voice>
        <type>quarter</type>
        <stem default-y="-55">down</stem>
        <staff>2</staff>
      </note>
      <note default-x="291">
        <pitch>
          <step>D</step>
          <octave>3</octave>
        </pitch>
        <duration>2</duration>
        <voice>2</voice>
        <type>quarter</type>
        <stem default-y="-55">down</stem>
        <staff>2</staff>
      </note>
      <note default-x="408">
        <pitch>
          <step>D</step>
          <octave>3</octave>
        </pitch>
        <duration>2</duration>
        <voice>2</voice>
        <type>quarter</type>
        <stem default-y="-55">down</stem>
        <staff>2</staff>
      </note>
    </measure>
    <!--=======================================================-->
    <measure number="8" width="464">
      <direction placement="above">
        <direction-type>
          <words default-y="3" font-family="Times" relative-x="4">1</words>
        </direction-type>
        <staff>1</staff>
      </direction>
      <direction placement="above">
        <direction-type>
          <words default-y="15" font-family="Times" relative-x="3">4</words>
        </direction-type>
        <staff>1</staff>
      </direction>
      <note default-x="16">
        <pitch>
          <step>B</step>
          <octave>3</octave>
        </pitch>
        <duration>8</duration>
        <voice>1</voice>
        <type>whole</type>
        <staff>1</staff>
      </note>
      <note default-x="16">
        <chord/>
        <pitch>
          <step>G</step>
          <octave>4</octave>
        </pitch>
        <duration>8</duration>
        <voice>1</voice>
        <type>whole</type>
        <staff>1</staff>
      </note>
      <backup>
        <duration>8</duration>
      </backup>
      <note default-x="16">
        <pitch>
          <step>G</step>
          <octave>2</octave>
        </pitch>
        <duration>2</duration>
        <voice>2</voice>
        <type>quarter</type>
        <stem default-y="-4">up</stem>
        <staff>2</staff>
      </note>
      <note default-x="135">
        <pitch>
          <step>G</step>
          <octave>3</octave>
        </pitch>
        <duration>2</duration>
        <voice>2</voice>
        <type>quarter</type>
        <stem default-y="-40">down</stem>
        <staff>2</staff>
      </note>
      <note default-x="253">
        <pitch>
          <step>G</step>
          <octave>2</octave>
        </pitch>
        <duration>4</duration>
        <voice>2</voice>
        <type>half</type>
        <stem default-y="-4">up</stem>
        <staff>2</staff>
      </note>
      <barline location="right">
        <bar-style>light-heavy</bar-style>
        <repeat direction="backward" winged="none"/>
      </barline>
    </measure>
    <!--=======================================================-->
    <measure number="9" width="251">
      <print new-system="yes"/>
      <barline location="left">
        <bar-style>heavy-light</bar-style>
        <repeat direction="forward" winged="none"/>
      </barline>
      <direction placement="below">
        <direction-type>
          <dynamics default-x="81" default-y="-89" halign="center">
            <p/>
          </dynamics>
        </direction-type>
        <staff>1</staff>
        <sound dynamics="54"/>
      </direction>
      <note default-x="81">
        <pitch>
          <step>G</step>
          <octave>4</octave>
        </pitch>
        <duration>2</duration>
        <voice>1</voice>
        <type>quarter</type>
        <stem default-y="-59">down</stem>
        <staff>1</staff>
      </note>
      <note default-x="81">
        <chord/>
        <pitch>
          <step>D</step>
          <octave>5</octave>
        </pitch>
        <duration>2</duration>
        <voice>1</voice>
        <type>quarter</type>
        <stem>down</stem>
        <staff>1</staff>
      </note>
      <note default-x="81">
        <chord/>
        <pitch>
          <step>F</step>
          <octave>5</octave>
        </pitch>
        <duration>2</duration>
        <voice>1</voice>
        <type>quarter</type>
        <stem>down</stem>
        <staff>1</staff>
      </note>
      <note default-x="124">
        <pitch>
          <step>G</step>
          <octave>4</octave>
        </pitch>
        <duration>2</duration>
        <voice>1</voice>
        <type>quarter</type>
        <stem default-y="-59">down</stem>
        <staff>1</staff>
      </note>
      <note default-x="124">
        <chord/>
        <pitch>
          <step>D</step>
          <octave>5</octave>
        </pitch>
        <duration>2</duration>
        <voice>1</voice>
        <type>quarter</type>
        <stem>down</stem>
        <staff>1</staff>
      </note>
      <note default-x="124">
        <chord/>
        <pitch>
          <step>F</step>
          <octave>5</octave>
        </pitch>
        <duration>2</duration>
        <voice>1</voice>
        <type>quarter</type>
        <stem>down</stem>
        <staff>1</staff>
      </note>
      <note default-x="166">
        <pitch>
          <step>G</step>
          <octave>4</octave>
        </pitch>
        <duration>2</duration>
        <voice>1</voice>
        <type>quarter</type>
        <stem default-y="-59">down</stem>
        <staff>1</staff>
      </note>
      <note default-x="166">
        <chord/>
        <pitch>
          <step>D</step>
          <octave>5</octave>
        </pitch>
        <duration>2</duration>
        <voice>1</voice>
        <type>quarter</type>
        <stem>down</stem>
        <staff>1</staff>
      </note>
      <note default-x="166">
        <chord/>
        <pitch>
          <step>F</step>
          <octave>5</octave>
        </pitch>
        <duration>2</duration>
        <voice>1</voice>
        <type>quarter</type>
        <stem>down</stem>
        <staff>1</staff>
      </note>
      <note default-x="208">
        <pitch>
          <step>G</step>
          <octave>4</octave>
        </pitch>
        <duration>2</duration>
        <voice>1</voice>
        <type>quarter</type>
        <stem default-y="-59">down</stem>
        <staff>1</staff>
      </note>
      <note default-x="208">
        <chord/>
        <pitch>
          <step>D</step>
          <octave>5</octave>
        </pitch>
        <duration>2</duration>
        <voice>1</voice>
        <type>quarter</type>
        <stem>down</stem>
        <staff>1</staff>
      </note>
      <note default-x="208">
        <chord/>
        <pitch>
          <step>F</step>
          <octave>5</octave>
        </pitch>
        <duration>2</duration>
        <voice>1</voice>
        <type>quarter</type>
        <stem>down</stem>
        <staff>1</staff>
      </note>
      <backup>
        <duration>8</duration>
      </backup>
      <note default-x="81">
        <pitch>
          <step>B</step>
          <octave>1</octave>
        </pitch>
        <duration>2</duration>
        <voice>2</voice>
        <type>quarter</type>
        <stem default-y="-19.5">up</stem>
        <staff>2</staff>
      </note>
      <note default-x="124">
        <pitch>
          <step>B</step>
          <octave>2</octave>
        </pitch>
        <duration>2</duration>
        <voice>2</voice>
        <type>quarter</type>
        <stem default-y="5.5">up</stem>
        <staff>2</staff>
      </note>
      <note default-x="166">
        <pitch>
          <step>B</step>
          <octave>2</octave>
        </pitch>
        <duration>2</duration>
        <voice>2</voice>
        <type>quarter</type>
        <stem default-y="5.5">up</stem>
        <staff>2</staff>
      </note>
      <note default-x="208">
        <pitch>
          <step>B</step>
          <octave>2</octave>
        </pitch>
        <duration>2</duration>
        <voice>2</voice>
        <type>quarter</type>
        <stem default-y="5.5">up</stem>
        <staff>2</staff>
      </note>
    </measure>
    <!--=======================================================-->
    <measure number="10" width="186">
      <note default-x="16">
        <pitch>
          <step>G</step>
          <octave>4</octave>
        </pitch>
        <duration>2</duration>
        <voice>1</voice>
        <type>quarter</type>
        <stem default-y="-59">down</stem>
        <staff>1</staff>
      </note>
      <note default-x="16">
        <chord/>
        <pitch>
          <step>D</step>
          <octave>5</octave>
        </pitch>
        <duration>2</duration>
        <voice>1</voice>
        <type>quarter</type>
        <stem>down</stem>
        <staff>1</staff>
      </note>
      <note default-x="16">
        <chord/>
        <pitch>
          <step>F</step>
          <octave>5</octave>
        </pitch>
        <duration>2</duration>
        <voice>1</voice>
        <type>quarter</type>
        <stem>down</stem>
        <staff>1</staff>
      </note>
      <direction placement="above">
        <direction-type>
          <words default-y="16" font-family="Times" relative-x="5">4</words>
        </direction-type>
        <staff>1</staff>
      </direction>
      <note default-x="59">
        <pitch>
          <step>G</step>
          <octave>4</octave>
        </pitch>
        <duration>2</duration>
        <voice>1</voice>
        <type>quarter</type>
        <stem default-y="-59">down</stem>
        <staff>1</staff>
      </note>
      <note default-x="59">
        <chord/>
        <pitch>
          <step>C</step>
          <octave>5</octave>
        </pitch>
        <duration>2</duration>
        <voice>1</voice>
        <type>quarter</type>
        <stem>down</stem>
        <staff>1</staff>
      </note>
      <note default-x="59">
        <chord/>
        <pitch>
          <step>E</step>
          <octave>5</octave>
        </pitch>
        <duration>2</duration>
        <voice>1</voice>
        <type>quarter</type>
        <stem>down</stem>
        <staff>1</staff>
      </note>
      <note default-x="101">
        <pitch>
          <step>G</step>
          <octave>4</octave>
        </pitch>
        <duration>4</duration>
        <voice>1</voice>
        <type>half</type>
        <stem default-y="-59">down</stem>
        <staff>1</staff>
      </note>
      <note default-x="101">
        <chord/>
        <pitch>
          <step>C</step>
          <octave>5</octave>
        </pitch>
        <duration>4</duration>
        <voice>1</voice>
        <type>half</type>
        <stem>down</stem>
        <staff>1</staff>
      </note>
      <note default-x="101">
        <chord/>
        <pitch>
          <step>E</step>
          <octave>5</octave>
        </pitch>
        <duration>4</duration>
        <voice>1</voice>
        <type>half</type>
        <stem>down</stem>
        <staff>1</staff>
      </note>
      <backup>
        <duration>8</duration>
      </backup>
      <note default-x="16">
        <pitch>
          <step>C</step>
          <octave>2</octave>
        </pitch>
        <duration>2</duration>
        <voice>2</voice>
        <type>quarter</type>
        <stem default-y="-19.5">up</stem>
        <staff>2</staff>
      </note>
      <note default-x="59">
        <pitch>
          <step>C</step>
          <octave>3</octave>
        </pitch>
        <duration>2</duration>
        <voice>2</voice>
        <type>quarter</type>
        <stem default-y="10">up</stem>
        <staff>2</staff>
      </note>
      <note default-x="101">
        <pitch>
          <step>C</step>
          <octave>3</octave>
        </pitch>
        <duration>2</duration>
        <voice>2</voice>
        <type>quarter</type>
        <stem default-y="10">up</stem>
        <staff>2</staff>
      </note>
      <note default-x="143">
        <pitch>
          <step>C</step>
          <octave>3</octave>
        </pitch>
        <duration>2</duration>
        <voice>2</voice>
        <type>quarter</type>
        <stem default-y="10">up</stem>
        <staff>2</staff>
      </note>
    </measure>
    <!--=======================================================-->
    <measure number="11" width="186">
      <note default-x="16">
        <pitch>
          <step>F</step>
          <octave>4</octave>
        </pitch>
        <duration>2</duration>
        <voice>1</voice>
        <type>quarter</type>
        <stem default-y="19">up</stem>
        <staff>1</staff>
      </note>
      <note default-x="29">
        <chord/>
        <pitch>
          <step>G</step>
          <octave>4</octave>
        </pitch>
        <duration>2</duration>
        <voice>1</voice>
        <type>quarter</type>
        <stem>up</stem>
        <staff>1</staff>
      </note>
      <note default-x="16">
        <chord/>
        <pitch>
          <step>B</step>
          <octave>4</octave>
        </pitch>
        <duration>2</duration>
        <voice>1</voice>
        <type>quarter</type>
        <stem>up</stem>
        <staff>1</staff>
      </note>
      <note default-x="16">
        <chord/>
        <pitch>
          <step>D</step>
          <octave>5</octave>
        </pitch>
        <duration>2</duration>
        <voice>1</voice>
        <type>quarter</type>
        <stem>up</stem>
        <staff>1</staff>
      </note>
      <note default-x="59">
        <pitch>
          <step>F</step>
          <octave>4</octave>
        </pitch>
        <duration>2</duration>
        <voice>1</voice>
        <type>quarter</type>
        <stem default-y="19">up</stem>
        <staff>1</staff>
      </note>
      <note default-x="71">
        <chord/>
        <pitch>
          <step>G</step>
          <octave>4</octave>
        </pitch>
        <duration>2</duration>
        <voice>1</voice>
        <type>quarter</type>
        <stem>up</stem>
        <staff>1</staff>
      </note>
      <note default-x="59">
        <chord/>
        <pitch>
          <step>B</step>
          <octave>4</octave>
        </pitch>
        <duration>2</duration>
        <voice>1</voice>
        <type>quarter</type>
        <stem>up</stem>
        <staff>1</staff>
      </note>
      <note default-x="59">
        <chord/>
        <pitch>
          <step>D</step>
          <octave>5</octave>
        </pitch>
        <duration>2</duration>
        <voice>1</voice>
        <type>quarter</type>
        <stem>up</stem>
        <staff>1</staff>
      </note>
      <note default-x="101">
        <pitch>
          <step>F</step>
          <octave>4</octave>
        </pitch>
        <duration>2</duration>
        <voice>1</voice>
        <type>quarter</type>
        <stem default-y="19">up</stem>
        <staff>1</staff>
      </note>
      <note default-x="113">
        <chord/>
        <pitch>
          <step>G</step>
          <octave>4</octave>
        </pitch>
        <duration>2</duration>
        <voice>1</voice>
        <type>quarter</type>
        <stem>up</stem>
        <staff>1</staff>
      </note>
      <note default-x="101">
        <chord/>
        <pitch>
          <step>B</step>
          <octave>4</octave>
        </pitch>
        <duration>2</duration>
        <voice>1</voice>
        <type>quarter</type>
        <stem>up</stem>
        <staff>1</staff>
      </note>
      <note default-x="101">
        <chord/>
        <pitch>
          <step>D</step>
          <octave>5</octave>
        </pitch>
        <duration>2</duration>
        <voice>1</voice>
        <type>quarter</type>
        <stem>up</stem>
        <staff>1</staff>
      </note>
      <note default-x="143">
        <pitch>
          <step>F</step>
          <octave>4</octave>
        </pitch>
        <duration>2</duration>
        <voice>1</voice>
        <type>quarter</type>
        <stem default-y="19">up</stem>
        <staff>1</staff>
      </note>
      <note default-x="156">
        <chord/>
        <pitch>
          <step>G</step>
          <octave>4</octave>
        </pitch>
        <duration>2</duration>
        <voice>1</voice>
        <type>quarter</type>
        <stem>up</stem>
        <staff>1</staff>
      </note>
      <note default-x="143">
        <chord/>
        <pitch>
          <step>B</step>
          <octave>4</octave>
        </pitch>
        <duration>2</duration>
        <voice>1</voice>
        <type>quarter</type>
        <stem>up</stem>
        <staff>1</staff>
      </note>
      <note default-x="143">
        <chord/>
        <pitch>
          <step>D</step>
          <octave>5</octave>
        </pitch>
        <duration>2</duration>
        <voice>1</voice>
        <type>quarter</type>
        <stem>up</stem>
        <staff>1</staff>
      </note>
      <backup>
        <duration>8</duration>
      </backup>
      <note default-x="16">
        <pitch>
          <step>G</step>
          <octave>1</octave>
        </pitch>
        <duration>2</duration>
        <voice>2</voice>
        <type>quarter</type>
        <stem default-y="-19.5">up</stem>
        <staff>2</staff>
      </note>
      <note default-x="59">
        <pitch>
          <step>G</step>
          <octave>2</octave>
        </pitch>
        <duration>2</duration>
        <voice>2</voice>
        <type>quarter</type>
        <stem default-y="-4.5">up</stem>
        <staff>2</staff>
      </note>
      <note default-x="101">
        <pitch>
          <step>G</step>
          <octave>2</octave>
        </pitch>
        <duration>2</duration>
        <voice>2</voice>
        <type>quarter</type>
        <stem default-y="-4.5">up</stem>
        <staff>2</staff>
      </note>
      <note default-x="143">
        <pitch>
          <step>G</step>
          <octave>2</octave>
        </pitch>
        <duration>2</duration>
        <voice>2</voice>
        <type>quarter</type>
        <stem default-y="-4.5">up</stem>
        <staff>2</staff>
      </note>
    </measure>
    <!--=======================================================-->
    <measure number="12" width="186">
      <note default-x="16">
        <pitch>
          <step>F</step>
          <octave>4</octave>
        </pitch>
        <duration>2</duration>
        <voice>1</voice>
        <type>quarter</type>
        <stem default-y="19">up</stem>
        <staff>1</staff>
      </note>
      <note default-x="29">
        <chord/>
        <pitch>
          <step>G</step>
          <octave>4</octave>
        </pitch>
        <duration>2</duration>
        <voice>1</voice>
        <type>quarter</type>
        <stem>up</stem>
        <staff>1</staff>
      </note>
      <note default-x="16">
        <chord/>
        <pitch>
          <step>B</step>
          <octave>4</octave>
        </pitch>
        <duration>2</duration>
        <voice>1</voice>
        <type>quarter</type>
        <stem>up</stem>
        <staff>1</staff>
      </note>
      <note default-x="16">
        <chord/>
        <pitch>
          <step>D</step>
          <octave>5</octave>
        </pitch>
        <duration>2</duration>
        <voice>1</voice>
        <type>quarter</type>
        <stem>up</stem>
        <staff>1</staff>
      </note>
      <note default-x="59">
        <pitch>
          <step>E</step>
          <octave>4</octave>
        </pitch>
        <duration>2</duration>
        <voice>1</voice>
        <type>quarter</type>
        <stem default-y="14">up</stem>
        <staff>1</staff>
      </note>
      <note default-x="59">
        <chord/>
        <pitch>
          <step>G</step>
          <octave>4</octave>
        </pitch>
        <duration>2</duration>
        <voice>1</voice>
        <type>quarter</type>
        <stem>up</stem>
        <staff>1</staff>
      </note>
      <note default-x="59">
        <chord/>
        <pitch>
          <step>C</step>
          <octave>5</octave>
        </pitch>
        <duration>2</duration>
        <voice>1</voice>
        <type>quarter</type>
        <stem>up</stem>
        <staff>1</staff>
      </note>
      <note default-x="101">
        <pitch>
          <step>E</step>
          <octave>4</octave>
        </pitch>
        <duration>4</duration>
        <voice>1</voice>
        <type>half</type>
        <stem default-y="14">up</stem>
        <staff>1</staff>
      </note>
      <note default-x="101">
        <chord/>
        <pitch>
          <step>G</step>
          <octave>4</octave>
        </pitch>
        <duration>4</duration>
        <voice>1</voice>
        <type>half</type>
        <stem>up</stem>
        <staff>1</staff>
      </note>
      <note default-x="101">
        <chord/>
        <pitch>
          <step>C</step>
          <octave>5</octave>
        </pitch>
        <duration>4</duration>
        <voice>1</voice>
        <type>half</type>
        <stem>up</stem>
        <staff>1</staff>
      </note>
      <backup>
        <duration>8</duration>
      </backup>
      <note default-x="16">
        <pitch>
          <step>C</step>
          <octave>2</octave>
        </pitch>
        <duration>2</duration>
        <voice>2</voice>
        <type>quarter</type>
        <stem default-y="-19.5">up</stem>
        <staff>2</staff>
      </note>
      <note default-x="59">
        <pitch>
          <step>C</step>
          <octave>3</octave>
        </pitch>
        <duration>2</duration>
        <voice>2</voice>
        <type>quarter</type>
        <stem default-y="10">up</stem>
        <staff>2</staff>
      </note>
      <note default-x="101">
        <pitch>
          <step>C</step>
          <octave>3</octave>
        </pitch>
        <duration>2</duration>
        <voice>2</voice>
        <type>quarter</type>
        <stem default-y="10">up</stem>
        <staff>2</staff>
      </note>
      <note default-x="143">
        <pitch>
          <step>C</step>
          <octave>3</octave>
        </pitch>
        <duration>2</duration>
        <voice>2</voice>
        <type>quarter</type>
        <stem default-y="10">up</stem>
        <staff>2</staff>
      </note>
    </measure>
    <!--=======================================================-->
    <measure number="13" width="179">
      <direction placement="below">
        <direction-type>
          <dynamics default-x="16" default-y="-73" halign="center">
            <f/>
          </dynamics>
        </direction-type>
        <staff>1</staff>
        <sound dynamics="98"/>
      </direction>
      <direction placement="above">
        <direction-type>
          <words default-y="3" font-family="Times" relative-x="10">3</words>
        </direction-type>
        <staff>1</staff>
      </direction>
      <note default-x="16">
        <pitch>
          <step>F</step>
          <octave>4</octave>
        </pitch>
        <duration>2</duration>
        <voice>1</voice>
        <type>quarter</type>
        <stem default-y="10.5">up</stem>
        <staff>1</staff>
      </note>
      <note default-x="16">
        <chord/>
        <pitch>
          <step>A</step>
          <octave>4</octave>
        </pitch>
        <duration>2</duration>
        <voice>1</voice>
        <type>quarter</type>
        <stem>up</stem>
        <staff>1</staff>
      </note>
      <direction placement="above">
        <direction-type>
          <words default-y="10" font-family="Times" relative-x="10">5</words>
        </direction-type>
        <staff>1</staff>
      </direction>
      <note default-x="57">
        <pitch>
          <step>F</step>
          <octave>4</octave>
        </pitch>
        <duration>2</duration>
        <voice>1</voice>
        <type>quarter</type>
        <stem default-y="14">up</stem>
        <staff>1</staff>
      </note>
      <note default-x="57">
        <chord/>
        <pitch>
          <step>A</step>
          <octave>4</octave>
        </pitch>
        <duration>2</duration>
        <voice>1</voice>
        <type>quarter</type>
        <stem>up</stem>
        <staff>1</staff>
      </note>
      <note default-x="57">
        <chord/>
        <pitch>
          <step>C</step>
          <octave>5</octave>
        </pitch>
        <duration>2</duration>
        <voice>1</voice>
        <type>quarter</type>
        <stem>up</stem>
        <staff>1</staff>
      </note>
      <direction placement="above">
        <direction-type>
          <words default-y="16" font-family="Times" relative-x="6">2</words>
        </direction-type>
        <staff>1</staff>
      </direction>
      <direction placement="above">
        <direction-type>
          <words default-y="30" font-family="Times" relative-x="8">5</words>
        </direction-type>
        <staff>1</staff>
      </direction>
      <note default-x="98">
        <pitch>
          <step>A</step>
          <octave>4</octave>
        </pitch>
        <duration>2</duration>
        <voice>1</voice>
        <type>quarter</type>
        <stem default-y="-54">down</stem>
        <staff>1</staff>
      </note>
      <note default-x="98">
        <chord/>
        <pitch>
          <step>C</step>
          <octave>5</octave>
        </pitch>
        <duration>2</duration>
        <voice>1</voice>
        <type>quarter</type>
        <stem>down</stem>
        <staff>1</staff>
      </note>
      <note default-x="98">
        <chord/>
        <pitch>
          <step>F</step>
          <octave>5</octave>
        </pitch>
        <duration>2</duration>
        <voice>1</voice>
        <type>quarter</type>
        <stem>down</stem>
        <staff>1</staff>
      </note>
      <direction placement="above">
        <direction-type>
          <words default-y="24" font-family="Times" relative-x="7">3</words>
        </direction-type>
        <staff>1</staff>
      </direction>
      <direction placement="above">
        <direction-type>
          <words default-y="38" font-family="Times" relative-x="5">5</words>
        </direction-type>
        <staff>1</staff>
      </direction>
      <note default-x="138">
        <pitch>
          <step>C</step>
          <octave>5</octave>
        </pitch>
        <duration>2</duration>
        <voice>1</voice>
        <type>quarter</type>
        <stem default-y="-50">down</stem>
        <staff>1</staff>
      </note>
      <note default-x="138">
        <chord/>
        <pitch>
          <step>F</step>
          <octave>5</octave>
        </pitch>
        <duration>2</duration>
        <voice>1</voice>
        <type>quarter</type>
        <stem>down</stem>
        <staff>1</staff>
      </note>
      <note default-x="138">
        <chord/>
        <pitch>
          <step>A</step>
          <octave>5</octave>
        </pitch>
        <duration>2</duration>
        <voice>1</voice>
        <type>quarter</type>
        <stem>down</stem>
        <staff>1</staff>
      </note>
      <backup>
        <duration>8</duration>
      </backup>
      <note default-x="16">
        <pitch>
          <step>F</step>
          <octave>1</octave>
        </pitch>
        <duration>2</duration>
        <voice>2</voice>
        <type>quarter</type>
        <stem default-y="-19.5">up</stem>
        <staff>2</staff>
      </note>
      <note default-x="57">
        <pitch>
          <step>F</step>
          <octave>2</octave>
        </pitch>
        <duration>2</duration>
        <voice>2</voice>
        <type>quarter</type>
        <stem default-y="-9">up</stem>
        <staff>2</staff>
      </note>
      <note default-x="98">
        <pitch>
          <step>F</step>
          <octave>2</octave>
        </pitch>
        <duration>2</duration>
        <voice>2</voice>
        <type>quarter</type>
        <stem default-y="-9">up</stem>
        <staff>2</staff>
      </note>
      <note default-x="138">
        <pitch>
          <step>F</step>
          <octave>2</octave>
        </pitch>
        <duration>2</duration>
        <voice>2</voice>
        <type>quarter</type>
        <stem default-y="-9">up</stem>
        <staff>2</staff>
      </note>
    </measure>
    <!--=======================================================-->
    <measure number="14" width="359">
      <print new-page="yes"/>
      <direction placement="above">
        <direction-type>
          <words default-y="19" font-family="Times" relative-x="5">4</words>
        </direction-type>
        <staff>1</staff>
      </direction>
      <note default-x="56">
        <pitch>
          <step>C</step>
          <octave>5</octave>
        </pitch>
        <duration>2</duration>
        <voice>1</voice>
        <type>quarter</type>
        <stem default-y="-50">down</stem>
        <staff>1</staff>
      </note>
      <note default-x="56">
        <chord/>
        <pitch>
          <step>E</step>
          <octave>5</octave>
        </pitch>
        <duration>2</duration>
        <voice>1</voice>
        <type>quarter</type>
        <stem>down</stem>
        <staff>1</staff>
      </note>
      <note default-x="56">
        <chord/>
        <pitch>
          <step>G</step>
          <octave>5</octave>
        </pitch>
        <duration>2</duration>
        <voice>1</voice>
        <type>quarter</type>
        <stem>down</stem>
        <staff>1</staff>
      </note>
      <note default-x="131">
        <pitch>
          <step>C</step>
          <octave>5</octave>
        </pitch>
        <duration>2</duration>
        <voice>1</voice>
        <type>quarter</type>
        <stem default-y="-50">down</stem>
        <staff>1</staff>
      </note>
      <note default-x="131">
        <chord/>
        <pitch>
          <step>E</step>
          <octave>5</octave>
        </pitch>
        <duration>2</duration>
        <voice>1</voice>
        <type>quarter</type>
        <stem>down</stem>
        <staff>1</staff>
      </note>
      <note default-x="131">
        <chord/>
        <pitch>
          <step>G</step>
          <octave>5</octave>
        </pitch>
        <duration>2</duration>
        <voice>1</voice>
        <type>quarter</type>
        <stem>down</stem>
        <staff>1</staff>
      </note>
      <direction placement="above">
        <direction-type>
          <words default-y="28" font-family="Times" relative-x="7">3</words>
        </direction-type>
        <staff>1</staff>
      </direction>
      <direction placement="above">
        <direction-type>
          <words default-y="45" font-family="Times" relative-x="5">5</words>
        </direction-type>
        <staff>1</staff>
      </direction>
      <note default-x="207">
        <pitch>
          <step>E</step>
          <octave>5</octave>
        </pitch>
        <duration>4</duration>
        <voice>1</voice>
        <type>half</type>
        <stem default-y="-40">down</stem>
        <staff>1</staff>
      </note>
      <note default-x="207">
        <chord/>
        <pitch>
          <step>G</step>
          <octave>5</octave>
        </pitch>
        <duration>4</duration>
        <voice>1</voice>
        <type>half</type>
        <stem>down</stem>
        <staff>1</staff>
      </note>
      <note default-x="207">
        <chord/>
        <pitch>
          <step>C</step>
          <octave>6</octave>
        </pitch>
        <duration>4</duration>
        <voice>1</voice>
        <type>half</type>
        <stem>down</stem>
        <staff>1</staff>
      </note>
      <backup>
        <duration>8</duration>
      </backup>
      <note default-x="56">
        <pitch>
          <step>G</step>
          <octave>1</octave>
        </pitch>
        <duration>2</duration>
        <voice>2</voice>
        <type>quarter</type>
        <stem default-y="-19.5">up</stem>
        <staff>2</staff>
      </note>
      <note default-x="131">
        <pitch>
          <step>G</step>
          <octave>2</octave>
        </pitch>
        <duration>2</duration>
        <voice>2</voice>
        <type>quarter</type>
        <stem default-y="-4">up</stem>
        <staff>2</staff>
      </note>
      <note default-x="207">
        <pitch>
          <step>G</step>
          <octave>2</octave>
        </pitch>
        <duration>2</duration>
        <voice>2</voice>
        <type>quarter</type>
        <stem default-y="-4">up</stem>
        <staff>2</staff>
      </note>
      <note default-x="283">
        <pitch>
          <step>G</step>
          <octave>2</octave>
        </pitch>
        <duration>2</duration>
        <voice>2</voice>
        <type>quarter</type>
        <stem default-y="-4">up</stem>
        <staff>2</staff>
      </note>
    </measure>
    <!--=======================================================-->
    <measure number="15" width="319">
      <direction placement="above">
        <direction-type>
          <words default-y="12" font-family="Times" relative-x="5">1</words>
        </direction-type>
        <staff>1</staff>
      </direction>
      <direction placement="above">
        <direction-type>
          <words default-y="31" font-family="Times" relative-x="6">3</words>
        </direction-type>
        <staff>1</staff>
      </direction>
      <note default-x="16">
        <pitch>
          <step>E</step>
          <octave>5</octave>
        </pitch>
        <duration>2</duration>
        <voice>1</voice>
        <type>quarter</type>
        <stem default-y="-40">down</stem>
        <staff>1</staff>
      </note>
      <note default-x="16">
        <chord/>
        <pitch>
          <step>G</step>
          <octave>5</octave>
        </pitch>
        <duration>2</duration>
        <voice>1</voice>
        <type>quarter</type>
        <stem>down</stem>
        <staff>1</staff>
      </note>
      <direction placement="above">
        <direction-type>
          <words default-y="10" font-family="Times" relative-x="4">2</words>
        </direction-type>
        <staff>1</staff>
      </direction>
      <direction placement="above">
        <direction-type>
          <words default-y="26" font-family="Times" relative-x="4">4</words>
        </direction-type>
        <staff>1</staff>
      </direction>
      <note default-x="92">
        <pitch>
          <step>D</step>
          <octave>5</octave>
        </pitch>
        <duration>2</duration>
        <voice>1</voice>
        <type>quarter</type>
        <stem default-y="-45.5">down</stem>
        <staff>1</staff>
      </note>
      <note default-x="92">
        <chord/>
        <pitch>
          <step>F</step>
          <octave>5</octave>
        </pitch>
        <duration>2</duration>
        <voice>1</voice>
        <type>quarter</type>
        <stem>down</stem>
        <staff>1</staff>
      </note>
      <direction placement="above">
        <direction-type>
          <words default-y="12" font-family="Times" relative-x="8">1</words>
        </direction-type>
        <staff>1</staff>
      </direction>
      <direction placement="above">
        <direction-type>
          <words default-y="28" font-family="Times" relative-x="5">3</words>
        </direction-type>
        <staff>1</staff>
      </direction>
      <note default-x="168">
        <pitch>
          <step>C</step>
          <octave>5</octave>
        </pitch>
        <duration>2</duration>
        <voice>1</voice>
        <type>quarter</type>
        <stem default-y="-50">down</stem>
        <staff>1</staff>
      </note>
      <note default-x="168">
        <chord/>
        <pitch>
          <step>E</step>
          <octave>5</octave>
        </pitch>
        <duration>2</duration>
        <voice>1</voice>
        <type>quarter</type>
        <stem>down</stem>
        <staff>1</staff>
      </note>
      <direction placement="above">
        <direction-type>
          <words default-y="4" font-family="Times" relative-x="8">2</words>
        </direction-type>
        <staff>1</staff>
      </direction>
      <direction placement="above">
        <direction-type>
          <words default-y="26" font-family="Times" relative-x="9">5</words>
        </direction-type>
        <staff>1</staff>
      </direction>
      <note default-x="243">
        <pitch>
          <step>G</step>
          <octave>4</octave>
        </pitch>
        <duration>2</duration>
        <voice>1</voice>
        <type>quarter</type>
        <stem default-y="-59">down</stem>
        <staff>1</staff>
      </note>
      <note default-x="243">
        <chord/>
        <pitch>
          <step>D</step>
          <octave>5</octave>
        </pitch>
        <duration>2</duration>
        <voice>1</voice>
        <type>quarter</type>
        <stem>down</stem>
        <staff>1</staff>
      </note>
      <backup>
        <duration>8</duration>
      </backup>
      <note default-x="16">
        <pitch>
          <step>G</step>
          <octave>1</octave>
        </pitch>
        <duration>2</duration>
        <voice>2</voice>
        <type>quarter</type>
        <stem default-y="-19.5">up</stem>
        <staff>2</staff>
      </note>
      <note default-x="92">
        <pitch>
          <step>G</step>
          <octave>2</octave>
        </pitch>
        <duration>2</duration>
        <voice>2</voice>
        <type>quarter</type>
        <stem default-y="-4">up</stem>
        <staff>2</staff>
      </note>
      <note default-x="168">
        <pitch>
          <step>G</step>
          <octave>2</octave>
        </pitch>
        <duration>2</duration>
        <voice>2</voice>
        <type>quarter</type>
        <stem default-y="-4">up</stem>
        <staff>2</staff>
      </note>
      <note default-x="243">
        <pitch>
          <step>G</step>
          <octave>2</octave>
        </pitch>
        <duration>2</duration>
        <voice>2</voice>
        <type>quarter</type>
        <stem default-y="-4">up</stem>
        <staff>2</staff>
      </note>
    </measure>
    <!--=======================================================-->
    <measure number="16" width="311">
      <direction placement="above">
        <direction-type>
          <words default-y="4" font-family="Times" relative-x="5">1</words>
        </direction-type>
        <staff>1</staff>
      </direction>
      <direction placement="above">
        <direction-type>
          <words default-y="20" font-family="Times" relative-x="6">4</words>
        </direction-type>
        <staff>1</staff>
      </direction>
      <note default-x="16">
        <pitch>
          <step>E</step>
          <octave>4</octave>
        </pitch>
        <duration>8</duration>
        <voice>1</voice>
        <type>whole</type>
        <staff>1</staff>
      </note>
      <note default-x="16">
        <chord/>
        <pitch>
          <step>C</step>
          <octave>5</octave>
        </pitch>
        <duration>8</duration>
        <voice>1</voice>
        <type>whole</type>
        <staff>1</staff>
      </note>
      <backup>
        <duration>8</duration>
      </backup>
      <note default-x="16">
        <pitch>
          <step>C</step>
          <octave>2</octave>
        </pitch>
        <duration>2</duration>
        <voice>2</voice>
        <type>quarter</type>
        <stem default-y="-19.5">up</stem>
        <staff>2</staff>
      </note>
      <note default-x="93">
        <pitch>
          <step>C</step>
          <octave>3</octave>
        </pitch>
        <duration>2</duration>
        <voice>2</voice>
        <type>quarter</type>
        <stem default-y="10">up</stem>
        <staff>2</staff>
      </note>
      <note default-x="169">
        <pitch>
          <step>C</step>
          <octave>2</octave>
        </pitch>
        <duration>4</duration>
        <voice>2</voice>
        <type>half</type>
        <stem default-y="-19.5">up</stem>
        <staff>2</staff>
      </note>
      <barline location="right">
        <bar-style>light-heavy</bar-style>
        <repeat direction="backward" winged="none"/>
      </barline>
    </measure>
  </part>
  <!--=========================================================-->
</score-partwise>
