<?xml version="1.0" encoding="UTF-8" standalone="no"?>
<!DOCTYPE score-partwise PUBLIC "-//Recordare//DTD MusicXML 3.0 Partwise//EN" "http://www.musicxml.org/dtds/partwise.dtd">
<score-partwise version="3.0">
  <movement-title>Czerny No. 11</movement-title>
  <identification>
    <rights>©</rights>
    <encoding>
      <software>PrintMusic 2014 for Windows</software>
      <software>Dolet Light for PrintMusic 2014</software>
      <encoding-date>2014-11-10</encoding-date>
      <supports attribute="new-system" element="print" type="yes" value="yes"/>
      <supports attribute="new-page" element="print" type="yes" value="yes"/>
      <supports element="accidental" type="yes"/>
      <supports element="beam" type="yes"/>
      <supports element="stem" type="yes"/>
    </encoding>
  </identification>
  <defaults>
    <scaling>
      <millimeters>7.1967</millimeters>
      <tenths>40</tenths>
    </scaling>
    <page-layout>
      <page-height>1553</page-height>
      <page-width>1200</page-width>
      <page-margins type="both">
        <left-margin>141</left-margin>
        <right-margin>70</right-margin>
        <top-margin>88</top-margin>
        <bottom-margin>88</bottom-margin>
      </page-margins>
    </page-layout>
    <system-layout>
      <system-margins>
        <left-margin>0</left-margin>
        <right-margin>0</right-margin>
      </system-margins>
      <system-distance>121</system-distance>
      <top-system-distance>70</top-system-distance>
    </system-layout>
    <staff-layout>
      <staff-distance>80</staff-distance>
    </staff-layout>
    <appearance>
      <line-width type="stem">0.7487</line-width>
      <line-width type="beam">5</line-width>
      <line-width type="staff">0.7487</line-width>
      <line-width type="light barline">0.7487</line-width>
      <line-width type="heavy barline">5</line-width>
      <line-width type="leger">0.7487</line-width>
      <line-width type="ending">0.7487</line-width>
      <line-width type="wedge">0.7487</line-width>
      <line-width type="enclosure">0.7487</line-width>
      <line-width type="tuplet bracket">0.7487</line-width>
      <note-size type="grace">60</note-size>
      <note-size type="cue">60</note-size>
      <distance type="hyphen">120</distance>
      <distance type="beam">8</distance>
    </appearance>
    <music-font font-family="Maestro,engraved" font-size="20.4"/>
    <word-font font-family="Times New Roman" font-size="10.2"/>
  </defaults>
  <credit page="1">
    <credit-words default-x="635" default-y="1447" font-size="24" justify="center" valign="top">Czerny No. 11</credit-words>
  </credit>
  <credit page="1">
    <credit-words default-x="635" default-y="70" font-size="10" justify="center" valign="bottom">©</credit-words>
  </credit>
  <part-list>
    <score-part id="P1">
      <part-name>Piano</part-name>
      <part-abbreviation>Pno.</part-abbreviation>
      <score-instrument id="P1-I1">
        <instrument-name>SmartMusic SoftSynth</instrument-name>
        <instrument-sound>keyboard.piano</instrument-sound>
        <virtual-instrument/>
      </score-instrument>
      <midi-device>Bank 1</midi-device>
      <midi-instrument id="P1-I1">
        <midi-channel>1</midi-channel>
        <midi-bank>15489</midi-bank>
        <midi-program>1</midi-program>
        <volume>80</volume>
        <pan>0</pan>
      </midi-instrument>
    </score-part>
  </part-list>
  <!--=========================================================-->
  <part id="P1">
    <measure number="1" width="241">
      <print>
        <system-layout>
          <system-margins>
            <left-margin>70</left-margin>
            <right-margin>0</right-margin>
          </system-margins>
          <top-system-distance>152</top-system-distance>
        </system-layout>
        <measure-numbering>system</measure-numbering>
      </print>
      <attributes>
        <divisions>2</divisions>
        <key>
          <fifths>0</fifths>
          <mode>major</mode>
        </key>
        <time symbol="common">
          <beats>4</beats>
          <beat-type>4</beat-type>
        </time>
        <staves>2</staves>
        <clef number="1">
          <sign>G</sign>
          <line>2</line>
        </clef>
        <clef number="2">
          <sign>G</sign>
          <line>2</line>
        </clef>
      </attributes>
      <sound tempo="120"/>
      <direction placement="below">
        <direction-type>
          <words default-y="-65" relative-x="8">1</words>
        </direction-type>
        <staff>1</staff>
      </direction>
      <direction placement="above">
        <direction-type>
          <words default-y="12" relative-x="9">1</words>
        </direction-type>
        <staff>1</staff>
      </direction>
      <note default-x="88">
        <pitch>
          <step>C</step>
          <octave>5</octave>
        </pitch>
        <duration>2</duration>
        <voice>1</voice>
        <type>quarter</type>
        <stem default-y="-50">down</stem>
        <staff>1</staff>
        <notations>
          <slur number="1" placement="above" type="start"/>
        </notations>
      </note>
      <direction placement="above">
        <direction-type>
          <words default-y="33" relative-x="5">3</words>
        </direction-type>
        <staff>1</staff>
      </direction>
      <note default-x="126">
        <pitch>
          <step>E</step>
          <octave>5</octave>
        </pitch>
        <duration>2</duration>
        <voice>1</voice>
        <type>quarter</type>
        <stem default-y="-40">down</stem>
        <staff>1</staff>
      </note>
      <note default-x="164">
        <pitch>
          <step>C</step>
          <octave>5</octave>
        </pitch>
        <duration>2</duration>
        <voice>1</voice>
        <type>quarter</type>
        <stem default-y="-50">down</stem>
        <staff>1</staff>
      </note>
      <note default-x="202">
        <pitch>
          <step>E</step>
          <octave>5</octave>
        </pitch>
        <duration>2</duration>
        <voice>1</voice>
        <type>quarter</type>
        <stem default-y="-40">down</stem>
        <staff>1</staff>
      </note>
      <backup>
        <duration>8</duration>
      </backup>
      <direction placement="above">
        <direction-type>
          <words default-y="33" relative-x="6">1</words>
        </direction-type>
        <staff>2</staff>
      </direction>
      <direction placement="above">
        <direction-type>
          <words default-y="33" relative-x="10">2</words>
        </direction-type>
        <staff>2</staff>
      </direction>
      <direction placement="above">
        <direction-type>
          <words default-y="33" relative-x="9">4</words>
        </direction-type>
        <staff>2</staff>
      </direction>
      <note default-x="88">
        <pitch>
          <step>C</step>
          <octave>4</octave>
        </pitch>
        <duration>8</duration>
        <voice>2</voice>
        <type>whole</type>
        <staff>2</staff>
      </note>
      <note default-x="88">
        <chord/>
        <pitch>
          <step>E</step>
          <octave>4</octave>
        </pitch>
        <duration>8</duration>
        <voice>2</voice>
        <type>whole</type>
        <staff>2</staff>
      </note>
      <note default-x="88">
        <chord/>
        <pitch>
          <step>G</step>
          <octave>4</octave>
        </pitch>
        <duration>8</duration>
        <voice>2</voice>
        <type>whole</type>
        <staff>2</staff>
      </note>
    </measure>
    <!--=======================================================-->
    <measure number="2" width="170">
      <direction placement="above">
        <direction-type>
          <words default-y="33" relative-x="6">5</words>
        </direction-type>
        <staff>1</staff>
      </direction>
      <note default-x="17">
        <pitch>
          <step>G</step>
          <octave>5</octave>
        </pitch>
        <duration>2</duration>
        <voice>1</voice>
        <type>quarter</type>
        <stem default-y="-30">down</stem>
        <staff>1</staff>
      </note>
      <note default-x="54">
        <pitch>
          <step>E</step>
          <octave>5</octave>
        </pitch>
        <duration>2</duration>
        <voice>1</voice>
        <type>quarter</type>
        <stem default-y="-40">down</stem>
        <staff>1</staff>
      </note>
      <note default-x="93">
        <pitch>
          <step>C</step>
          <octave>5</octave>
        </pitch>
        <duration>2</duration>
        <voice>1</voice>
        <type>quarter</type>
        <stem default-y="-50">down</stem>
        <staff>1</staff>
      </note>
      <note default-x="131">
        <pitch>
          <step>E</step>
          <octave>5</octave>
        </pitch>
        <duration>2</duration>
        <voice>1</voice>
        <type>quarter</type>
        <stem default-y="-40">down</stem>
        <staff>1</staff>
      </note>
      <backup>
        <duration>8</duration>
      </backup>
      <note default-x="17">
        <pitch>
          <step>C</step>
          <octave>4</octave>
        </pitch>
        <duration>8</duration>
        <voice>2</voice>
        <type>whole</type>
        <staff>2</staff>
      </note>
      <note default-x="17">
        <chord/>
        <pitch>
          <step>E</step>
          <octave>4</octave>
        </pitch>
        <duration>8</duration>
        <voice>2</voice>
        <type>whole</type>
        <staff>2</staff>
      </note>
      <note default-x="17">
        <chord/>
        <pitch>
          <step>G</step>
          <octave>4</octave>
        </pitch>
        <duration>8</duration>
        <voice>2</voice>
        <type>whole</type>
        <staff>2</staff>
      </note>
    </measure>
    <!--=======================================================-->
    <measure number="3" width="170">
      <direction placement="above">
        <direction-type>
          <words default-y="33" relative-x="9">2</words>
        </direction-type>
        <staff>1</staff>
      </direction>
      <note default-x="17">
        <pitch>
          <step>D</step>
          <octave>5</octave>
        </pitch>
        <duration>2</duration>
        <voice>1</voice>
        <type>quarter</type>
        <stem default-y="-45">down</stem>
        <staff>1</staff>
      </note>
      <direction placement="above">
        <direction-type>
          <words default-y="33" relative-x="10">5</words>
        </direction-type>
        <staff>1</staff>
      </direction>
      <note default-x="54">
        <pitch>
          <step>G</step>
          <octave>5</octave>
        </pitch>
        <duration>2</duration>
        <voice>1</voice>
        <type>quarter</type>
        <stem default-y="-30">down</stem>
        <staff>1</staff>
      </note>
      <direction placement="above">
        <direction-type>
          <words default-y="33" relative-x="6">4</words>
        </direction-type>
        <staff>1</staff>
      </direction>
      <note default-x="93">
        <pitch>
          <step>F</step>
          <octave>5</octave>
        </pitch>
        <duration>2</duration>
        <voice>1</voice>
        <type>quarter</type>
        <stem default-y="-35.5">down</stem>
        <staff>1</staff>
      </note>
      <direction placement="above">
        <direction-type>
          <words default-y="33" relative-x="7">2</words>
        </direction-type>
        <staff>1</staff>
      </direction>
      <note default-x="131">
        <pitch>
          <step>D</step>
          <octave>5</octave>
        </pitch>
        <duration>2</duration>
        <voice>1</voice>
        <type>quarter</type>
        <stem default-y="-45">down</stem>
        <staff>1</staff>
      </note>
      <backup>
        <duration>8</duration>
      </backup>
      <direction placement="below">
        <direction-type>
          <words default-y="-66" relative-x="13">1</words>
        </direction-type>
        <staff>2</staff>
      </direction>
      <direction placement="below">
        <direction-type>
          <words default-y="-79" relative-x="5">3</words>
        </direction-type>
        <staff>2</staff>
      </direction>
      <direction placement="below">
        <direction-type>
          <words default-y="-88" relative-x="7">5</words>
        </direction-type>
        <staff>2</staff>
      </direction>
      <note default-x="16">
        <pitch>
          <step>B</step>
          <octave>3</octave>
        </pitch>
        <duration>8</duration>
        <voice>2</voice>
        <type>whole</type>
        <staff>2</staff>
      </note>
      <note default-x="16">
        <chord/>
        <pitch>
          <step>D</step>
          <octave>4</octave>
        </pitch>
        <duration>8</duration>
        <voice>2</voice>
        <type>whole</type>
        <staff>2</staff>
      </note>
      <note default-x="16">
        <chord/>
        <pitch>
          <step>G</step>
          <octave>4</octave>
        </pitch>
        <duration>8</duration>
        <voice>2</voice>
        <type>whole</type>
        <staff>2</staff>
      </note>
    </measure>
    <!--=======================================================-->
    <measure number="4" width="170">
      <direction placement="above">
        <direction-type>
          <words default-y="33">3</words>
        </direction-type>
        <staff>1</staff>
      </direction>
      <note default-x="16">
        <pitch>
          <step>E</step>
          <octave>5</octave>
        </pitch>
        <duration>2</duration>
        <voice>1</voice>
        <type>quarter</type>
        <stem default-y="-40">down</stem>
        <staff>1</staff>
      </note>
      <note default-x="54">
        <pitch>
          <step>C</step>
          <octave>5</octave>
        </pitch>
        <duration>2</duration>
        <voice>1</voice>
        <type>quarter</type>
        <stem default-y="-50">down</stem>
        <staff>1</staff>
      </note>
      <note default-x="93">
        <pitch>
          <step>G</step>
          <octave>5</octave>
        </pitch>
        <duration>2</duration>
        <voice>1</voice>
        <type>quarter</type>
        <stem default-y="-30">down</stem>
        <staff>1</staff>
      </note>
      <note default-x="131">
        <pitch>
          <step>E</step>
          <octave>5</octave>
        </pitch>
        <duration>2</duration>
        <voice>1</voice>
        <type>quarter</type>
        <stem default-y="-40">down</stem>
        <staff>1</staff>
      </note>
      <backup>
        <duration>8</duration>
      </backup>
      <direction placement="below">
        <direction-type>
          <words default-y="-59" relative-x="9">1</words>
        </direction-type>
        <staff>2</staff>
      </direction>
      <direction placement="below">
        <direction-type>
          <words default-y="-70" relative-x="6">2</words>
        </direction-type>
        <staff>2</staff>
      </direction>
      <direction placement="below">
        <direction-type>
          <words default-y="-85" relative-x="6">4</words>
        </direction-type>
        <staff>2</staff>
      </direction>
      <note default-x="16">
        <pitch>
          <step>C</step>
          <octave>4</octave>
        </pitch>
        <duration>8</duration>
        <voice>2</voice>
        <type>whole</type>
        <staff>2</staff>
      </note>
      <note default-x="16">
        <chord/>
        <pitch>
          <step>E</step>
          <octave>4</octave>
        </pitch>
        <duration>8</duration>
        <voice>2</voice>
        <type>whole</type>
        <staff>2</staff>
      </note>
      <note default-x="16">
        <chord/>
        <pitch>
          <step>G</step>
          <octave>4</octave>
        </pitch>
        <duration>8</duration>
        <voice>2</voice>
        <type>whole</type>
        <staff>2</staff>
      </note>
    </measure>
    <!--=======================================================-->
    <measure number="5" width="170">
      <note default-x="16">
        <pitch>
          <step>C</step>
          <octave>5</octave>
        </pitch>
        <duration>2</duration>
        <voice>1</voice>
        <type>quarter</type>
        <stem default-y="-50">down</stem>
        <staff>1</staff>
        <notations>
          <slur number="1" type="stop"/>
          <slur number="1" placement="above" type="start"/>
        </notations>
      </note>
      <note default-x="54">
        <pitch>
          <step>E</step>
          <octave>5</octave>
        </pitch>
        <duration>2</duration>
        <voice>1</voice>
        <type>quarter</type>
        <stem default-y="-40">down</stem>
        <staff>1</staff>
      </note>
      <note default-x="93">
        <pitch>
          <step>C</step>
          <octave>5</octave>
        </pitch>
        <duration>2</duration>
        <voice>1</voice>
        <type>quarter</type>
        <stem default-y="-50">down</stem>
        <staff>1</staff>
      </note>
      <note default-x="131">
        <pitch>
          <step>E</step>
          <octave>5</octave>
        </pitch>
        <duration>2</duration>
        <voice>1</voice>
        <type>quarter</type>
        <stem default-y="-40">down</stem>
        <staff>1</staff>
      </note>
      <backup>
        <duration>8</duration>
      </backup>
      <direction placement="below">
        <direction-type>
          <words default-y="-54" relative-x="7">1</words>
        </direction-type>
        <staff>2</staff>
      </direction>
      <direction placement="below">
        <direction-type>
          <words default-y="-63" relative-x="12">3</words>
        </direction-type>
        <staff>2</staff>
      </direction>
      <direction placement="below">
        <direction-type>
          <words default-y="-79" relative-x="13">5</words>
        </direction-type>
        <staff>2</staff>
      </direction>
      <note default-x="16">
        <pitch>
          <step>C</step>
          <octave>4</octave>
        </pitch>
        <duration>8</duration>
        <voice>2</voice>
        <type>whole</type>
        <staff>2</staff>
      </note>
      <note default-x="16">
        <chord/>
        <pitch>
          <step>E</step>
          <octave>4</octave>
        </pitch>
        <duration>8</duration>
        <voice>2</voice>
        <type>whole</type>
        <staff>2</staff>
      </note>
      <note default-x="16">
        <chord/>
        <pitch>
          <step>G</step>
          <octave>4</octave>
        </pitch>
        <duration>8</duration>
        <voice>2</voice>
        <type>whole</type>
        <staff>2</staff>
      </note>
    </measure>
    <!--=======================================================-->
    <measure number="6" width="226">
      <print new-system="yes">
        <system-layout>
          <system-distance>114</system-distance>
        </system-layout>
      </print>
      <note default-x="55">
        <pitch>
          <step>G</step>
          <octave>5</octave>
        </pitch>
        <duration>2</duration>
        <voice>1</voice>
        <type>quarter</type>
        <stem default-y="-30">down</stem>
        <staff>1</staff>
      </note>
      <note default-x="98">
        <pitch>
          <step>E</step>
          <octave>5</octave>
        </pitch>
        <duration>2</duration>
        <voice>1</voice>
        <type>quarter</type>
        <stem default-y="-40">down</stem>
        <staff>1</staff>
      </note>
      <note default-x="141">
        <pitch>
          <step>C</step>
          <octave>5</octave>
        </pitch>
        <duration>2</duration>
        <voice>1</voice>
        <type>quarter</type>
        <stem default-y="-50.5">down</stem>
        <staff>1</staff>
      </note>
      <note default-x="183">
        <pitch>
          <step>E</step>
          <octave>5</octave>
        </pitch>
        <duration>2</duration>
        <voice>1</voice>
        <type>quarter</type>
        <stem default-y="-40">down</stem>
        <staff>1</staff>
      </note>
      <backup>
        <duration>8</duration>
      </backup>
      <note default-x="55">
        <pitch>
          <step>C</step>
          <octave>4</octave>
        </pitch>
        <duration>8</duration>
        <voice>2</voice>
        <type>whole</type>
        <staff>2</staff>
      </note>
      <note default-x="55">
        <chord/>
        <pitch>
          <step>E</step>
          <octave>4</octave>
        </pitch>
        <duration>8</duration>
        <voice>2</voice>
        <type>whole</type>
        <staff>2</staff>
      </note>
      <note default-x="55">
        <chord/>
        <pitch>
          <step>G</step>
          <octave>4</octave>
        </pitch>
        <duration>8</duration>
        <voice>2</voice>
        <type>whole</type>
        <staff>2</staff>
      </note>
    </measure>
    <!--=======================================================-->
    <measure number="7" width="187">
      <note default-x="16">
        <pitch>
          <step>D</step>
          <octave>5</octave>
        </pitch>
        <duration>2</duration>
        <voice>1</voice>
        <type>quarter</type>
        <stem default-y="-45">down</stem>
        <staff>1</staff>
      </note>
      <note default-x="59">
        <pitch>
          <step>G</step>
          <octave>5</octave>
        </pitch>
        <duration>2</duration>
        <voice>1</voice>
        <type>quarter</type>
        <stem default-y="-30">down</stem>
        <staff>1</staff>
      </note>
      <note default-x="102">
        <pitch>
          <step>F</step>
          <octave>5</octave>
        </pitch>
        <duration>2</duration>
        <voice>1</voice>
        <type>quarter</type>
        <stem default-y="-35">down</stem>
        <staff>1</staff>
      </note>
      <note default-x="143">
        <pitch>
          <step>D</step>
          <octave>5</octave>
        </pitch>
        <duration>2</duration>
        <voice>1</voice>
        <type>quarter</type>
        <stem default-y="-45">down</stem>
        <staff>1</staff>
      </note>
      <backup>
        <duration>8</duration>
      </backup>
      <direction placement="below">
        <direction-type>
          <words default-y="-47" relative-x="7">1</words>
        </direction-type>
        <staff>2</staff>
      </direction>
      <direction placement="below">
        <direction-type>
          <words default-y="-60" relative-x="8">2</words>
        </direction-type>
        <staff>2</staff>
      </direction>
      <direction placement="below">
        <direction-type>
          <words default-y="-69" relative-x="7">5</words>
        </direction-type>
        <staff>2</staff>
      </direction>
      <note default-x="16">
        <pitch>
          <step>B</step>
          <octave>3</octave>
        </pitch>
        <duration>8</duration>
        <voice>2</voice>
        <type>whole</type>
        <staff>2</staff>
      </note>
      <note default-x="16">
        <chord/>
        <pitch>
          <step>F</step>
          <octave>4</octave>
        </pitch>
        <duration>8</duration>
        <voice>2</voice>
        <type>whole</type>
        <staff>2</staff>
      </note>
      <note default-x="30">
        <chord/>
        <pitch>
          <step>G</step>
          <octave>4</octave>
        </pitch>
        <duration>8</duration>
        <voice>2</voice>
        <type>whole</type>
        <staff>2</staff>
      </note>
    </measure>
    <!--=======================================================-->
    <measure number="8" width="185">
      <note default-x="16">
        <pitch>
          <step>C</step>
          <octave>5</octave>
        </pitch>
        <duration>2</duration>
        <voice>1</voice>
        <type>quarter</type>
        <stem default-y="-50.5">down</stem>
        <staff>1</staff>
      </note>
      <note default-x="59">
        <pitch>
          <step>E</step>
          <octave>5</octave>
        </pitch>
        <duration>2</duration>
        <voice>1</voice>
        <type>quarter</type>
        <stem default-y="-40">down</stem>
        <staff>1</staff>
      </note>
      <note default-x="101">
        <pitch>
          <step>C</step>
          <octave>5</octave>
        </pitch>
        <duration>4</duration>
        <voice>1</voice>
        <type>half</type>
        <stem default-y="-50.5">down</stem>
        <staff>1</staff>
        <notations>
          <slur number="1" type="stop"/>
        </notations>
      </note>
      <backup>
        <duration>8</duration>
      </backup>
      <note default-x="16">
        <pitch>
          <step>C</step>
          <octave>4</octave>
        </pitch>
        <duration>8</duration>
        <voice>2</voice>
        <type>whole</type>
        <staff>2</staff>
      </note>
      <note default-x="16">
        <chord/>
        <pitch>
          <step>E</step>
          <octave>4</octave>
        </pitch>
        <duration>8</duration>
        <voice>2</voice>
        <type>whole</type>
        <staff>2</staff>
      </note>
      <note default-x="16">
        <chord/>
        <pitch>
          <step>G</step>
          <octave>4</octave>
        </pitch>
        <duration>8</duration>
        <voice>2</voice>
        <type>whole</type>
        <staff>2</staff>
      </note>
      <barline location="right">
        <bar-style>light-heavy</bar-style>
        <repeat direction="backward" winged="none"/>
      </barline>
    </measure>
    <!--=======================================================-->
    <measure number="9" width="205">
      <barline location="left">
        <bar-style>heavy-light</bar-style>
        <repeat direction="forward" winged="none"/>
      </barline>
      <note default-x="34">
        <pitch>
          <step>D</step>
          <octave>5</octave>
        </pitch>
        <duration>2</duration>
        <voice>1</voice>
        <type>quarter</type>
        <stem default-y="-45">down</stem>
        <staff>1</staff>
        <notations>
          <slur number="1" placement="above" type="start"/>
        </notations>
      </note>
      <note default-x="77">
        <pitch>
          <step>E</step>
          <octave>5</octave>
        </pitch>
        <duration>2</duration>
        <voice>1</voice>
        <type>quarter</type>
        <stem default-y="-40">down</stem>
        <staff>1</staff>
      </note>
      <note default-x="119">
        <pitch>
          <step>F</step>
          <octave>5</octave>
        </pitch>
        <duration>2</duration>
        <voice>1</voice>
        <type>quarter</type>
        <stem default-y="-35">down</stem>
        <staff>1</staff>
      </note>
      <note default-x="161">
        <pitch>
          <step>D</step>
          <octave>5</octave>
        </pitch>
        <duration>2</duration>
        <voice>1</voice>
        <type>quarter</type>
        <stem default-y="-45">down</stem>
        <staff>1</staff>
      </note>
      <backup>
        <duration>8</duration>
      </backup>
      <direction placement="below">
        <direction-type>
          <words default-y="-46" relative-x="15">1</words>
        </direction-type>
        <staff>2</staff>
      </direction>
      <direction placement="below">
        <direction-type>
          <words default-y="-78" relative-x="8">3</words>
        </direction-type>
        <staff>2</staff>
      </direction>
      <direction placement="below">
        <direction-type>
          <words default-y="-78" relative-x="15">5</words>
        </direction-type>
        <staff>2</staff>
      </direction>
      <note default-x="34">
        <pitch>
          <step>B</step>
          <octave>3</octave>
        </pitch>
        <duration>8</duration>
        <voice>2</voice>
        <type>whole</type>
        <staff>2</staff>
      </note>
      <note default-x="34">
        <chord/>
        <pitch>
          <step>D</step>
          <octave>4</octave>
        </pitch>
        <duration>8</duration>
        <voice>2</voice>
        <type>whole</type>
        <staff>2</staff>
      </note>
      <note default-x="34">
        <chord/>
        <pitch>
          <step>G</step>
          <octave>4</octave>
        </pitch>
        <duration>8</duration>
        <voice>2</voice>
        <type>whole</type>
        <staff>2</staff>
      </note>
    </measure>
    <!--=======================================================-->
    <measure number="10" width="187">
      <note default-x="16">
        <pitch>
          <step>E</step>
          <octave>5</octave>
        </pitch>
        <duration>2</duration>
        <voice>1</voice>
        <type>quarter</type>
        <stem default-y="-40">down</stem>
        <staff>1</staff>
      </note>
      <note default-x="59">
        <pitch>
          <step>G</step>
          <octave>5</octave>
        </pitch>
        <duration>2</duration>
        <voice>1</voice>
        <type>quarter</type>
        <stem default-y="-30">down</stem>
        <staff>1</staff>
      </note>
      <note default-x="101">
        <pitch>
          <step>E</step>
          <octave>5</octave>
        </pitch>
        <duration>2</duration>
        <voice>1</voice>
        <type>quarter</type>
        <stem default-y="-40">down</stem>
        <staff>1</staff>
      </note>
      <note default-x="144">
        <pitch>
          <step>C</step>
          <octave>5</octave>
        </pitch>
        <duration>2</duration>
        <voice>1</voice>
        <type>quarter</type>
        <stem default-y="-50.5">down</stem>
        <staff>1</staff>
      </note>
      <backup>
        <duration>8</duration>
      </backup>
      <direction placement="below">
        <direction-type>
          <words default-y="-35" relative-x="15">1</words>
        </direction-type>
        <staff>2</staff>
      </direction>
      <direction placement="below">
        <direction-type>
          <words default-y="-49" relative-x="15">2</words>
        </direction-type>
        <staff>2</staff>
      </direction>
      <direction placement="below">
        <direction-type>
          <words default-y="-70" relative-x="18">4</words>
        </direction-type>
        <staff>2</staff>
      </direction>
      <note default-x="16">
        <pitch>
          <step>C</step>
          <octave>4</octave>
        </pitch>
        <duration>8</duration>
        <voice>2</voice>
        <type>whole</type>
        <staff>2</staff>
      </note>
      <note default-x="16">
        <chord/>
        <pitch>
          <step>E</step>
          <octave>4</octave>
        </pitch>
        <duration>8</duration>
        <voice>2</voice>
        <type>whole</type>
        <staff>2</staff>
      </note>
      <note default-x="16">
        <chord/>
        <pitch>
          <step>G</step>
          <octave>4</octave>
        </pitch>
        <duration>8</duration>
        <voice>2</voice>
        <type>whole</type>
        <staff>2</staff>
      </note>
    </measure>
    <!--=======================================================-->
    <measure number="11" width="197">
      <print new-system="yes">
        <system-layout>
          <system-distance>114</system-distance>
        </system-layout>
      </print>
      <note default-x="55">
        <pitch>
          <step>D</step>
          <octave>5</octave>
        </pitch>
        <duration>2</duration>
        <voice>1</voice>
        <type>quarter</type>
        <stem default-y="-45.5">down</stem>
        <staff>1</staff>
      </note>
      <note default-x="91">
        <pitch>
          <step>E</step>
          <octave>5</octave>
        </pitch>
        <duration>2</duration>
        <voice>1</voice>
        <type>quarter</type>
        <stem default-y="-40">down</stem>
        <staff>1</staff>
      </note>
      <note default-x="126">
        <pitch>
          <step>F</step>
          <octave>5</octave>
        </pitch>
        <duration>2</duration>
        <voice>1</voice>
        <type>quarter</type>
        <stem default-y="-35">down</stem>
        <staff>1</staff>
      </note>
      <note default-x="161">
        <pitch>
          <step>D</step>
          <octave>5</octave>
        </pitch>
        <duration>2</duration>
        <voice>1</voice>
        <type>quarter</type>
        <stem default-y="-45.5">down</stem>
        <staff>1</staff>
      </note>
      <backup>
        <duration>8</duration>
      </backup>
      <note default-x="55">
        <pitch>
          <step>B</step>
          <octave>3</octave>
        </pitch>
        <duration>8</duration>
        <voice>2</voice>
        <type>whole</type>
        <staff>2</staff>
      </note>
      <note default-x="55">
        <chord/>
        <pitch>
          <step>D</step>
          <octave>4</octave>
        </pitch>
        <duration>8</duration>
        <voice>2</voice>
        <type>whole</type>
        <staff>2</staff>
      </note>
      <note default-x="55">
        <chord/>
        <pitch>
          <step>G</step>
          <octave>4</octave>
        </pitch>
        <duration>8</duration>
        <voice>2</voice>
        <type>whole</type>
        <staff>2</staff>
      </note>
    </measure>
    <!--=======================================================-->
    <measure number="12" width="158">
      <note default-x="17">
        <pitch>
          <step>E</step>
          <octave>5</octave>
        </pitch>
        <duration>2</duration>
        <voice>1</voice>
        <type>quarter</type>
        <stem default-y="-40">down</stem>
        <staff>1</staff>
      </note>
      <note default-x="51">
        <pitch>
          <step>G</step>
          <octave>5</octave>
        </pitch>
        <duration>2</duration>
        <voice>1</voice>
        <type>quarter</type>
        <stem default-y="-30">down</stem>
        <staff>1</staff>
      </note>
      <note default-x="87">
        <pitch>
          <step>F</step>
          <octave>5</octave>
        </pitch>
        <duration>2</duration>
        <voice>1</voice>
        <type>quarter</type>
        <stem default-y="-35">down</stem>
        <staff>1</staff>
      </note>
      <note default-x="122">
        <pitch>
          <step>D</step>
          <octave>5</octave>
        </pitch>
        <duration>2</duration>
        <voice>1</voice>
        <type>quarter</type>
        <stem default-y="-45.5">down</stem>
        <staff>1</staff>
      </note>
      <backup>
        <duration>8</duration>
      </backup>
      <note default-x="17">
        <pitch>
          <step>C</step>
          <octave>4</octave>
        </pitch>
        <duration>4</duration>
        <voice>2</voice>
        <type>half</type>
        <stem default-y="5.5">up</stem>
        <staff>2</staff>
      </note>
      <note default-x="17">
        <chord/>
        <pitch>
          <step>E</step>
          <octave>4</octave>
        </pitch>
        <duration>4</duration>
        <voice>2</voice>
        <type>half</type>
        <stem>up</stem>
        <staff>2</staff>
      </note>
      <note default-x="17">
        <chord/>
        <pitch>
          <step>G</step>
          <octave>4</octave>
        </pitch>
        <duration>4</duration>
        <voice>2</voice>
        <type>half</type>
        <stem>up</stem>
        <staff>2</staff>
      </note>
      <note default-x="87">
        <pitch>
          <step>B</step>
          <octave>3</octave>
        </pitch>
        <duration>4</duration>
        <voice>2</voice>
        <type>half</type>
        <stem default-y="5.5">up</stem>
        <staff>2</staff>
      </note>
      <note default-x="87">
        <chord/>
        <pitch>
          <step>D</step>
          <octave>4</octave>
        </pitch>
        <duration>4</duration>
        <voice>2</voice>
        <type>half</type>
        <stem>up</stem>
        <staff>2</staff>
      </note>
      <note default-x="87">
        <chord/>
        <pitch>
          <step>G</step>
          <octave>4</octave>
        </pitch>
        <duration>4</duration>
        <voice>2</voice>
        <type>half</type>
        <stem>up</stem>
        <staff>2</staff>
      </note>
    </measure>
    <!--=======================================================-->
    <measure number="13" width="157">
      <note default-x="16">
        <pitch>
          <step>C</step>
          <octave>5</octave>
        </pitch>
        <duration>2</duration>
        <voice>1</voice>
        <type>quarter</type>
        <stem default-y="-50">down</stem>
        <staff>1</staff>
        <notations>
          <slur number="1" type="stop"/>
          <slur number="1" placement="above" type="start"/>
        </notations>
      </note>
      <note default-x="51">
        <pitch>
          <step>E</step>
          <octave>5</octave>
        </pitch>
        <duration>2</duration>
        <voice>1</voice>
        <type>quarter</type>
        <stem default-y="-40">down</stem>
        <staff>1</staff>
      </note>
      <note default-x="87">
        <pitch>
          <step>C</step>
          <octave>5</octave>
        </pitch>
        <duration>2</duration>
        <voice>1</voice>
        <type>quarter</type>
        <stem default-y="-50">down</stem>
        <staff>1</staff>
      </note>
      <note default-x="122">
        <pitch>
          <step>E</step>
          <octave>5</octave>
        </pitch>
        <duration>2</duration>
        <voice>1</voice>
        <type>quarter</type>
        <stem default-y="-40">down</stem>
        <staff>1</staff>
      </note>
      <backup>
        <duration>8</duration>
      </backup>
      <note default-x="16">
        <pitch>
          <step>C</step>
          <octave>4</octave>
        </pitch>
        <duration>8</duration>
        <voice>2</voice>
        <type>whole</type>
        <staff>2</staff>
      </note>
      <note default-x="16">
        <chord/>
        <pitch>
          <step>E</step>
          <octave>4</octave>
        </pitch>
        <duration>8</duration>
        <voice>2</voice>
        <type>whole</type>
        <staff>2</staff>
      </note>
      <note default-x="16">
        <chord/>
        <pitch>
          <step>G</step>
          <octave>4</octave>
        </pitch>
        <duration>8</duration>
        <voice>2</voice>
        <type>whole</type>
        <staff>2</staff>
      </note>
    </measure>
    <!--=======================================================-->
    <measure number="14" width="158">
      <note default-x="16">
        <pitch>
          <step>G</step>
          <octave>5</octave>
        </pitch>
        <duration>2</duration>
        <voice>1</voice>
        <type>quarter</type>
        <stem default-y="-30">down</stem>
        <staff>1</staff>
      </note>
      <note default-x="52">
        <pitch>
          <step>E</step>
          <octave>5</octave>
        </pitch>
        <duration>2</duration>
        <voice>1</voice>
        <type>quarter</type>
        <stem default-y="-40">down</stem>
        <staff>1</staff>
      </note>
      <note default-x="87">
        <pitch>
          <step>C</step>
          <octave>5</octave>
        </pitch>
        <duration>2</duration>
        <voice>1</voice>
        <type>quarter</type>
        <stem default-y="-50">down</stem>
        <staff>1</staff>
      </note>
      <note default-x="122">
        <pitch>
          <step>E</step>
          <octave>5</octave>
        </pitch>
        <duration>2</duration>
        <voice>1</voice>
        <type>quarter</type>
        <stem default-y="-40">down</stem>
        <staff>1</staff>
      </note>
      <backup>
        <duration>8</duration>
      </backup>
      <direction placement="below">
        <direction-type>
          <words default-y="-99">1</words>
        </direction-type>
        <staff>2</staff>
      </direction>
      <direction placement="below">
        <direction-type>
          <words default-y="-70" relative-x="8">5</words>
        </direction-type>
        <staff>2</staff>
      </direction>
      <direction placement="below">
        <direction-type>
          <words default-y="-84" relative-x="9">3</words>
        </direction-type>
        <staff>2</staff>
      </direction>
      <note default-x="16">
        <pitch>
          <step>C</step>
          <octave>4</octave>
        </pitch>
        <duration>8</duration>
        <voice>2</voice>
        <type>whole</type>
        <staff>2</staff>
      </note>
      <note default-x="16">
        <chord/>
        <pitch>
          <step>E</step>
          <octave>4</octave>
        </pitch>
        <duration>8</duration>
        <voice>2</voice>
        <type>whole</type>
        <staff>2</staff>
      </note>
      <note default-x="16">
        <chord/>
        <pitch>
          <step>G</step>
          <octave>4</octave>
        </pitch>
        <duration>8</duration>
        <voice>2</voice>
        <type>whole</type>
        <staff>2</staff>
      </note>
    </measure>
    <!--=======================================================-->
    <measure number="15" width="157">
      <note default-x="17">
        <pitch>
          <step>D</step>
          <octave>5</octave>
        </pitch>
        <duration>2</duration>
        <voice>1</voice>
        <type>quarter</type>
        <stem default-y="-45.5">down</stem>
        <staff>1</staff>
      </note>
      <note default-x="51">
        <pitch>
          <step>G</step>
          <octave>5</octave>
        </pitch>
        <duration>2</duration>
        <voice>1</voice>
        <type>quarter</type>
        <stem default-y="-30">down</stem>
        <staff>1</staff>
      </note>
      <note default-x="87">
        <pitch>
          <step>F</step>
          <octave>5</octave>
        </pitch>
        <duration>2</duration>
        <voice>1</voice>
        <type>quarter</type>
        <stem default-y="-35">down</stem>
        <staff>1</staff>
      </note>
      <note default-x="122">
        <pitch>
          <step>D</step>
          <octave>5</octave>
        </pitch>
        <duration>2</duration>
        <voice>1</voice>
        <type>quarter</type>
        <stem default-y="-45.5">down</stem>
        <staff>1</staff>
      </note>
      <backup>
        <duration>8</duration>
      </backup>
      <direction placement="below">
        <direction-type>
          <words default-y="-104" relative-x="5">1</words>
        </direction-type>
        <staff>2</staff>
      </direction>
      <direction placement="below">
        <direction-type>
          <words default-y="-63" relative-x="6">2</words>
        </direction-type>
        <staff>2</staff>
      </direction>
      <direction placement="below">
        <direction-type>
          <words default-y="-85" relative-x="3">5</words>
        </direction-type>
        <staff>2</staff>
      </direction>
      <note default-x="17">
        <pitch>
          <step>B</step>
          <octave>3</octave>
        </pitch>
        <duration>4</duration>
        <voice>2</voice>
        <type>half</type>
        <stem default-y="5.5">up</stem>
        <staff>2</staff>
      </note>
      <note default-x="17">
        <chord/>
        <pitch>
          <step>F</step>
          <octave>4</octave>
        </pitch>
        <duration>4</duration>
        <voice>2</voice>
        <type>half</type>
        <stem>up</stem>
        <staff>2</staff>
      </note>
      <note default-x="29">
        <chord/>
        <pitch>
          <step>G</step>
          <octave>4</octave>
        </pitch>
        <duration>4</duration>
        <voice>2</voice>
        <type>half</type>
        <stem>up</stem>
        <staff>2</staff>
      </note>
      <note default-x="87">
        <pitch>
          <step>B</step>
          <octave>3</octave>
        </pitch>
        <duration>4</duration>
        <voice>2</voice>
        <type>half</type>
        <stem default-y="5.5">up</stem>
        <staff>2</staff>
      </note>
      <note default-x="87">
        <chord/>
        <pitch>
          <step>F</step>
          <octave>4</octave>
        </pitch>
        <duration>4</duration>
        <voice>2</voice>
        <type>half</type>
        <stem>up</stem>
        <staff>2</staff>
      </note>
      <note default-x="99">
        <chord/>
        <pitch>
          <step>G</step>
          <octave>4</octave>
        </pitch>
        <duration>4</duration>
        <voice>2</voice>
        <type>half</type>
        <stem>up</stem>
        <staff>2</staff>
      </note>
    </measure>
    <!--=======================================================-->
    <measure number="16" width="162">
      <note default-x="16">
        <pitch>
          <step>C</step>
          <octave>5</octave>
        </pitch>
        <duration>2</duration>
        <voice>1</voice>
        <type>quarter</type>
        <stem default-y="-50">down</stem>
        <staff>1</staff>
      </note>
      <note default-x="52">
        <pitch>
          <step>E</step>
          <octave>5</octave>
        </pitch>
        <duration>2</duration>
        <voice>1</voice>
        <type>quarter</type>
        <stem default-y="-40">down</stem>
        <staff>1</staff>
      </note>
      <note default-x="87">
        <pitch>
          <step>C</step>
          <octave>5</octave>
        </pitch>
        <duration>4</duration>
        <voice>1</voice>
        <type>half</type>
        <stem default-y="-50">down</stem>
        <staff>1</staff>
        <notations>
          <slur number="1" type="stop"/>
        </notations>
      </note>
      <backup>
        <duration>8</duration>
      </backup>
      <note default-x="16">
        <pitch>
          <step>C</step>
          <octave>4</octave>
        </pitch>
        <duration>8</duration>
        <voice>2</voice>
        <type>whole</type>
        <staff>2</staff>
      </note>
      <note default-x="16">
        <chord/>
        <pitch>
          <step>E</step>
          <octave>4</octave>
        </pitch>
        <duration>8</duration>
        <voice>2</voice>
        <type>whole</type>
        <staff>2</staff>
      </note>
      <note default-x="16">
        <chord/>
        <pitch>
          <step>G</step>
          <octave>4</octave>
        </pitch>
        <duration>8</duration>
        <voice>2</voice>
        <type>whole</type>
        <staff>2</staff>
      </note>
      <barline location="right">
        <bar-style>light-heavy</bar-style>
        <repeat direction="backward" winged="none"/>
      </barline>
    </measure>
  </part>
  <!--=========================================================-->
</score-partwise>
