<?xml version="1.0" encoding="UTF-8" standalone="no"?>
<!DOCTYPE score-partwise PUBLIC "-//Recordare//DTD MusicXML 3.0 Partwise//EN" "http://www.musicxml.org/dtds/partwise.dtd">
<score-partwise version="3.0">
  <movement-title>Czerny No. 10</movement-title>
  <identification>
    <rights>©</rights>
    <encoding>
      <software>PrintMusic 2014 for Windows</software>
      <software>Dolet Light for PrintMusic 2014</software>
      <encoding-date>2014-10-25</encoding-date>
      <supports attribute="new-system" element="print" type="yes" value="yes"/>
      <supports attribute="new-page" element="print" type="yes" value="yes"/>
      <supports element="accidental" type="yes"/>
      <supports element="beam" type="yes"/>
      <supports element="stem" type="yes"/>
    </encoding>
  </identification>
  <defaults>
    <scaling>
      <millimeters>7.2319</millimeters>
      <tenths>40</tenths>
    </scaling>
    <page-layout>
      <page-height>1545</page-height>
      <page-width>1194</page-width>
      <page-margins type="both">
        <left-margin>140</left-margin>
        <right-margin>70</right-margin>
        <top-margin>88</top-margin>
        <bottom-margin>88</bottom-margin>
      </page-margins>
    </page-layout>
    <system-layout>
      <system-margins>
        <left-margin>0</left-margin>
        <right-margin>0</right-margin>
      </system-margins>
      <system-distance>121</system-distance>
      <top-system-distance>70</top-system-distance>
    </system-layout>
    <staff-layout>
      <staff-distance>80</staff-distance>
    </staff-layout>
    <appearance>
      <line-width type="stem">0.7487</line-width>
      <line-width type="beam">5</line-width>
      <line-width type="staff">0.7487</line-width>
      <line-width type="light barline">0.7487</line-width>
      <line-width type="heavy barline">5</line-width>
      <line-width type="leger">0.7487</line-width>
      <line-width type="ending">0.7487</line-width>
      <line-width type="wedge">0.7487</line-width>
      <line-width type="enclosure">0.7487</line-width>
      <line-width type="tuplet bracket">0.7487</line-width>
      <note-size type="grace">60</note-size>
      <note-size type="cue">60</note-size>
      <distance type="hyphen">120</distance>
      <distance type="beam">8</distance>
    </appearance>
    <music-font font-family="Maestro,engraved" font-size="20.5"/>
    <word-font font-family="Times New Roman" font-size="10.25"/>
  </defaults>
  <credit page="1">
    <credit-type>title</credit-type>
    <credit-words default-x="632" default-y="1440" font-size="24" justify="center" valign="top">Czerny No. 10</credit-words>
  </credit>
  <credit page="1">
    <credit-type>rights</credit-type>
    <credit-words default-x="632" default-y="70" font-size="10" justify="center" valign="bottom">©</credit-words>
  </credit>
  <part-list>
    <score-part id="P1">
      <part-name>Piano</part-name>
      <part-abbreviation>Pno.</part-abbreviation>
      <score-instrument id="P1-I1">
        <instrument-name>SmartMusic SoftSynth</instrument-name>
        <instrument-sound>keyboard.piano</instrument-sound>
        <virtual-instrument/>
      </score-instrument>
      <midi-device>SmartMusic SoftSynth</midi-device>
      <midi-instrument id="P1-I1">
        <midi-channel>1</midi-channel>
        <midi-bank>15489</midi-bank>
        <midi-program>1</midi-program>
        <volume>80</volume>
        <pan>0</pan>
      </midi-instrument>
    </score-part>
  </part-list>
  <!--=========================================================-->
  <part id="P1">
    <measure number="1" width="213">
      <print>
        <system-layout>
          <system-margins>
            <left-margin>70</left-margin>
            <right-margin>0</right-margin>
          </system-margins>
          <top-system-distance>152</top-system-distance>
        </system-layout>
        <measure-numbering>system</measure-numbering>
      </print>
      <attributes>
        <divisions>8</divisions>
        <key>
          <fifths>0</fifths>
          <mode>major</mode>
        </key>
        <time symbol="common">
          <beats>4</beats>
          <beat-type>4</beat-type>
        </time>
        <staves>2</staves>
        <clef number="1">
          <sign>G</sign>
          <line>2</line>
        </clef>
        <clef number="2">
          <sign>G</sign>
          <line>2</line>
        </clef>
      </attributes>
      <sound tempo="120"/>
      <direction placement="below">
        <direction-type>
          <words default-x="86" default-y="-73" font-style="italic" halign="center">1</words>
        </direction-type>
        <staff>1</staff>
      </direction>
      <direction placement="below">
        <direction-type>
          <words default-x="86" default-y="-73" font-style="italic" halign="center">2</words>
        </direction-type>
        <staff>1</staff>
      </direction>
      <direction placement="below">
        <direction-type>
          <words default-x="86" default-y="-73" font-style="italic" halign="center">5</words>
        </direction-type>
        <staff>1</staff>
      </direction>
      <note default-x="86">
        <pitch>
          <step>E</step>
          <octave>5</octave>
        </pitch>
        <duration>16</duration>
        <voice>1</voice>
        <type>half</type>
        <stem default-y="-40.5">down</stem>
        <staff>1</staff>
      </note>
      <note default-x="86">
        <chord/>
        <pitch>
          <step>G</step>
          <octave>5</octave>
        </pitch>
        <duration>16</duration>
        <voice>1</voice>
        <type>half</type>
        <stem>down</stem>
        <staff>1</staff>
      </note>
      <note default-x="86">
        <chord/>
        <pitch>
          <step>C</step>
          <octave>6</octave>
        </pitch>
        <duration>16</duration>
        <voice>1</voice>
        <type>half</type>
        <stem>down</stem>
        <staff>1</staff>
      </note>
      <note default-x="149">
        <pitch>
          <step>E</step>
          <octave>5</octave>
        </pitch>
        <duration>16</duration>
        <voice>1</voice>
        <type>half</type>
        <stem default-y="-40.5">down</stem>
        <staff>1</staff>
      </note>
      <note default-x="149">
        <chord/>
        <pitch>
          <step>G</step>
          <octave>5</octave>
        </pitch>
        <duration>16</duration>
        <voice>1</voice>
        <type>half</type>
        <stem>down</stem>
        <staff>1</staff>
      </note>
      <note default-x="149">
        <chord/>
        <pitch>
          <step>C</step>
          <octave>6</octave>
        </pitch>
        <duration>16</duration>
        <voice>1</voice>
        <type>half</type>
        <stem>down</stem>
        <staff>1</staff>
      </note>
      <backup>
        <duration>32</duration>
      </backup>
      <direction placement="below">
        <direction-type>
          <words default-x="86" default-y="-85" font-style="italic" halign="center">1</words>
        </direction-type>
        <staff>2</staff>
      </direction>
      <direction placement="below">
        <direction-type>
          <words default-x="86" default-y="-85" font-style="italic" halign="center">2</words>
        </direction-type>
        <staff>2</staff>
      </direction>
      <direction placement="below">
        <direction-type>
          <words default-x="86" default-y="-85" font-style="italic" halign="center">4</words>
        </direction-type>
        <staff>2</staff>
      </direction>
      <note default-x="86">
        <pitch>
          <step>C</step>
          <octave>4</octave>
        </pitch>
        <duration>16</duration>
        <voice>2</voice>
        <type>half</type>
        <stem default-y="5.5">up</stem>
        <staff>2</staff>
      </note>
      <note default-x="86">
        <chord/>
        <pitch>
          <step>E</step>
          <octave>4</octave>
        </pitch>
        <duration>16</duration>
        <voice>2</voice>
        <type>half</type>
        <stem>up</stem>
        <staff>2</staff>
      </note>
      <note default-x="86">
        <chord/>
        <pitch>
          <step>G</step>
          <octave>4</octave>
        </pitch>
        <duration>16</duration>
        <voice>2</voice>
        <type>half</type>
        <stem>up</stem>
        <staff>2</staff>
      </note>
      <note default-x="149">
        <pitch>
          <step>C</step>
          <octave>4</octave>
        </pitch>
        <duration>16</duration>
        <voice>2</voice>
        <type>half</type>
        <stem default-y="5.5">up</stem>
        <staff>2</staff>
      </note>
      <note default-x="149">
        <chord/>
        <pitch>
          <step>E</step>
          <octave>4</octave>
        </pitch>
        <duration>16</duration>
        <voice>2</voice>
        <type>half</type>
        <stem>up</stem>
        <staff>2</staff>
      </note>
      <note default-x="149">
        <chord/>
        <pitch>
          <step>G</step>
          <octave>4</octave>
        </pitch>
        <duration>16</duration>
        <voice>2</voice>
        <type>half</type>
        <stem>up</stem>
        <staff>2</staff>
      </note>
    </measure>
    <!--=======================================================-->
    <measure number="2" width="143">
      <direction placement="below">
        <direction-type>
          <words default-x="16" default-y="-80" font-style="italic" halign="center">1</words>
        </direction-type>
        <staff>1</staff>
      </direction>
      <direction placement="below">
        <direction-type>
          <words default-x="16" default-y="-80" font-style="italic" halign="center">2</words>
        </direction-type>
        <staff>1</staff>
      </direction>
      <direction placement="below">
        <direction-type>
          <words default-x="16" default-y="-80" font-style="italic" halign="center">4</words>
        </direction-type>
        <staff>1</staff>
      </direction>
      <note default-x="16">
        <pitch>
          <step>C</step>
          <octave>5</octave>
        </pitch>
        <duration>16</duration>
        <voice>1</voice>
        <type>half</type>
        <stem default-y="-50">down</stem>
        <staff>1</staff>
      </note>
      <note default-x="16">
        <chord/>
        <pitch>
          <step>E</step>
          <octave>5</octave>
        </pitch>
        <duration>16</duration>
        <voice>1</voice>
        <type>half</type>
        <stem>down</stem>
        <staff>1</staff>
      </note>
      <note default-x="16">
        <chord/>
        <pitch>
          <step>G</step>
          <octave>5</octave>
        </pitch>
        <duration>16</duration>
        <voice>1</voice>
        <type>half</type>
        <stem>down</stem>
        <staff>1</staff>
      </note>
      <note default-x="79">
        <pitch>
          <step>C</step>
          <octave>5</octave>
        </pitch>
        <duration>16</duration>
        <voice>1</voice>
        <type>half</type>
        <stem default-y="-50">down</stem>
        <staff>1</staff>
      </note>
      <note default-x="79">
        <chord/>
        <pitch>
          <step>E</step>
          <octave>5</octave>
        </pitch>
        <duration>16</duration>
        <voice>1</voice>
        <type>half</type>
        <stem>down</stem>
        <staff>1</staff>
      </note>
      <note default-x="79">
        <chord/>
        <pitch>
          <step>G</step>
          <octave>5</octave>
        </pitch>
        <duration>16</duration>
        <voice>1</voice>
        <type>half</type>
        <stem>down</stem>
        <staff>1</staff>
      </note>
      <backup>
        <duration>32</duration>
      </backup>
      <note default-x="16">
        <pitch>
          <step>C</step>
          <octave>4</octave>
        </pitch>
        <duration>16</duration>
        <voice>2</voice>
        <type>half</type>
        <stem default-y="5.5">up</stem>
        <staff>2</staff>
      </note>
      <note default-x="16">
        <chord/>
        <pitch>
          <step>E</step>
          <octave>4</octave>
        </pitch>
        <duration>16</duration>
        <voice>2</voice>
        <type>half</type>
        <stem>up</stem>
        <staff>2</staff>
      </note>
      <note default-x="16">
        <chord/>
        <pitch>
          <step>G</step>
          <octave>4</octave>
        </pitch>
        <duration>16</duration>
        <voice>2</voice>
        <type>half</type>
        <stem>up</stem>
        <staff>2</staff>
      </note>
      <note default-x="79">
        <pitch>
          <step>C</step>
          <octave>4</octave>
        </pitch>
        <duration>16</duration>
        <voice>2</voice>
        <type>half</type>
        <stem default-y="5.5">up</stem>
        <staff>2</staff>
      </note>
      <note default-x="79">
        <chord/>
        <pitch>
          <step>E</step>
          <octave>4</octave>
        </pitch>
        <duration>16</duration>
        <voice>2</voice>
        <type>half</type>
        <stem>up</stem>
        <staff>2</staff>
      </note>
      <note default-x="79">
        <chord/>
        <pitch>
          <step>G</step>
          <octave>4</octave>
        </pitch>
        <duration>16</duration>
        <voice>2</voice>
        <type>half</type>
        <stem>up</stem>
        <staff>2</staff>
      </note>
    </measure>
    <!--=======================================================-->
    <measure number="3" width="143">
      <direction placement="below">
        <direction-type>
          <words default-x="20" default-y="-47" font-style="italic" halign="center">1</words>
        </direction-type>
        <staff>1</staff>
      </direction>
      <direction placement="below">
        <direction-type>
          <words default-x="14" default-y="-91" font-style="italic" halign="center">5</words>
        </direction-type>
        <staff>1</staff>
      </direction>
      <direction placement="below">
        <direction-type>
          <words default-x="16" default-y="-75" font-style="italic" halign="center">3</words>
        </direction-type>
        <staff>1</staff>
      </direction>
      <note default-x="16">
        <pitch>
          <step>D</step>
          <octave>5</octave>
        </pitch>
        <duration>16</duration>
        <voice>1</voice>
        <type>half</type>
        <stem default-y="-45">down</stem>
        <staff>1</staff>
      </note>
      <note default-x="16">
        <chord/>
        <pitch>
          <step>G</step>
          <octave>5</octave>
        </pitch>
        <duration>16</duration>
        <voice>1</voice>
        <type>half</type>
        <stem>down</stem>
        <staff>1</staff>
      </note>
      <note default-x="16">
        <chord/>
        <pitch>
          <step>B</step>
          <octave>5</octave>
        </pitch>
        <duration>16</duration>
        <voice>1</voice>
        <type>half</type>
        <stem>down</stem>
        <staff>1</staff>
      </note>
      <note default-x="79">
        <pitch>
          <step>D</step>
          <octave>5</octave>
        </pitch>
        <duration>16</duration>
        <voice>1</voice>
        <type>half</type>
        <stem default-y="-45">down</stem>
        <staff>1</staff>
      </note>
      <note default-x="79">
        <chord/>
        <pitch>
          <step>G</step>
          <octave>5</octave>
        </pitch>
        <duration>16</duration>
        <voice>1</voice>
        <type>half</type>
        <stem>down</stem>
        <staff>1</staff>
      </note>
      <note default-x="79">
        <chord/>
        <pitch>
          <step>B</step>
          <octave>5</octave>
        </pitch>
        <duration>16</duration>
        <voice>1</voice>
        <type>half</type>
        <stem>down</stem>
        <staff>1</staff>
      </note>
      <backup>
        <duration>32</duration>
      </backup>
      <direction placement="below">
        <direction-type>
          <words default-x="16" default-y="-100" font-style="italic" halign="center">1</words>
        </direction-type>
        <staff>2</staff>
      </direction>
      <direction placement="below">
        <direction-type>
          <words default-x="16" default-y="-100" font-style="italic" halign="center">2</words>
        </direction-type>
        <staff>2</staff>
      </direction>
      <direction placement="below">
        <direction-type>
          <words default-x="16" default-y="-100" font-style="italic" halign="center">5</words>
        </direction-type>
        <staff>2</staff>
      </direction>
      <note default-x="16">
        <pitch>
          <step>G</step>
          <octave>3</octave>
        </pitch>
        <duration>16</duration>
        <voice>2</voice>
        <type>half</type>
        <stem default-y="0.5">up</stem>
        <staff>2</staff>
      </note>
      <note default-x="16">
        <chord/>
        <pitch>
          <step>D</step>
          <octave>4</octave>
        </pitch>
        <duration>16</duration>
        <voice>2</voice>
        <type>half</type>
        <stem>up</stem>
        <staff>2</staff>
      </note>
      <note default-x="16">
        <chord/>
        <pitch>
          <step>F</step>
          <octave>4</octave>
        </pitch>
        <duration>16</duration>
        <voice>2</voice>
        <type>half</type>
        <stem>up</stem>
        <staff>2</staff>
      </note>
      <note default-x="79">
        <pitch>
          <step>G</step>
          <octave>3</octave>
        </pitch>
        <duration>16</duration>
        <voice>2</voice>
        <type>half</type>
        <stem default-y="0.5">up</stem>
        <staff>2</staff>
      </note>
      <note default-x="79">
        <chord/>
        <pitch>
          <step>D</step>
          <octave>4</octave>
        </pitch>
        <duration>16</duration>
        <voice>2</voice>
        <type>half</type>
        <stem>up</stem>
        <staff>2</staff>
      </note>
      <note default-x="79">
        <chord/>
        <pitch>
          <step>F</step>
          <octave>4</octave>
        </pitch>
        <duration>16</duration>
        <voice>2</voice>
        <type>half</type>
        <stem>up</stem>
        <staff>2</staff>
      </note>
    </measure>
    <!--=======================================================-->
    <measure number="4" width="133">
      <direction placement="below">
        <direction-type>
          <words default-x="16" default-y="-73" font-style="italic" halign="center">1</words>
        </direction-type>
        <staff>1</staff>
      </direction>
      <direction placement="below">
        <direction-type>
          <words default-x="16" default-y="-73" font-style="italic" halign="center">2</words>
        </direction-type>
        <staff>1</staff>
      </direction>
      <direction placement="below">
        <direction-type>
          <words default-x="16" default-y="-73" font-style="italic" halign="center">5</words>
        </direction-type>
        <staff>1</staff>
      </direction>
      <note default-x="16">
        <pitch>
          <step>E</step>
          <octave>5</octave>
        </pitch>
        <duration>32</duration>
        <voice>1</voice>
        <type>whole</type>
        <staff>1</staff>
      </note>
      <note default-x="16">
        <chord/>
        <pitch>
          <step>G</step>
          <octave>5</octave>
        </pitch>
        <duration>32</duration>
        <voice>1</voice>
        <type>whole</type>
        <staff>1</staff>
      </note>
      <note default-x="16">
        <chord/>
        <pitch>
          <step>C</step>
          <octave>6</octave>
        </pitch>
        <duration>32</duration>
        <voice>1</voice>
        <type>whole</type>
        <staff>1</staff>
      </note>
      <backup>
        <duration>32</duration>
      </backup>
      <direction placement="below">
        <direction-type>
          <words default-x="16" default-y="-85" font-style="italic" halign="center">1</words>
        </direction-type>
        <staff>2</staff>
      </direction>
      <direction placement="below">
        <direction-type>
          <words default-x="16" default-y="-85" font-style="italic" halign="center">2</words>
        </direction-type>
        <staff>2</staff>
      </direction>
      <direction placement="below">
        <direction-type>
          <words default-x="0" default-y="-73" font-style="italic" halign="center">4</words>
        </direction-type>
        <offset>8</offset>
        <staff>2</staff>
      </direction>
      <note default-x="16">
        <pitch>
          <step>C</step>
          <octave>4</octave>
        </pitch>
        <duration>32</duration>
        <voice>2</voice>
        <type>whole</type>
        <staff>2</staff>
      </note>
      <note default-x="16">
        <chord/>
        <pitch>
          <step>E</step>
          <octave>4</octave>
        </pitch>
        <duration>32</duration>
        <voice>2</voice>
        <type>whole</type>
        <staff>2</staff>
      </note>
      <note default-x="16">
        <chord/>
        <pitch>
          <step>G</step>
          <octave>4</octave>
        </pitch>
        <duration>32</duration>
        <voice>2</voice>
        <type>whole</type>
        <staff>2</staff>
      </note>
      <barline location="right">
        <bar-style>light-heavy</bar-style>
        <repeat direction="backward" winged="none"/>
      </barline>
    </measure>
    <!--=======================================================-->
    <measure number="5" width="161">
      <barline location="left">
        <bar-style>heavy-light</bar-style>
        <repeat direction="forward" winged="none"/>
      </barline>
      <direction placement="below">
        <direction-type>
          <words default-x="34" default-y="-80" font-style="italic" halign="center">1</words>
        </direction-type>
        <staff>1</staff>
      </direction>
      <direction placement="below">
        <direction-type>
          <words default-x="34" default-y="-80" font-style="italic" halign="center">2</words>
        </direction-type>
        <staff>1</staff>
      </direction>
      <direction placement="below">
        <direction-type>
          <words default-x="34" default-y="-80" font-style="italic" halign="center">5</words>
        </direction-type>
        <staff>1</staff>
      </direction>
      <note default-x="34">
        <pitch>
          <step>C</step>
          <octave>5</octave>
        </pitch>
        <duration>16</duration>
        <voice>1</voice>
        <type>half</type>
        <stem default-y="-50">down</stem>
        <staff>1</staff>
      </note>
      <note default-x="34">
        <chord/>
        <pitch>
          <step>F</step>
          <octave>5</octave>
        </pitch>
        <duration>16</duration>
        <voice>1</voice>
        <type>half</type>
        <stem>down</stem>
        <staff>1</staff>
      </note>
      <note default-x="34">
        <chord/>
        <pitch>
          <step>A</step>
          <octave>5</octave>
        </pitch>
        <duration>16</duration>
        <voice>1</voice>
        <type>half</type>
        <stem>down</stem>
        <staff>1</staff>
      </note>
      <note default-x="97">
        <pitch>
          <step>C</step>
          <octave>5</octave>
        </pitch>
        <duration>16</duration>
        <voice>1</voice>
        <type>half</type>
        <stem default-y="-50">down</stem>
        <staff>1</staff>
      </note>
      <note default-x="97">
        <chord/>
        <pitch>
          <step>F</step>
          <octave>5</octave>
        </pitch>
        <duration>16</duration>
        <voice>1</voice>
        <type>half</type>
        <stem>down</stem>
        <staff>1</staff>
      </note>
      <note default-x="97">
        <chord/>
        <pitch>
          <step>A</step>
          <octave>5</octave>
        </pitch>
        <duration>16</duration>
        <voice>1</voice>
        <type>half</type>
        <stem>down</stem>
        <staff>1</staff>
      </note>
      <backup>
        <duration>32</duration>
      </backup>
      <direction placement="below">
        <direction-type>
          <words default-x="34" default-y="-85" font-style="italic" halign="center">1</words>
        </direction-type>
        <staff>2</staff>
      </direction>
      <direction placement="below">
        <direction-type>
          <words default-x="34" default-y="-85" font-style="italic" halign="center">2</words>
        </direction-type>
        <staff>2</staff>
      </direction>
      <direction placement="below">
        <direction-type>
          <words default-x="34" default-y="-85" font-style="italic" halign="center">5</words>
        </direction-type>
        <staff>2</staff>
      </direction>
      <note default-x="34">
        <pitch>
          <step>C</step>
          <octave>4</octave>
        </pitch>
        <duration>16</duration>
        <voice>2</voice>
        <type>half</type>
        <stem default-y="10">up</stem>
        <staff>2</staff>
      </note>
      <note default-x="34">
        <chord/>
        <pitch>
          <step>F</step>
          <octave>4</octave>
        </pitch>
        <duration>16</duration>
        <voice>2</voice>
        <type>half</type>
        <stem>up</stem>
        <staff>2</staff>
      </note>
      <note default-x="34">
        <chord/>
        <pitch>
          <step>A</step>
          <octave>4</octave>
        </pitch>
        <duration>16</duration>
        <voice>2</voice>
        <type>half</type>
        <stem>up</stem>
        <staff>2</staff>
      </note>
      <note default-x="97">
        <pitch>
          <step>C</step>
          <octave>4</octave>
        </pitch>
        <duration>16</duration>
        <voice>2</voice>
        <type>half</type>
        <stem default-y="10">up</stem>
        <staff>2</staff>
      </note>
      <note default-x="97">
        <chord/>
        <pitch>
          <step>F</step>
          <octave>4</octave>
        </pitch>
        <duration>16</duration>
        <voice>2</voice>
        <type>half</type>
        <stem>up</stem>
        <staff>2</staff>
      </note>
      <note default-x="97">
        <chord/>
        <pitch>
          <step>A</step>
          <octave>4</octave>
        </pitch>
        <duration>16</duration>
        <voice>2</voice>
        <type>half</type>
        <stem>up</stem>
        <staff>2</staff>
      </note>
    </measure>
    <!--=======================================================-->
    <measure number="6" width="121">
      <direction placement="below">
        <direction-type>
          <words default-x="16" default-y="-73" font-style="italic" halign="center">1</words>
        </direction-type>
        <staff>1</staff>
      </direction>
      <direction placement="below">
        <direction-type>
          <words default-x="16" default-y="-73" font-style="italic" halign="center">2</words>
        </direction-type>
        <staff>1</staff>
      </direction>
      <direction placement="below">
        <direction-type>
          <words default-x="16" default-y="-73" font-style="italic" halign="center">4</words>
        </direction-type>
        <staff>1</staff>
      </direction>
      <note default-x="16">
        <pitch>
          <step>C</step>
          <octave>5</octave>
        </pitch>
        <duration>32</duration>
        <voice>1</voice>
        <type>whole</type>
        <staff>1</staff>
      </note>
      <note default-x="16">
        <chord/>
        <pitch>
          <step>E</step>
          <octave>5</octave>
        </pitch>
        <duration>32</duration>
        <voice>1</voice>
        <type>whole</type>
        <staff>1</staff>
      </note>
      <note default-x="16">
        <chord/>
        <pitch>
          <step>G</step>
          <octave>5</octave>
        </pitch>
        <duration>32</duration>
        <voice>1</voice>
        <type>whole</type>
        <staff>1</staff>
      </note>
      <backup>
        <duration>32</duration>
      </backup>
      <direction placement="below">
        <direction-type>
          <words default-x="16" default-y="-85" font-style="italic" halign="center">1</words>
        </direction-type>
        <staff>2</staff>
      </direction>
      <direction placement="below">
        <direction-type>
          <words default-x="16" default-y="-85" font-style="italic" halign="center">3</words>
        </direction-type>
        <staff>2</staff>
      </direction>
      <direction placement="below">
        <direction-type>
          <words default-x="16" default-y="-85" font-style="italic" halign="center">5</words>
        </direction-type>
        <staff>2</staff>
      </direction>
      <note default-x="16">
        <pitch>
          <step>C</step>
          <octave>4</octave>
        </pitch>
        <duration>32</duration>
        <voice>2</voice>
        <type>whole</type>
        <staff>2</staff>
      </note>
      <note default-x="16">
        <chord/>
        <pitch>
          <step>E</step>
          <octave>4</octave>
        </pitch>
        <duration>32</duration>
        <voice>2</voice>
        <type>whole</type>
        <staff>2</staff>
      </note>
      <note default-x="16">
        <chord/>
        <pitch>
          <step>G</step>
          <octave>4</octave>
        </pitch>
        <duration>32</duration>
        <voice>2</voice>
        <type>whole</type>
        <staff>2</staff>
      </note>
    </measure>
    <!--=======================================================-->
    <measure number="7" width="202">
      <print new-system="yes">
        <system-layout>
          <system-distance>114</system-distance>
        </system-layout>
      </print>
      <direction placement="below">
        <direction-type>
          <words default-x="55" default-y="-86" font-style="italic" halign="center">2</words>
        </direction-type>
        <staff>1</staff>
      </direction>
      <direction placement="below">
        <direction-type>
          <words default-x="54" default-y="-101" font-style="italic" halign="center">4</words>
        </direction-type>
        <staff>1</staff>
      </direction>
      <direction placement="below">
        <direction-type>
          <words default-x="55" default-y="-86" font-style="italic" halign="center">5</words>
        </direction-type>
        <staff>1</staff>
      </direction>
      <note default-x="55">
        <pitch>
          <step>B</step>
          <octave>4</octave>
        </pitch>
        <duration>16</duration>
        <voice>1</voice>
        <type>half</type>
        <stem default-y="-55.5">down</stem>
        <staff>1</staff>
      </note>
      <note default-x="55">
        <chord/>
        <pitch>
          <step>D</step>
          <octave>5</octave>
        </pitch>
        <duration>16</duration>
        <voice>1</voice>
        <type>half</type>
        <stem>down</stem>
        <staff>1</staff>
      </note>
      <note default-x="55">
        <chord/>
        <pitch>
          <step>F</step>
          <octave>5</octave>
        </pitch>
        <duration>16</duration>
        <voice>1</voice>
        <type>half</type>
        <stem>down</stem>
        <staff>1</staff>
      </note>
      <note default-x="128">
        <pitch>
          <step>B</step>
          <octave>4</octave>
        </pitch>
        <duration>16</duration>
        <voice>1</voice>
        <type>half</type>
        <stem default-y="-55.5">down</stem>
        <staff>1</staff>
      </note>
      <note default-x="128">
        <chord/>
        <pitch>
          <step>D</step>
          <octave>5</octave>
        </pitch>
        <duration>16</duration>
        <voice>1</voice>
        <type>half</type>
        <stem>down</stem>
        <staff>1</staff>
      </note>
      <note default-x="128">
        <chord/>
        <pitch>
          <step>F</step>
          <octave>5</octave>
        </pitch>
        <duration>16</duration>
        <voice>1</voice>
        <type>half</type>
        <stem>down</stem>
        <staff>1</staff>
      </note>
      <backup>
        <duration>32</duration>
      </backup>
      <direction placement="below">
        <direction-type>
          <words default-x="55" default-y="-100" font-style="italic" halign="center">1</words>
        </direction-type>
        <staff>2</staff>
      </direction>
      <direction placement="below">
        <direction-type>
          <words default-x="55" default-y="-100" font-style="italic" halign="center">2</words>
        </direction-type>
        <staff>2</staff>
      </direction>
      <direction placement="below">
        <direction-type>
          <words default-x="55" default-y="-100" font-style="italic" halign="center">5</words>
        </direction-type>
        <staff>2</staff>
      </direction>
      <note default-x="55">
        <pitch>
          <step>G</step>
          <octave>3</octave>
        </pitch>
        <duration>16</duration>
        <voice>2</voice>
        <type>half</type>
        <stem default-y="0.5">up</stem>
        <staff>2</staff>
      </note>
      <note default-x="55">
        <chord/>
        <pitch>
          <step>D</step>
          <octave>4</octave>
        </pitch>
        <duration>16</duration>
        <voice>2</voice>
        <type>half</type>
        <stem>up</stem>
        <staff>2</staff>
      </note>
      <note default-x="55">
        <chord/>
        <pitch>
          <step>F</step>
          <octave>4</octave>
        </pitch>
        <duration>16</duration>
        <voice>2</voice>
        <type>half</type>
        <stem>up</stem>
        <staff>2</staff>
      </note>
      <note default-x="128">
        <pitch>
          <step>G</step>
          <octave>3</octave>
        </pitch>
        <duration>16</duration>
        <voice>2</voice>
        <type>half</type>
        <stem default-y="0.5">up</stem>
        <staff>2</staff>
      </note>
      <note default-x="128">
        <chord/>
        <pitch>
          <step>D</step>
          <octave>4</octave>
        </pitch>
        <duration>16</duration>
        <voice>2</voice>
        <type>half</type>
        <stem>up</stem>
        <staff>2</staff>
      </note>
      <note default-x="128">
        <chord/>
        <pitch>
          <step>F</step>
          <octave>4</octave>
        </pitch>
        <duration>16</duration>
        <voice>2</voice>
        <type>half</type>
        <stem>up</stem>
        <staff>2</staff>
      </note>
    </measure>
    <!--=======================================================-->
    <measure number="8" width="136">
      <direction placement="below">
        <direction-type>
          <words default-x="16" default-y="-73" font-style="italic" halign="center">1</words>
        </direction-type>
        <staff>1</staff>
      </direction>
      <direction placement="below">
        <direction-type>
          <words default-x="16" default-y="-73" font-style="italic" halign="center">3</words>
        </direction-type>
        <staff>1</staff>
      </direction>
      <direction placement="below">
        <direction-type>
          <words default-x="16" default-y="-79" font-style="italic" halign="center">5</words>
        </direction-type>
        <staff>1</staff>
      </direction>
      <note default-x="16">
        <pitch>
          <step>G</step>
          <octave>4</octave>
        </pitch>
        <duration>32</duration>
        <voice>1</voice>
        <type>whole</type>
        <staff>1</staff>
      </note>
      <note default-x="16">
        <chord/>
        <pitch>
          <step>C</step>
          <octave>5</octave>
        </pitch>
        <duration>32</duration>
        <voice>1</voice>
        <type>whole</type>
        <staff>1</staff>
      </note>
      <note default-x="16">
        <chord/>
        <pitch>
          <step>E</step>
          <octave>5</octave>
        </pitch>
        <duration>32</duration>
        <voice>1</voice>
        <type>whole</type>
        <staff>1</staff>
      </note>
      <backup>
        <duration>32</duration>
      </backup>
      <direction placement="below">
        <direction-type>
          <words default-x="16" default-y="-85" font-style="italic" halign="center">1</words>
        </direction-type>
        <staff>2</staff>
      </direction>
      <direction placement="below">
        <direction-type>
          <words default-x="16" default-y="-85" font-style="italic" halign="center">3</words>
        </direction-type>
        <staff>2</staff>
      </direction>
      <note default-x="16">
        <pitch>
          <step>C</step>
          <octave>4</octave>
        </pitch>
        <duration>32</duration>
        <voice>2</voice>
        <type>whole</type>
        <staff>2</staff>
      </note>
      <note default-x="16">
        <chord/>
        <pitch>
          <step>E</step>
          <octave>4</octave>
        </pitch>
        <duration>32</duration>
        <voice>2</voice>
        <type>whole</type>
        <staff>2</staff>
      </note>
    </measure>
    <!--=======================================================-->
    <measure number="9" width="163">
      <direction placement="below">
        <direction-type>
          <words default-x="16" default-y="-89" font-style="italic" halign="center">1</words>
        </direction-type>
        <staff>1</staff>
      </direction>
      <direction placement="below">
        <direction-type>
          <words default-x="16" default-y="-89" font-style="italic" halign="center">2</words>
        </direction-type>
        <staff>1</staff>
      </direction>
      <direction placement="below">
        <direction-type>
          <words default-x="16" default-y="-89" font-style="italic" halign="center">4</words>
        </direction-type>
        <staff>1</staff>
      </direction>
      <note default-x="16">
        <pitch>
          <step>G</step>
          <octave>4</octave>
        </pitch>
        <duration>16</duration>
        <voice>1</voice>
        <type>half</type>
        <stem default-y="-58.5">down</stem>
        <staff>1</staff>
      </note>
      <note default-x="16">
        <chord/>
        <pitch>
          <step>B</step>
          <octave>4</octave>
        </pitch>
        <duration>16</duration>
        <voice>1</voice>
        <type>half</type>
        <stem>down</stem>
        <staff>1</staff>
      </note>
      <note default-x="16">
        <chord/>
        <pitch>
          <step>D</step>
          <octave>5</octave>
        </pitch>
        <duration>16</duration>
        <voice>1</voice>
        <type>half</type>
        <stem>down</stem>
        <staff>1</staff>
      </note>
      <note default-x="90">
        <pitch>
          <step>G</step>
          <octave>4</octave>
        </pitch>
        <duration>16</duration>
        <voice>1</voice>
        <type>half</type>
        <stem default-y="-58.5">down</stem>
        <staff>1</staff>
      </note>
      <note default-x="90">
        <chord/>
        <pitch>
          <step>B</step>
          <octave>4</octave>
        </pitch>
        <duration>16</duration>
        <voice>1</voice>
        <type>half</type>
        <stem>down</stem>
        <staff>1</staff>
      </note>
      <note default-x="90">
        <chord/>
        <pitch>
          <step>D</step>
          <octave>5</octave>
        </pitch>
        <duration>16</duration>
        <voice>1</voice>
        <type>half</type>
        <stem>down</stem>
        <staff>1</staff>
      </note>
      <backup>
        <duration>32</duration>
      </backup>
      <direction placement="below">
        <direction-type>
          <words default-x="16" default-y="-100" font-style="italic" halign="center">2</words>
        </direction-type>
        <staff>2</staff>
      </direction>
      <direction placement="below">
        <direction-type>
          <words default-x="16" default-y="-100" font-style="italic" halign="center">5</words>
        </direction-type>
        <staff>2</staff>
      </direction>
      <note default-x="16">
        <pitch>
          <step>G</step>
          <octave>3</octave>
        </pitch>
        <duration>16</duration>
        <voice>2</voice>
        <type>half</type>
        <stem default-y="-10">up</stem>
        <staff>2</staff>
      </note>
      <note default-x="16">
        <chord/>
        <pitch>
          <step>D</step>
          <octave>4</octave>
        </pitch>
        <duration>16</duration>
        <voice>2</voice>
        <type>half</type>
        <stem>up</stem>
        <staff>2</staff>
      </note>
      <note default-x="90">
        <pitch>
          <step>G</step>
          <octave>3</octave>
        </pitch>
        <duration>16</duration>
        <voice>2</voice>
        <type>half</type>
        <stem default-y="-10">up</stem>
        <staff>2</staff>
      </note>
      <note default-x="90">
        <chord/>
        <pitch>
          <step>D</step>
          <octave>4</octave>
        </pitch>
        <duration>16</duration>
        <voice>2</voice>
        <type>half</type>
        <stem>up</stem>
        <staff>2</staff>
      </note>
    </measure>
    <!--=======================================================-->
    <measure number="10" width="163">
      <direction placement="below">
        <direction-type>
          <words default-x="16" default-y="-89" font-style="italic" halign="center">1</words>
        </direction-type>
        <staff>1</staff>
      </direction>
      <direction placement="below">
        <direction-type>
          <words default-x="16" default-y="-89" font-style="italic" halign="center">3</words>
        </direction-type>
        <staff>1</staff>
      </direction>
      <direction placement="below">
        <direction-type>
          <words default-x="16" default-y="-89" font-style="italic" halign="center">5</words>
        </direction-type>
        <staff>1</staff>
      </direction>
      <note default-x="17">
        <pitch>
          <step>G</step>
          <octave>4</octave>
        </pitch>
        <duration>16</duration>
        <voice>1</voice>
        <type>half</type>
        <stem default-y="-58.5">down</stem>
        <staff>1</staff>
      </note>
      <note default-x="17">
        <chord/>
        <pitch>
          <step>C</step>
          <octave>5</octave>
        </pitch>
        <duration>16</duration>
        <voice>1</voice>
        <type>half</type>
        <stem>down</stem>
        <staff>1</staff>
      </note>
      <note default-x="17">
        <chord/>
        <pitch>
          <step>E</step>
          <octave>5</octave>
        </pitch>
        <duration>16</duration>
        <voice>1</voice>
        <type>half</type>
        <stem>down</stem>
        <staff>1</staff>
      </note>
      <note default-x="90">
        <pitch>
          <step>G</step>
          <octave>4</octave>
        </pitch>
        <duration>16</duration>
        <voice>1</voice>
        <type>half</type>
        <stem default-y="-58.5">down</stem>
        <staff>1</staff>
      </note>
      <note default-x="90">
        <chord/>
        <pitch>
          <step>C</step>
          <octave>5</octave>
        </pitch>
        <duration>16</duration>
        <voice>1</voice>
        <type>half</type>
        <stem>down</stem>
        <staff>1</staff>
      </note>
      <note default-x="90">
        <chord/>
        <pitch>
          <step>E</step>
          <octave>5</octave>
        </pitch>
        <duration>16</duration>
        <voice>1</voice>
        <type>half</type>
        <stem>down</stem>
        <staff>1</staff>
      </note>
      <backup>
        <duration>32</duration>
      </backup>
      <direction placement="below">
        <direction-type>
          <words default-x="17" default-y="-85" font-style="italic" halign="center">1</words>
        </direction-type>
        <staff>2</staff>
      </direction>
      <direction placement="below">
        <direction-type>
          <words default-x="17" default-y="-85" font-style="italic" halign="center">3</words>
        </direction-type>
        <staff>2</staff>
      </direction>
      <note default-x="17">
        <pitch>
          <step>C</step>
          <octave>4</octave>
        </pitch>
        <duration>16</duration>
        <voice>2</voice>
        <type>half</type>
        <stem default-y="-5">up</stem>
        <staff>2</staff>
      </note>
      <note default-x="17">
        <chord/>
        <pitch>
          <step>E</step>
          <octave>4</octave>
        </pitch>
        <duration>16</duration>
        <voice>2</voice>
        <type>half</type>
        <stem>up</stem>
        <staff>2</staff>
      </note>
      <note default-x="90">
        <pitch>
          <step>C</step>
          <octave>4</octave>
        </pitch>
        <duration>16</duration>
        <voice>2</voice>
        <type>half</type>
        <stem default-y="-5">up</stem>
        <staff>2</staff>
      </note>
      <note default-x="90">
        <chord/>
        <pitch>
          <step>E</step>
          <octave>4</octave>
        </pitch>
        <duration>16</duration>
        <voice>2</voice>
        <type>half</type>
        <stem>up</stem>
        <staff>2</staff>
      </note>
    </measure>
    <!--=======================================================-->
    <measure number="11" width="163">
      <direction placement="below">
        <direction-type>
          <words default-x="16" default-y="-75" font-style="italic" halign="center">3</words>
        </direction-type>
        <staff>1</staff>
      </direction>
      <direction placement="below">
        <direction-type>
          <words default-x="16" default-y="-75" font-style="italic" halign="center">5</words>
        </direction-type>
        <staff>1</staff>
      </direction>
      <note default-x="17">
        <pitch>
          <step>D</step>
          <octave>5</octave>
        </pitch>
        <duration>16</duration>
        <voice>1</voice>
        <type>half</type>
        <stem default-y="-45">down</stem>
        <staff>1</staff>
      </note>
      <note default-x="17">
        <chord/>
        <pitch>
          <step>F</step>
          <octave>5</octave>
        </pitch>
        <duration>16</duration>
        <voice>1</voice>
        <type>half</type>
        <stem>down</stem>
        <staff>1</staff>
      </note>
      <direction placement="below">
        <direction-type>
          <words default-x="89" default-y="-86" font-style="italic" halign="center">1</words>
        </direction-type>
        <staff>1</staff>
      </direction>
      <direction placement="below">
        <direction-type>
          <words default-x="89" default-y="-86" font-style="italic" halign="center">3</words>
        </direction-type>
        <staff>1</staff>
      </direction>
      <note default-x="90">
        <pitch>
          <step>B</step>
          <octave>4</octave>
        </pitch>
        <duration>16</duration>
        <voice>1</voice>
        <type>half</type>
        <stem default-y="-55.5">down</stem>
        <staff>1</staff>
      </note>
      <note default-x="90">
        <chord/>
        <pitch>
          <step>D</step>
          <octave>5</octave>
        </pitch>
        <duration>16</duration>
        <voice>1</voice>
        <type>half</type>
        <stem>down</stem>
        <staff>1</staff>
      </note>
      <backup>
        <duration>32</duration>
      </backup>
      <direction placement="below">
        <direction-type>
          <words default-x="17" default-y="-100" font-style="italic" halign="center">1</words>
        </direction-type>
        <staff>2</staff>
      </direction>
      <direction placement="below">
        <direction-type>
          <words default-x="17" default-y="-100" font-style="italic" halign="center">3</words>
        </direction-type>
        <staff>2</staff>
      </direction>
      <direction placement="below">
        <direction-type>
          <words default-x="17" default-y="-100" font-style="italic" halign="center">5</words>
        </direction-type>
        <staff>2</staff>
      </direction>
      <note default-x="17">
        <pitch>
          <step>G</step>
          <octave>3</octave>
        </pitch>
        <duration>16</duration>
        <voice>2</voice>
        <type>half</type>
        <stem default-y="-10">up</stem>
        <staff>2</staff>
      </note>
      <note default-x="17">
        <chord/>
        <pitch>
          <step>B</step>
          <octave>3</octave>
        </pitch>
        <duration>16</duration>
        <voice>2</voice>
        <type>half</type>
        <stem>up</stem>
        <staff>2</staff>
      </note>
      <note default-x="17">
        <chord/>
        <pitch>
          <step>D</step>
          <octave>4</octave>
        </pitch>
        <duration>16</duration>
        <voice>2</voice>
        <type>half</type>
        <stem>up</stem>
        <staff>2</staff>
      </note>
      <direction placement="below">
        <direction-type>
          <words default-x="90" default-y="-100" font-style="italic" halign="center">1</words>
        </direction-type>
        <staff>2</staff>
      </direction>
      <direction placement="below">
        <direction-type>
          <words default-x="90" default-y="-100" font-style="italic" halign="center">2</words>
        </direction-type>
        <staff>2</staff>
      </direction>
      <direction placement="below">
        <direction-type>
          <words default-x="90" default-y="-100" font-style="italic" halign="center">5</words>
        </direction-type>
        <staff>2</staff>
      </direction>
      <note default-x="90">
        <pitch>
          <step>G</step>
          <octave>3</octave>
        </pitch>
        <duration>16</duration>
        <voice>2</voice>
        <type>half</type>
        <stem default-y="0.5">up</stem>
        <staff>2</staff>
      </note>
      <note default-x="90">
        <chord/>
        <pitch>
          <step>D</step>
          <octave>4</octave>
        </pitch>
        <duration>16</duration>
        <voice>2</voice>
        <type>half</type>
        <stem>up</stem>
        <staff>2</staff>
      </note>
      <note default-x="90">
        <chord/>
        <pitch>
          <step>F</step>
          <octave>4</octave>
        </pitch>
        <duration>16</duration>
        <voice>2</voice>
        <type>half</type>
        <stem>up</stem>
        <staff>2</staff>
      </note>
    </measure>
    <!--=======================================================-->
    <measure number="12" width="155">
      <direction placement="below">
        <direction-type>
          <words default-x="16" default-y="-73" font-style="italic" halign="center">2</words>
        </direction-type>
        <staff>1</staff>
      </direction>
      <note default-x="16">
        <pitch>
          <step>C</step>
          <octave>5</octave>
        </pitch>
        <duration>32</duration>
        <voice>1</voice>
        <type>whole</type>
        <staff>1</staff>
      </note>
      <backup>
        <duration>32</duration>
      </backup>
      <direction placement="below">
        <direction-type>
          <words default-x="16" default-y="-85" font-style="italic" halign="center">1</words>
        </direction-type>
        <staff>2</staff>
      </direction>
      <direction placement="below">
        <direction-type>
          <words default-x="16" default-y="-85" font-style="italic" halign="center">3</words>
        </direction-type>
        <staff>2</staff>
      </direction>
      <note default-x="16">
        <pitch>
          <step>C</step>
          <octave>4</octave>
        </pitch>
        <duration>32</duration>
        <voice>2</voice>
        <type>whole</type>
        <staff>2</staff>
      </note>
      <note default-x="16">
        <chord/>
        <pitch>
          <step>E</step>
          <octave>4</octave>
        </pitch>
        <duration>32</duration>
        <voice>2</voice>
        <type>whole</type>
        <staff>2</staff>
      </note>
      <barline location="right">
        <bar-style>light-heavy</bar-style>
        <repeat direction="backward" winged="none"/>
      </barline>
    </measure>
  </part>
  <!--=========================================================-->
</score-partwise>
