<?xml version="1.0" encoding="UTF-8" standalone="no"?>
<!DOCTYPE score-partwise PUBLIC "-//Recordare//DTD MusicXML 3.0 Partwise//EN" "http://www.musicxml.org/dtds/partwise.dtd">
<score-partwise version="3.0">
  <movement-title>Czerny No. 20</movement-title>
  <identification>
    <rights>©</rights>
    <encoding>
      <software>PrintMusic 2014 for Windows</software>
      <software>Dolet Light for PrintMusic 2014</software>
      <encoding-date>2014-10-27</encoding-date>
      <supports attribute="new-system" element="print" type="yes" value="yes"/>
      <supports attribute="new-page" element="print" type="yes" value="yes"/>
      <supports element="accidental" type="yes"/>
      <supports element="beam" type="yes"/>
      <supports element="stem" type="yes"/>
    </encoding>
  </identification>
  <defaults>
    <scaling>
      <millimeters>7.2319</millimeters>
      <tenths>40</tenths>
    </scaling>
    <page-layout>
      <page-height>1545</page-height>
      <page-width>1194</page-width>
      <page-margins type="both">
        <left-margin>140</left-margin>
        <right-margin>70</right-margin>
        <top-margin>88</top-margin>
        <bottom-margin>88</bottom-margin>
      </page-margins>
    </page-layout>
    <system-layout>
      <system-margins>
        <left-margin>0</left-margin>
        <right-margin>0</right-margin>
      </system-margins>
      <system-distance>121</system-distance>
      <top-system-distance>70</top-system-distance>
    </system-layout>
    <staff-layout>
      <staff-distance>80</staff-distance>
    </staff-layout>
    <appearance>
      <line-width type="stem">0.7487</line-width>
      <line-width type="beam">5</line-width>
      <line-width type="staff">0.7487</line-width>
      <line-width type="light barline">0.7487</line-width>
      <line-width type="heavy barline">5</line-width>
      <line-width type="leger">0.7487</line-width>
      <line-width type="ending">0.7487</line-width>
      <line-width type="wedge">0.7487</line-width>
      <line-width type="enclosure">0.7487</line-width>
      <line-width type="tuplet bracket">0.7487</line-width>
      <note-size type="grace">60</note-size>
      <note-size type="cue">60</note-size>
      <distance type="hyphen">120</distance>
      <distance type="beam">8</distance>
    </appearance>
    <music-font font-family="Maestro,engraved" font-size="20.5"/>
    <word-font font-family="Times New Roman" font-size="10.25"/>
  </defaults>
  <credit page="1">
    <credit-type>title</credit-type>
    <credit-words default-x="632" default-y="1440" font-size="24" justify="center" valign="top">Czerny No. 20</credit-words>
  </credit>
  <credit page="1">
    <credit-type>rights</credit-type>
    <credit-words default-x="632" default-y="70" font-size="10" justify="center" valign="bottom">©</credit-words>
  </credit>
  <part-list>
    <score-part id="P1">
      <part-name>Piano</part-name>
      <part-abbreviation>Pno.</part-abbreviation>
      <score-instrument id="P1-I1">
        <instrument-name>SmartMusic SoftSynth</instrument-name>
        <instrument-sound>keyboard.piano</instrument-sound>
        <virtual-instrument/>
      </score-instrument>
      <midi-device>SmartMusic SoftSynth</midi-device>
      <midi-instrument id="P1-I1">
        <midi-channel>1</midi-channel>
        <midi-bank>15489</midi-bank>
        <midi-program>1</midi-program>
        <volume>80</volume>
        <pan>0</pan>
      </midi-instrument>
    </score-part>
  </part-list>
  <!--=========================================================-->
  <part id="P1">
    <measure number="1" width="279">
      <print>
        <system-layout>
          <system-margins>
            <left-margin>70</left-margin>
            <right-margin>0</right-margin>
          </system-margins>
          <top-system-distance>152</top-system-distance>
        </system-layout>
        <measure-numbering>system</measure-numbering>
      </print>
      <attributes>
        <divisions>8</divisions>
        <key>
          <fifths>0</fifths>
          <mode>major</mode>
        </key>
        <time symbol="common">
          <beats>4</beats>
          <beat-type>4</beat-type>
        </time>
        <staves>2</staves>
        <clef number="1">
          <sign>G</sign>
          <line>2</line>
        </clef>
        <clef number="2">
          <sign>G</sign>
          <line>2</line>
        </clef>
      </attributes>
      <sound tempo="120"/>
      <direction placement="below">
        <direction-type>
          <words default-x="86" default-y="-80" font-style="italic" halign="center">Legato</words>
        </direction-type>
        <staff>1</staff>
      </direction>
      <direction placement="above">
        <direction-type>
          <words default-y="3" font-family="Times" relative-x="5">1</words>
        </direction-type>
        <staff>1</staff>
      </direction>
      <note default-x="86">
        <pitch>
          <step>C</step>
          <octave>5</octave>
        </pitch>
        <duration>8</duration>
        <voice>1</voice>
        <type>quarter</type>
        <stem default-y="-50">down</stem>
        <staff>1</staff>
      </note>
      <direction placement="above">
        <direction-type>
          <words default-y="15" font-family="Times" relative-x="6">2</words>
        </direction-type>
        <staff>1</staff>
      </direction>
      <note default-x="134">
        <pitch>
          <step>E</step>
          <octave>5</octave>
        </pitch>
        <duration>8</duration>
        <voice>1</voice>
        <type>quarter</type>
        <stem default-y="-40.5">down</stem>
        <staff>1</staff>
      </note>
      <direction placement="above">
        <direction-type>
          <words default-y="16" font-family="Times" relative-x="8">3</words>
        </direction-type>
        <staff>1</staff>
      </direction>
      <note default-x="182">
        <pitch>
          <step>G</step>
          <octave>5</octave>
        </pitch>
        <duration>8</duration>
        <voice>1</voice>
        <type>quarter</type>
        <stem default-y="-30">down</stem>
        <staff>1</staff>
      </note>
      <direction placement="above">
        <direction-type>
          <words default-y="34" font-family="Times" relative-x="11">5</words>
        </direction-type>
        <staff>1</staff>
      </direction>
      <note default-x="231">
        <pitch>
          <step>C</step>
          <octave>6</octave>
        </pitch>
        <duration>8</duration>
        <voice>1</voice>
        <type>quarter</type>
        <stem default-y="-20.5">down</stem>
        <staff>1</staff>
      </note>
      <backup>
        <duration>32</duration>
      </backup>
      <direction placement="below">
        <direction-type>
          <words default-y="-70" font-family="Times">5</words>
        </direction-type>
        <staff>2</staff>
      </direction>
      <note default-x="86">
        <pitch>
          <step>C</step>
          <octave>4</octave>
        </pitch>
        <duration>4</duration>
        <voice>3</voice>
        <type>eighth</type>
        <stem default-y="5">up</stem>
        <staff>2</staff>
        <beam number="1">begin</beam>
      </note>
      <direction placement="below">
        <direction-type>
          <words default-y="-47" font-family="Times" relative-x="7">1</words>
        </direction-type>
        <staff>2</staff>
      </direction>
      <note default-x="111">
        <pitch>
          <step>G</step>
          <octave>4</octave>
        </pitch>
        <duration>4</duration>
        <voice>3</voice>
        <type>eighth</type>
        <stem default-y="5">up</stem>
        <staff>2</staff>
        <beam number="1">continue</beam>
      </note>
      <direction placement="below">
        <direction-type>
          <words default-y="-58" font-family="Times" relative-x="8">3</words>
        </direction-type>
        <staff>2</staff>
      </direction>
      <note default-x="134">
        <pitch>
          <step>E</step>
          <octave>4</octave>
        </pitch>
        <duration>4</duration>
        <voice>3</voice>
        <type>eighth</type>
        <stem default-y="5">up</stem>
        <staff>2</staff>
        <beam number="1">continue</beam>
      </note>
      <direction placement="below">
        <direction-type>
          <words default-y="-51" font-family="Times" relative-x="4">1</words>
        </direction-type>
        <staff>2</staff>
      </direction>
      <note default-x="159">
        <pitch>
          <step>G</step>
          <octave>4</octave>
        </pitch>
        <duration>4</duration>
        <voice>3</voice>
        <type>eighth</type>
        <stem default-y="5">up</stem>
        <staff>2</staff>
        <beam number="1">end</beam>
      </note>
      <note default-x="182">
        <pitch>
          <step>C</step>
          <octave>4</octave>
        </pitch>
        <duration>4</duration>
        <voice>3</voice>
        <type>eighth</type>
        <stem default-y="5">up</stem>
        <staff>2</staff>
        <beam number="1">begin</beam>
      </note>
      <note default-x="206">
        <pitch>
          <step>G</step>
          <octave>4</octave>
        </pitch>
        <duration>4</duration>
        <voice>3</voice>
        <type>eighth</type>
        <stem default-y="5">up</stem>
        <staff>2</staff>
        <beam number="1">continue</beam>
      </note>
      <note default-x="231">
        <pitch>
          <step>E</step>
          <octave>4</octave>
        </pitch>
        <duration>4</duration>
        <voice>3</voice>
        <type>eighth</type>
        <stem default-y="5">up</stem>
        <staff>2</staff>
        <beam number="1">continue</beam>
      </note>
      <note default-x="254">
        <pitch>
          <step>G</step>
          <octave>4</octave>
        </pitch>
        <duration>4</duration>
        <voice>3</voice>
        <type>eighth</type>
        <stem default-y="5">up</stem>
        <staff>2</staff>
        <beam number="1">end</beam>
      </note>
    </measure>
    <!--=======================================================-->
    <measure number="2" width="214">
      <direction placement="above">
        <direction-type>
          <words default-y="34" font-family="Times" relative-x="8">4</words>
        </direction-type>
        <staff>1</staff>
      </direction>
      <note default-x="16">
        <pitch>
          <step>B</step>
          <octave>5</octave>
        </pitch>
        <duration>4</duration>
        <voice>2</voice>
        <type>eighth</type>
        <stem default-y="-30">down</stem>
        <staff>1</staff>
        <beam number="1">begin</beam>
      </note>
      <direction placement="above">
        <direction-type>
          <words default-y="19" font-family="Times" relative-x="6">2</words>
        </direction-type>
        <staff>1</staff>
      </direction>
      <note default-x="41">
        <pitch>
          <step>G</step>
          <octave>5</octave>
        </pitch>
        <duration>4</duration>
        <voice>2</voice>
        <type>eighth</type>
        <stem default-y="-30">down</stem>
        <staff>1</staff>
        <beam number="1">continue</beam>
      </note>
      <note default-x="66">
        <pitch>
          <step>A</step>
          <octave>5</octave>
        </pitch>
        <duration>4</duration>
        <voice>2</voice>
        <type>eighth</type>
        <stem default-y="-30">down</stem>
        <staff>1</staff>
        <beam number="1">continue</beam>
      </note>
      <note default-x="90">
        <pitch>
          <step>B</step>
          <octave>5</octave>
        </pitch>
        <duration>4</duration>
        <voice>2</voice>
        <type>eighth</type>
        <stem default-y="-30">down</stem>
        <staff>1</staff>
        <beam number="1">end</beam>
      </note>
      <note default-x="114">
        <pitch>
          <step>C</step>
          <octave>6</octave>
        </pitch>
        <duration>8</duration>
        <voice>2</voice>
        <type>quarter</type>
        <stem default-y="-20.5">down</stem>
        <staff>1</staff>
      </note>
      <direction placement="above">
        <direction-type>
          <words default-y="18" font-family="Times" relative-x="9">2</words>
        </direction-type>
        <staff>1</staff>
      </direction>
      <note default-x="164">
        <pitch>
          <step>G</step>
          <octave>5</octave>
        </pitch>
        <duration>8</duration>
        <voice>2</voice>
        <type>quarter</type>
        <stem default-y="-30">down</stem>
        <staff>1</staff>
      </note>
      <backup>
        <duration>32</duration>
      </backup>
      <direction placement="below">
        <direction-type>
          <words default-y="-48" font-family="Times" relative-x="9">4</words>
        </direction-type>
        <staff>2</staff>
      </direction>
      <note default-x="16">
        <pitch>
          <step>D</step>
          <octave>4</octave>
        </pitch>
        <duration>4</duration>
        <voice>3</voice>
        <type>eighth</type>
        <stem default-y="5">up</stem>
        <staff>2</staff>
        <beam number="1">begin</beam>
      </note>
      <direction placement="below">
        <direction-type>
          <words default-y="-34" font-family="Times" relative-x="5">1</words>
        </direction-type>
        <staff>2</staff>
      </direction>
      <note default-x="41">
        <pitch>
          <step>G</step>
          <octave>4</octave>
        </pitch>
        <duration>4</duration>
        <voice>3</voice>
        <type>eighth</type>
        <stem default-y="5">up</stem>
        <staff>2</staff>
        <beam number="1">continue</beam>
      </note>
      <direction placement="below">
        <direction-type>
          <words default-y="-47" font-family="Times" relative-x="4">2</words>
        </direction-type>
        <staff>2</staff>
      </direction>
      <note default-x="66">
        <pitch>
          <step>F</step>
          <octave>4</octave>
        </pitch>
        <duration>4</duration>
        <voice>3</voice>
        <type>eighth</type>
        <stem default-y="5">up</stem>
        <staff>2</staff>
        <beam number="1">continue</beam>
      </note>
      <direction placement="below">
        <direction-type>
          <words default-y="-40" font-family="Times" relative-x="10">1</words>
        </direction-type>
        <staff>2</staff>
      </direction>
      <note default-x="90">
        <pitch>
          <step>G</step>
          <octave>4</octave>
        </pitch>
        <duration>4</duration>
        <voice>3</voice>
        <type>eighth</type>
        <stem default-y="5">up</stem>
        <staff>2</staff>
        <beam number="1">end</beam>
      </note>
      <note default-x="114">
        <pitch>
          <step>C</step>
          <octave>4</octave>
        </pitch>
        <duration>4</duration>
        <voice>3</voice>
        <type>eighth</type>
        <stem default-y="5">up</stem>
        <staff>2</staff>
        <beam number="1">begin</beam>
      </note>
      <note default-x="139">
        <pitch>
          <step>G</step>
          <octave>4</octave>
        </pitch>
        <duration>4</duration>
        <voice>3</voice>
        <type>eighth</type>
        <stem default-y="5">up</stem>
        <staff>2</staff>
        <beam number="1">continue</beam>
      </note>
      <note default-x="164">
        <pitch>
          <step>E</step>
          <octave>4</octave>
        </pitch>
        <duration>4</duration>
        <voice>3</voice>
        <type>eighth</type>
        <stem default-y="5">up</stem>
        <staff>2</staff>
        <beam number="1">continue</beam>
      </note>
      <note default-x="189">
        <pitch>
          <step>G</step>
          <octave>4</octave>
        </pitch>
        <duration>4</duration>
        <voice>3</voice>
        <type>eighth</type>
        <stem default-y="5">up</stem>
        <staff>2</staff>
        <beam number="1">end</beam>
      </note>
    </measure>
    <!--=======================================================-->
    <measure number="3" width="209">
      <direction placement="above">
        <direction-type>
          <words default-y="10" font-family="Times" relative-x="5">1</words>
        </direction-type>
        <staff>1</staff>
      </direction>
      <note default-x="16">
        <pitch>
          <step>E</step>
          <octave>5</octave>
        </pitch>
        <duration>8</duration>
        <voice>1</voice>
        <type>quarter</type>
        <stem default-y="-40.5">down</stem>
        <staff>1</staff>
      </note>
      <note default-x="64">
        <pitch>
          <step>E</step>
          <octave>5</octave>
        </pitch>
        <duration>8</duration>
        <voice>1</voice>
        <type>quarter</type>
        <stem default-y="-40.5">down</stem>
        <staff>1</staff>
      </note>
      <note default-x="112">
        <pitch>
          <step>E</step>
          <octave>5</octave>
        </pitch>
        <duration>8</duration>
        <voice>1</voice>
        <type>quarter</type>
        <stem default-y="-40.5">down</stem>
        <staff>1</staff>
      </note>
      <direction placement="above">
        <direction-type>
          <words default-y="16" font-family="Times" relative-x="7">4</words>
        </direction-type>
        <staff>1</staff>
      </direction>
      <note default-x="161">
        <pitch>
          <step>G</step>
          <octave>5</octave>
        </pitch>
        <duration>8</duration>
        <voice>1</voice>
        <type>quarter</type>
        <stem default-y="-30">down</stem>
        <staff>1</staff>
      </note>
      <backup>
        <duration>32</duration>
      </backup>
      <note default-x="16">
        <pitch>
          <step>C</step>
          <octave>4</octave>
        </pitch>
        <duration>4</duration>
        <voice>3</voice>
        <type>eighth</type>
        <stem default-y="5">up</stem>
        <staff>2</staff>
        <beam number="1">begin</beam>
      </note>
      <note default-x="41">
        <pitch>
          <step>G</step>
          <octave>4</octave>
        </pitch>
        <duration>4</duration>
        <voice>3</voice>
        <type>eighth</type>
        <stem default-y="5">up</stem>
        <staff>2</staff>
        <beam number="1">continue</beam>
      </note>
      <note default-x="64">
        <pitch>
          <step>E</step>
          <octave>4</octave>
        </pitch>
        <duration>4</duration>
        <voice>3</voice>
        <type>eighth</type>
        <stem default-y="5">up</stem>
        <staff>2</staff>
        <beam number="1">continue</beam>
      </note>
      <note default-x="88">
        <pitch>
          <step>G</step>
          <octave>4</octave>
        </pitch>
        <duration>4</duration>
        <voice>3</voice>
        <type>eighth</type>
        <stem default-y="5">up</stem>
        <staff>2</staff>
        <beam number="1">end</beam>
      </note>
      <note default-x="112">
        <pitch>
          <step>C</step>
          <octave>4</octave>
        </pitch>
        <duration>4</duration>
        <voice>3</voice>
        <type>eighth</type>
        <stem default-y="5">up</stem>
        <staff>2</staff>
        <beam number="1">begin</beam>
      </note>
      <note default-x="136">
        <pitch>
          <step>G</step>
          <octave>4</octave>
        </pitch>
        <duration>4</duration>
        <voice>3</voice>
        <type>eighth</type>
        <stem default-y="5">up</stem>
        <staff>2</staff>
        <beam number="1">continue</beam>
      </note>
      <note default-x="161">
        <pitch>
          <step>E</step>
          <octave>4</octave>
        </pitch>
        <duration>4</duration>
        <voice>3</voice>
        <type>eighth</type>
        <stem default-y="5">up</stem>
        <staff>2</staff>
        <beam number="1">continue</beam>
      </note>
      <note default-x="184">
        <pitch>
          <step>G</step>
          <octave>4</octave>
        </pitch>
        <duration>4</duration>
        <voice>3</voice>
        <type>eighth</type>
        <stem default-y="5">up</stem>
        <staff>2</staff>
        <beam number="1">end</beam>
      </note>
    </measure>
    <!--=======================================================-->
    <measure number="4" width="211">
      <direction placement="above">
        <direction-type>
          <words default-y="25" font-family="Times">5</words>
        </direction-type>
        <staff>1</staff>
      </direction>
      <note default-x="16">
        <pitch>
          <step>A</step>
          <octave>5</octave>
        </pitch>
        <duration>4</duration>
        <voice>1</voice>
        <type>eighth</type>
        <stem default-y="-30">down</stem>
        <staff>1</staff>
        <beam number="1">begin</beam>
      </note>
      <note default-x="40">
        <pitch>
          <step>G</step>
          <octave>5</octave>
        </pitch>
        <duration>4</duration>
        <voice>1</voice>
        <type>eighth</type>
        <stem default-y="-31">down</stem>
        <staff>1</staff>
        <beam number="1">continue</beam>
      </note>
      <note default-x="65">
        <pitch>
          <step>F</step>
          <octave>5</octave>
        </pitch>
        <duration>4</duration>
        <voice>1</voice>
        <type>eighth</type>
        <stem default-y="-32">down</stem>
        <staff>1</staff>
        <beam number="1">continue</beam>
      </note>
      <note default-x="89">
        <pitch>
          <step>E</step>
          <octave>5</octave>
        </pitch>
        <duration>4</duration>
        <voice>1</voice>
        <type>eighth</type>
        <stem default-y="-33">down</stem>
        <staff>1</staff>
        <beam number="1">end</beam>
      </note>
      <note default-x="113">
        <pitch>
          <step>D</step>
          <octave>5</octave>
        </pitch>
        <duration>16</duration>
        <voice>1</voice>
        <type>half</type>
        <stem default-y="-45">down</stem>
        <staff>1</staff>
      </note>
      <backup>
        <duration>32</duration>
      </backup>
      <direction placement="below">
        <direction-type>
          <words default-y="-77" font-family="Times" relative-x="5">5</words>
        </direction-type>
        <staff>2</staff>
      </direction>
      <note default-x="16">
        <pitch>
          <step>G</step>
          <octave>3</octave>
        </pitch>
        <duration>4</duration>
        <voice>3</voice>
        <type>eighth</type>
        <stem default-y="-5">up</stem>
        <staff>2</staff>
        <beam number="1">begin</beam>
      </note>
      <direction placement="below">
        <direction-type>
          <words default-y="-55" font-family="Times">1</words>
        </direction-type>
        <staff>2</staff>
      </direction>
      <note default-x="40">
        <pitch>
          <step>E</step>
          <octave>4</octave>
        </pitch>
        <duration>4</duration>
        <voice>3</voice>
        <type>eighth</type>
        <stem default-y="-5">up</stem>
        <staff>2</staff>
        <beam number="1">continue</beam>
      </note>
      <direction placement="below">
        <direction-type>
          <words default-y="-65" font-family="Times" relative-x="8">2</words>
        </direction-type>
        <staff>2</staff>
      </direction>
      <note default-x="65">
        <pitch>
          <step>C</step>
          <octave>4</octave>
        </pitch>
        <duration>4</duration>
        <voice>3</voice>
        <type>eighth</type>
        <stem default-y="-5">up</stem>
        <staff>2</staff>
        <beam number="1">continue</beam>
      </note>
      <direction placement="below">
        <direction-type>
          <words default-y="-62" font-family="Times">1</words>
        </direction-type>
        <staff>2</staff>
      </direction>
      <note default-x="89">
        <pitch>
          <step>E</step>
          <octave>4</octave>
        </pitch>
        <duration>4</duration>
        <voice>3</voice>
        <type>eighth</type>
        <stem default-y="-5">up</stem>
        <staff>2</staff>
        <beam number="1">end</beam>
      </note>
      <note default-x="113">
        <pitch>
          <step>G</step>
          <octave>3</octave>
        </pitch>
        <duration>4</duration>
        <voice>3</voice>
        <type>eighth</type>
        <stem default-y="-10">up</stem>
        <staff>2</staff>
        <beam number="1">begin</beam>
      </note>
      <note default-x="137">
        <pitch>
          <step>D</step>
          <octave>4</octave>
        </pitch>
        <duration>4</duration>
        <voice>3</voice>
        <type>eighth</type>
        <stem default-y="-10">up</stem>
        <staff>2</staff>
        <beam number="1">continue</beam>
      </note>
      <direction placement="below">
        <direction-type>
          <words default-y="-73" font-family="Times" relative-x="5">3</words>
        </direction-type>
        <staff>2</staff>
      </direction>
      <note default-x="162">
        <pitch>
          <step>B</step>
          <octave>3</octave>
        </pitch>
        <duration>4</duration>
        <voice>3</voice>
        <type>eighth</type>
        <stem default-y="-10">up</stem>
        <staff>2</staff>
        <beam number="1">continue</beam>
      </note>
      <note default-x="186">
        <pitch>
          <step>D</step>
          <octave>4</octave>
        </pitch>
        <duration>4</duration>
        <voice>3</voice>
        <type>eighth</type>
        <stem default-y="-10">up</stem>
        <staff>2</staff>
        <beam number="1">end</beam>
      </note>
    </measure>
    <!--=======================================================-->
    <measure number="5" width="269">
      <print new-system="yes">
        <system-layout>
          <system-distance>114</system-distance>
        </system-layout>
      </print>
      <direction placement="above">
        <direction-type>
          <words default-y="3" font-family="Times" relative-x="5">1</words>
        </direction-type>
        <staff>1</staff>
      </direction>
      <note default-x="55">
        <pitch>
          <step>C</step>
          <octave>5</octave>
        </pitch>
        <duration>8</duration>
        <voice>1</voice>
        <type>quarter</type>
        <stem default-y="-50">down</stem>
        <staff>1</staff>
      </note>
      <direction placement="above">
        <direction-type>
          <words default-y="15" font-family="Times" relative-x="6">2</words>
        </direction-type>
        <staff>1</staff>
      </direction>
      <note default-x="108">
        <pitch>
          <step>E</step>
          <octave>5</octave>
        </pitch>
        <duration>8</duration>
        <voice>1</voice>
        <type>quarter</type>
        <stem default-y="-40">down</stem>
        <staff>1</staff>
      </note>
      <direction placement="above">
        <direction-type>
          <words default-y="16" font-family="Times" relative-x="8">3</words>
        </direction-type>
        <staff>1</staff>
      </direction>
      <note default-x="161">
        <pitch>
          <step>G</step>
          <octave>5</octave>
        </pitch>
        <duration>8</duration>
        <voice>1</voice>
        <type>quarter</type>
        <stem default-y="-30">down</stem>
        <staff>1</staff>
      </note>
      <direction placement="above">
        <direction-type>
          <words default-y="34" font-family="Times" relative-x="11">5</words>
        </direction-type>
        <staff>1</staff>
      </direction>
      <note default-x="215">
        <pitch>
          <step>C</step>
          <octave>6</octave>
        </pitch>
        <duration>8</duration>
        <voice>1</voice>
        <type>quarter</type>
        <stem default-y="-20">down</stem>
        <staff>1</staff>
      </note>
      <backup>
        <duration>32</duration>
      </backup>
      <direction placement="below">
        <direction-type>
          <words default-y="-64" font-family="Times">5</words>
        </direction-type>
        <staff>2</staff>
      </direction>
      <note default-x="55">
        <pitch>
          <step>C</step>
          <octave>4</octave>
        </pitch>
        <duration>4</duration>
        <voice>3</voice>
        <type>eighth</type>
        <stem default-y="5">up</stem>
        <staff>2</staff>
        <beam number="1">begin</beam>
      </note>
      <note default-x="81">
        <pitch>
          <step>G</step>
          <octave>4</octave>
        </pitch>
        <duration>4</duration>
        <voice>3</voice>
        <type>eighth</type>
        <stem default-y="5">up</stem>
        <staff>2</staff>
        <beam number="1">continue</beam>
      </note>
      <note default-x="108">
        <pitch>
          <step>E</step>
          <octave>4</octave>
        </pitch>
        <duration>4</duration>
        <voice>3</voice>
        <type>eighth</type>
        <stem default-y="5">up</stem>
        <staff>2</staff>
        <beam number="1">continue</beam>
      </note>
      <note default-x="135">
        <pitch>
          <step>G</step>
          <octave>4</octave>
        </pitch>
        <duration>4</duration>
        <voice>3</voice>
        <type>eighth</type>
        <stem default-y="5">up</stem>
        <staff>2</staff>
        <beam number="1">end</beam>
      </note>
      <note default-x="161">
        <pitch>
          <step>C</step>
          <octave>4</octave>
        </pitch>
        <duration>4</duration>
        <voice>3</voice>
        <type>eighth</type>
        <stem default-y="5">up</stem>
        <staff>2</staff>
        <beam number="1">begin</beam>
      </note>
      <note default-x="188">
        <pitch>
          <step>G</step>
          <octave>4</octave>
        </pitch>
        <duration>4</duration>
        <voice>3</voice>
        <type>eighth</type>
        <stem default-y="5">up</stem>
        <staff>2</staff>
        <beam number="1">continue</beam>
      </note>
      <note default-x="215">
        <pitch>
          <step>E</step>
          <octave>4</octave>
        </pitch>
        <duration>4</duration>
        <voice>3</voice>
        <type>eighth</type>
        <stem default-y="5">up</stem>
        <staff>2</staff>
        <beam number="1">continue</beam>
      </note>
      <note default-x="241">
        <pitch>
          <step>G</step>
          <octave>4</octave>
        </pitch>
        <duration>4</duration>
        <voice>3</voice>
        <type>eighth</type>
        <stem default-y="5">up</stem>
        <staff>2</staff>
        <beam number="1">end</beam>
      </note>
    </measure>
    <!--=======================================================-->
    <measure number="6" width="235">
      <direction placement="above">
        <direction-type>
          <words default-y="34" font-family="Times" relative-x="8">4</words>
        </direction-type>
        <staff>1</staff>
      </direction>
      <note default-x="16">
        <pitch>
          <step>B</step>
          <octave>5</octave>
        </pitch>
        <duration>4</duration>
        <voice>2</voice>
        <type>eighth</type>
        <stem default-y="-30">down</stem>
        <staff>1</staff>
        <beam number="1">begin</beam>
      </note>
      <direction placement="above">
        <direction-type>
          <words default-y="19" font-family="Times" relative-x="6">2</words>
        </direction-type>
        <staff>1</staff>
      </direction>
      <note default-x="44">
        <pitch>
          <step>G</step>
          <octave>5</octave>
        </pitch>
        <duration>4</duration>
        <voice>2</voice>
        <type>eighth</type>
        <stem default-y="-30">down</stem>
        <staff>1</staff>
        <beam number="1">continue</beam>
      </note>
      <note default-x="71">
        <pitch>
          <step>A</step>
          <octave>5</octave>
        </pitch>
        <duration>4</duration>
        <voice>2</voice>
        <type>eighth</type>
        <stem default-y="-30">down</stem>
        <staff>1</staff>
        <beam number="1">continue</beam>
      </note>
      <note default-x="98">
        <pitch>
          <step>B</step>
          <octave>5</octave>
        </pitch>
        <duration>4</duration>
        <voice>2</voice>
        <type>eighth</type>
        <stem default-y="-30">down</stem>
        <staff>1</staff>
        <beam number="1">end</beam>
      </note>
      <note default-x="126">
        <pitch>
          <step>C</step>
          <octave>6</octave>
        </pitch>
        <duration>8</duration>
        <voice>2</voice>
        <type>quarter</type>
        <stem default-y="-20">down</stem>
        <staff>1</staff>
      </note>
      <direction placement="above">
        <direction-type>
          <words default-y="18" font-family="Times" relative-x="9">2</words>
        </direction-type>
        <staff>1</staff>
      </direction>
      <note default-x="180">
        <pitch>
          <step>G</step>
          <octave>5</octave>
        </pitch>
        <duration>8</duration>
        <voice>2</voice>
        <type>quarter</type>
        <stem default-y="-30">down</stem>
        <staff>1</staff>
      </note>
      <backup>
        <duration>32</duration>
      </backup>
      <direction placement="below">
        <direction-type>
          <words default-y="-48" font-family="Times" relative-x="9">4</words>
        </direction-type>
        <staff>2</staff>
      </direction>
      <note default-x="16">
        <pitch>
          <step>D</step>
          <octave>4</octave>
        </pitch>
        <duration>4</duration>
        <voice>3</voice>
        <type>eighth</type>
        <stem default-y="5">up</stem>
        <staff>2</staff>
        <beam number="1">begin</beam>
      </note>
      <direction placement="below">
        <direction-type>
          <words default-y="-34" font-family="Times" relative-x="5">1</words>
        </direction-type>
        <staff>2</staff>
      </direction>
      <note default-x="44">
        <pitch>
          <step>G</step>
          <octave>4</octave>
        </pitch>
        <duration>4</duration>
        <voice>3</voice>
        <type>eighth</type>
        <stem default-y="5">up</stem>
        <staff>2</staff>
        <beam number="1">continue</beam>
      </note>
      <direction placement="below">
        <direction-type>
          <words default-y="-47" font-family="Times" relative-x="4">2</words>
        </direction-type>
        <staff>2</staff>
      </direction>
      <note default-x="71">
        <pitch>
          <step>F</step>
          <octave>4</octave>
        </pitch>
        <duration>4</duration>
        <voice>3</voice>
        <type>eighth</type>
        <stem default-y="5">up</stem>
        <staff>2</staff>
        <beam number="1">continue</beam>
      </note>
      <direction placement="below">
        <direction-type>
          <words default-y="-40" font-family="Times" relative-x="10">1</words>
        </direction-type>
        <staff>2</staff>
      </direction>
      <note default-x="98">
        <pitch>
          <step>G</step>
          <octave>4</octave>
        </pitch>
        <duration>4</duration>
        <voice>3</voice>
        <type>eighth</type>
        <stem default-y="5">up</stem>
        <staff>2</staff>
        <beam number="1">end</beam>
      </note>
      <note default-x="126">
        <pitch>
          <step>C</step>
          <octave>4</octave>
        </pitch>
        <duration>4</duration>
        <voice>3</voice>
        <type>eighth</type>
        <stem default-y="5">up</stem>
        <staff>2</staff>
        <beam number="1">begin</beam>
      </note>
      <note default-x="152">
        <pitch>
          <step>G</step>
          <octave>4</octave>
        </pitch>
        <duration>4</duration>
        <voice>3</voice>
        <type>eighth</type>
        <stem default-y="5">up</stem>
        <staff>2</staff>
        <beam number="1">continue</beam>
      </note>
      <note default-x="180">
        <pitch>
          <step>E</step>
          <octave>4</octave>
        </pitch>
        <duration>4</duration>
        <voice>3</voice>
        <type>eighth</type>
        <stem default-y="5">up</stem>
        <staff>2</staff>
        <beam number="1">continue</beam>
      </note>
      <note default-x="207">
        <pitch>
          <step>G</step>
          <octave>4</octave>
        </pitch>
        <duration>4</duration>
        <voice>3</voice>
        <type>eighth</type>
        <stem default-y="5">up</stem>
        <staff>2</staff>
        <beam number="1">end</beam>
      </note>
    </measure>
    <!--=======================================================-->
    <measure number="7" width="235">
      <direction placement="above">
        <direction-type>
          <words default-y="15" font-family="Times" relative-x="5">1</words>
        </direction-type>
        <staff>1</staff>
      </direction>
      <note default-x="16">
        <pitch>
          <step>E</step>
          <octave>5</octave>
        </pitch>
        <duration>4</duration>
        <voice>1</voice>
        <type>eighth</type>
        <stem default-y="-35">down</stem>
        <staff>1</staff>
        <beam number="1">begin</beam>
      </note>
      <direction placement="above">
        <direction-type>
          <words default-y="20" font-family="Times" relative-x="5">2</words>
        </direction-type>
        <staff>1</staff>
      </direction>
      <note default-x="43">
        <pitch>
          <step>G</step>
          <octave>5</octave>
        </pitch>
        <duration>4</duration>
        <voice>1</voice>
        <type>eighth</type>
        <stem default-y="-34">down</stem>
        <staff>1</staff>
        <beam number="1">continue</beam>
      </note>
      <direction placement="above">
        <direction-type>
          <words default-y="38" font-family="Times" relative-x="8">5</words>
        </direction-type>
        <staff>1</staff>
      </direction>
      <note default-x="71">
        <pitch>
          <step>C</step>
          <octave>6</octave>
        </pitch>
        <duration>4</duration>
        <voice>1</voice>
        <type>eighth</type>
        <stem default-y="-33">down</stem>
        <staff>1</staff>
        <beam number="1">continue</beam>
      </note>
      <direction placement="above">
        <direction-type>
          <words default-y="32" font-family="Times" relative-x="3">4</words>
        </direction-type>
        <staff>1</staff>
      </direction>
      <note default-x="98">
        <pitch>
          <step>B</step>
          <octave>5</octave>
        </pitch>
        <duration>4</duration>
        <voice>1</voice>
        <type>eighth</type>
        <stem default-y="-32.5">down</stem>
        <staff>1</staff>
        <beam number="1">end</beam>
      </note>
      <note default-x="126">
        <pitch>
          <step>A</step>
          <octave>5</octave>
        </pitch>
        <duration>4</duration>
        <voice>1</voice>
        <type>eighth</type>
        <stem default-y="-30">down</stem>
        <staff>1</staff>
        <beam number="1">begin</beam>
      </note>
      <note default-x="152">
        <pitch>
          <step>G</step>
          <octave>5</octave>
        </pitch>
        <duration>4</duration>
        <voice>1</voice>
        <type>eighth</type>
        <stem default-y="-30.5">down</stem>
        <staff>1</staff>
        <beam number="1">continue</beam>
      </note>
      <note default-x="180">
        <pitch>
          <step>F</step>
          <octave>5</octave>
        </pitch>
        <duration>4</duration>
        <voice>1</voice>
        <type>eighth</type>
        <stem default-y="-31.5">down</stem>
        <staff>1</staff>
        <beam number="1">continue</beam>
      </note>
      <note default-x="207">
        <pitch>
          <step>E</step>
          <octave>5</octave>
        </pitch>
        <duration>4</duration>
        <voice>1</voice>
        <type>eighth</type>
        <stem default-y="-32.5">down</stem>
        <staff>1</staff>
        <beam number="1">end</beam>
      </note>
      <backup>
        <duration>32</duration>
      </backup>
      <note default-x="16">
        <pitch>
          <step>G</step>
          <octave>3</octave>
        </pitch>
        <duration>4</duration>
        <voice>3</voice>
        <type>eighth</type>
        <stem default-y="-5">up</stem>
        <staff>2</staff>
        <beam number="1">begin</beam>
      </note>
      <note default-x="43">
        <pitch>
          <step>E</step>
          <octave>4</octave>
        </pitch>
        <duration>4</duration>
        <voice>3</voice>
        <type>eighth</type>
        <stem default-y="-5">up</stem>
        <staff>2</staff>
        <beam number="1">continue</beam>
      </note>
      <direction placement="below">
        <direction-type>
          <words default-y="-67" font-family="Times" relative-x="13">2</words>
        </direction-type>
        <staff>2</staff>
      </direction>
      <note default-x="71">
        <pitch>
          <step>C</step>
          <octave>4</octave>
        </pitch>
        <duration>4</duration>
        <voice>3</voice>
        <type>eighth</type>
        <stem default-y="-5">up</stem>
        <staff>2</staff>
        <beam number="1">continue</beam>
      </note>
      <note default-x="98">
        <pitch>
          <step>E</step>
          <octave>4</octave>
        </pitch>
        <duration>4</duration>
        <voice>3</voice>
        <type>eighth</type>
        <stem default-y="-5">up</stem>
        <staff>2</staff>
        <beam number="1">end</beam>
      </note>
      <note default-x="126">
        <pitch>
          <step>G</step>
          <octave>3</octave>
        </pitch>
        <duration>4</duration>
        <voice>3</voice>
        <type>eighth</type>
        <stem default-y="-5">up</stem>
        <staff>2</staff>
        <beam number="1">begin</beam>
      </note>
      <note default-x="152">
        <pitch>
          <step>E</step>
          <octave>4</octave>
        </pitch>
        <duration>4</duration>
        <voice>3</voice>
        <type>eighth</type>
        <stem default-y="-5">up</stem>
        <staff>2</staff>
        <beam number="1">continue</beam>
      </note>
      <note default-x="180">
        <pitch>
          <step>C</step>
          <octave>4</octave>
        </pitch>
        <duration>4</duration>
        <voice>3</voice>
        <type>eighth</type>
        <stem default-y="-5">up</stem>
        <staff>2</staff>
        <beam number="1">continue</beam>
      </note>
      <note default-x="207">
        <pitch>
          <step>E</step>
          <octave>4</octave>
        </pitch>
        <duration>4</duration>
        <voice>3</voice>
        <type>eighth</type>
        <stem default-y="-5">up</stem>
        <staff>2</staff>
        <beam number="1">end</beam>
      </note>
    </measure>
    <!--=======================================================-->
    <measure number="8" width="245">
      <direction placement="above">
        <direction-type>
          <words default-y="10" font-family="Times" relative-x="5">3</words>
        </direction-type>
        <staff>1</staff>
      </direction>
      <note default-x="16">
        <pitch>
          <step>E</step>
          <octave>5</octave>
        </pitch>
        <duration>8</duration>
        <voice>2</voice>
        <type>quarter</type>
        <stem default-y="-40">down</stem>
        <staff>1</staff>
      </note>
      <note default-x="69">
        <pitch>
          <step>D</step>
          <octave>5</octave>
        </pitch>
        <duration>8</duration>
        <voice>2</voice>
        <type>quarter</type>
        <stem default-y="-45">down</stem>
        <staff>1</staff>
      </note>
      <note default-x="121">
        <pitch>
          <step>C</step>
          <octave>5</octave>
        </pitch>
        <duration>16</duration>
        <voice>2</voice>
        <type>half</type>
        <stem default-y="-50">down</stem>
        <staff>1</staff>
      </note>
      <backup>
        <duration>32</duration>
      </backup>
      <note default-x="16">
        <pitch>
          <step>G</step>
          <octave>3</octave>
        </pitch>
        <duration>4</duration>
        <voice>3</voice>
        <type>eighth</type>
        <stem default-y="0">up</stem>
        <staff>2</staff>
        <beam number="1">begin</beam>
      </note>
      <note default-x="42">
        <pitch>
          <step>F</step>
          <octave>4</octave>
        </pitch>
        <duration>4</duration>
        <voice>3</voice>
        <type>eighth</type>
        <stem default-y="0">up</stem>
        <staff>2</staff>
        <beam number="1">continue</beam>
      </note>
      <note default-x="69">
        <pitch>
          <step>B</step>
          <octave>3</octave>
        </pitch>
        <duration>4</duration>
        <voice>3</voice>
        <type>eighth</type>
        <stem default-y="0">up</stem>
        <staff>2</staff>
        <beam number="1">continue</beam>
      </note>
      <note default-x="95">
        <pitch>
          <step>F</step>
          <octave>4</octave>
        </pitch>
        <duration>4</duration>
        <voice>3</voice>
        <type>eighth</type>
        <stem default-y="0">up</stem>
        <staff>2</staff>
        <beam number="1">end</beam>
      </note>
      <note default-x="121">
        <pitch>
          <step>C</step>
          <octave>4</octave>
        </pitch>
        <duration>4</duration>
        <voice>3</voice>
        <type>eighth</type>
        <stem default-y="5">up</stem>
        <staff>2</staff>
        <beam number="1">begin</beam>
      </note>
      <note default-x="147">
        <pitch>
          <step>G</step>
          <octave>4</octave>
        </pitch>
        <duration>4</duration>
        <voice>3</voice>
        <type>eighth</type>
        <stem default-y="5">up</stem>
        <staff>2</staff>
        <beam number="1">continue</beam>
      </note>
      <note default-x="174">
        <pitch>
          <step>E</step>
          <octave>4</octave>
        </pitch>
        <duration>4</duration>
        <voice>3</voice>
        <type>eighth</type>
        <stem default-y="5">up</stem>
        <staff>2</staff>
        <beam number="1">continue</beam>
      </note>
      <note default-x="199">
        <pitch>
          <step>G</step>
          <octave>4</octave>
        </pitch>
        <duration>4</duration>
        <voice>3</voice>
        <type>eighth</type>
        <stem default-y="5">up</stem>
        <staff>2</staff>
        <beam number="1">end</beam>
      </note>
      <barline location="right">
        <bar-style>light-heavy</bar-style>
        <repeat direction="backward" winged="none"/>
      </barline>
    </measure>
    <!--=======================================================-->
    <measure number="9" width="293">
      <print new-system="yes">
        <system-layout>
          <system-distance>114</system-distance>
        </system-layout>
      </print>
      <barline location="left">
        <bar-style>heavy-light</bar-style>
        <repeat direction="forward" winged="none"/>
      </barline>
      <direction placement="above">
        <direction-type>
          <words default-y="9" font-family="Times" relative-x="5">1</words>
        </direction-type>
        <staff>1</staff>
      </direction>
      <note default-x="80">
        <pitch>
          <step>D</step>
          <octave>5</octave>
        </pitch>
        <duration>8</duration>
        <voice>1</voice>
        <type>quarter</type>
        <stem default-y="-45">down</stem>
        <staff>1</staff>
      </note>
      <note default-x="133">
        <pitch>
          <step>D</step>
          <octave>5</octave>
        </pitch>
        <duration>8</duration>
        <voice>1</voice>
        <type>quarter</type>
        <stem default-y="-45">down</stem>
        <staff>1</staff>
      </note>
      <note default-x="186">
        <pitch>
          <step>D</step>
          <octave>5</octave>
        </pitch>
        <duration>8</duration>
        <voice>1</voice>
        <type>quarter</type>
        <stem default-y="-45">down</stem>
        <staff>1</staff>
      </note>
      <direction placement="above">
        <direction-type>
          <words default-y="22" font-family="Times" relative-x="5">3</words>
        </direction-type>
        <staff>1</staff>
      </direction>
      <note default-x="239">
        <pitch>
          <step>F</step>
          <octave>5</octave>
        </pitch>
        <duration>8</duration>
        <voice>1</voice>
        <type>quarter</type>
        <stem default-y="-35.5">down</stem>
        <staff>1</staff>
      </note>
      <backup>
        <duration>32</duration>
      </backup>
      <direction placement="below">
        <direction-type>
          <words default-y="-72" font-family="Times" relative-x="6">5</words>
        </direction-type>
        <staff>2</staff>
      </direction>
      <note default-x="80">
        <pitch>
          <step>B</step>
          <octave>3</octave>
        </pitch>
        <duration>4</duration>
        <voice>3</voice>
        <type>eighth</type>
        <stem default-y="5">up</stem>
        <staff>2</staff>
        <beam number="1">begin</beam>
      </note>
      <note default-x="107">
        <pitch>
          <step>G</step>
          <octave>4</octave>
        </pitch>
        <duration>4</duration>
        <voice>3</voice>
        <type>eighth</type>
        <stem default-y="5">up</stem>
        <staff>2</staff>
        <beam number="1">continue</beam>
      </note>
      <note default-x="133">
        <pitch>
          <step>D</step>
          <octave>4</octave>
        </pitch>
        <duration>4</duration>
        <voice>3</voice>
        <type>eighth</type>
        <stem default-y="5">up</stem>
        <staff>2</staff>
        <beam number="1">continue</beam>
      </note>
      <note default-x="160">
        <pitch>
          <step>G</step>
          <octave>4</octave>
        </pitch>
        <duration>4</duration>
        <voice>3</voice>
        <type>eighth</type>
        <stem default-y="5">up</stem>
        <staff>2</staff>
        <beam number="1">end</beam>
      </note>
      <note default-x="186">
        <pitch>
          <step>B</step>
          <octave>3</octave>
        </pitch>
        <duration>4</duration>
        <voice>3</voice>
        <type>eighth</type>
        <stem default-y="5">up</stem>
        <staff>2</staff>
        <beam number="1">begin</beam>
      </note>
      <note default-x="213">
        <pitch>
          <step>G</step>
          <octave>4</octave>
        </pitch>
        <duration>4</duration>
        <voice>3</voice>
        <type>eighth</type>
        <stem default-y="5">up</stem>
        <staff>2</staff>
        <beam number="1">continue</beam>
      </note>
      <note default-x="239">
        <pitch>
          <step>D</step>
          <octave>4</octave>
        </pitch>
        <duration>4</duration>
        <voice>3</voice>
        <type>eighth</type>
        <stem default-y="5">up</stem>
        <staff>2</staff>
        <beam number="1">continue</beam>
      </note>
      <note default-x="266">
        <pitch>
          <step>G</step>
          <octave>4</octave>
        </pitch>
        <duration>4</duration>
        <voice>3</voice>
        <type>eighth</type>
        <stem default-y="5">up</stem>
        <staff>2</staff>
        <beam number="1">end</beam>
      </note>
    </measure>
    <!--=======================================================-->
    <measure number="10" width="234">
      <direction placement="above">
        <direction-type>
          <words default-y="8" font-family="Times" relative-x="4">1</words>
        </direction-type>
        <staff>1</staff>
      </direction>
      <note default-x="16">
        <pitch>
          <step>E</step>
          <octave>5</octave>
        </pitch>
        <duration>4</duration>
        <voice>1</voice>
        <type>eighth</type>
        <stem default-y="-35">down</stem>
        <staff>1</staff>
        <beam number="1">begin</beam>
      </note>
      <direction placement="above">
        <direction-type>
          <words default-y="16" font-family="Times" relative-x="5">2</words>
        </direction-type>
        <staff>1</staff>
      </direction>
      <note default-x="43">
        <pitch>
          <step>G</step>
          <octave>5</octave>
        </pitch>
        <duration>4</duration>
        <voice>1</voice>
        <type>eighth</type>
        <stem default-y="-34">down</stem>
        <staff>1</staff>
        <beam number="1">continue</beam>
      </note>
      <direction placement="above">
        <direction-type>
          <words default-y="40" font-family="Times" relative-x="5">5</words>
        </direction-type>
        <staff>1</staff>
      </direction>
      <note default-x="71">
        <pitch>
          <step>C</step>
          <octave>6</octave>
        </pitch>
        <duration>4</duration>
        <voice>1</voice>
        <type>eighth</type>
        <stem default-y="-33.5">down</stem>
        <staff>1</staff>
        <beam number="1">continue</beam>
      </note>
      <direction placement="above">
        <direction-type>
          <words default-y="28" font-family="Times" relative-x="9">4</words>
        </direction-type>
        <staff>1</staff>
      </direction>
      <note default-x="97">
        <pitch>
          <step>B</step>
          <octave>5</octave>
        </pitch>
        <duration>4</duration>
        <voice>1</voice>
        <type>eighth</type>
        <stem default-y="-32.5">down</stem>
        <staff>1</staff>
        <beam number="1">end</beam>
      </note>
      <note default-x="125">
        <pitch>
          <step>A</step>
          <octave>5</octave>
        </pitch>
        <duration>4</duration>
        <voice>1</voice>
        <type>eighth</type>
        <stem default-y="-30">down</stem>
        <staff>1</staff>
        <beam number="1">begin</beam>
      </note>
      <note default-x="152">
        <pitch>
          <step>G</step>
          <octave>5</octave>
        </pitch>
        <duration>4</duration>
        <voice>1</voice>
        <type>eighth</type>
        <stem default-y="-30.5">down</stem>
        <staff>1</staff>
        <beam number="1">continue</beam>
      </note>
      <direction placement="above">
        <direction-type>
          <words default-y="16" font-family="Times" relative-x="8">1</words>
        </direction-type>
        <staff>1</staff>
      </direction>
      <note default-x="179">
        <pitch>
          <step>F</step>
          <octave>5</octave>
        </pitch>
        <duration>4</duration>
        <voice>1</voice>
        <type>eighth</type>
        <stem default-y="-31.5">down</stem>
        <staff>1</staff>
        <beam number="1">continue</beam>
      </note>
      <direction placement="above">
        <direction-type>
          <words default-y="8" font-family="Times" relative-x="8">2</words>
        </direction-type>
        <staff>1</staff>
      </direction>
      <note default-x="206">
        <pitch>
          <step>E</step>
          <octave>5</octave>
        </pitch>
        <duration>4</duration>
        <voice>1</voice>
        <type>eighth</type>
        <stem default-y="-32.5">down</stem>
        <staff>1</staff>
        <beam number="1">end</beam>
      </note>
      <backup>
        <duration>32</duration>
      </backup>
      <direction placement="below">
        <direction-type>
          <words default-y="-57" font-family="Times" relative-x="3">4</words>
        </direction-type>
        <staff>2</staff>
      </direction>
      <note default-x="16">
        <pitch>
          <step>C</step>
          <octave>4</octave>
        </pitch>
        <duration>4</duration>
        <voice>3</voice>
        <type>eighth</type>
        <stem default-y="5">up</stem>
        <staff>2</staff>
        <beam number="1">begin</beam>
      </note>
      <note default-x="43">
        <pitch>
          <step>G</step>
          <octave>4</octave>
        </pitch>
        <duration>4</duration>
        <voice>3</voice>
        <type>eighth</type>
        <stem default-y="5">up</stem>
        <staff>2</staff>
        <beam number="1">continue</beam>
      </note>
      <note default-x="71">
        <pitch>
          <step>E</step>
          <octave>4</octave>
        </pitch>
        <duration>4</duration>
        <voice>3</voice>
        <type>eighth</type>
        <stem default-y="5">up</stem>
        <staff>2</staff>
        <beam number="1">continue</beam>
      </note>
      <note default-x="97">
        <pitch>
          <step>G</step>
          <octave>4</octave>
        </pitch>
        <duration>4</duration>
        <voice>3</voice>
        <type>eighth</type>
        <stem default-y="5">up</stem>
        <staff>2</staff>
        <beam number="1">end</beam>
      </note>
      <note default-x="125">
        <pitch>
          <step>C</step>
          <octave>4</octave>
        </pitch>
        <duration>4</duration>
        <voice>3</voice>
        <type>eighth</type>
        <stem default-y="5">up</stem>
        <staff>2</staff>
        <beam number="1">begin</beam>
      </note>
      <note default-x="152">
        <pitch>
          <step>G</step>
          <octave>4</octave>
        </pitch>
        <duration>4</duration>
        <voice>3</voice>
        <type>eighth</type>
        <stem default-y="5">up</stem>
        <staff>2</staff>
        <beam number="1">continue</beam>
      </note>
      <note default-x="179">
        <pitch>
          <step>E</step>
          <octave>4</octave>
        </pitch>
        <duration>4</duration>
        <voice>3</voice>
        <type>eighth</type>
        <stem default-y="5">up</stem>
        <staff>2</staff>
        <beam number="1">continue</beam>
      </note>
      <note default-x="206">
        <pitch>
          <step>G</step>
          <octave>4</octave>
        </pitch>
        <duration>4</duration>
        <voice>3</voice>
        <type>eighth</type>
        <stem default-y="5">up</stem>
        <staff>2</staff>
        <beam number="1">end</beam>
      </note>
    </measure>
    <!--=======================================================-->
    <measure number="11" width="229">
      <direction placement="above">
        <direction-type>
          <words default-y="9" font-family="Times" relative-x="5">1</words>
        </direction-type>
        <staff>1</staff>
      </direction>
      <note default-x="16">
        <pitch>
          <step>D</step>
          <octave>5</octave>
        </pitch>
        <duration>8</duration>
        <voice>1</voice>
        <type>quarter</type>
        <stem default-y="-45">down</stem>
        <staff>1</staff>
      </note>
      <note default-x="69">
        <pitch>
          <step>D</step>
          <octave>5</octave>
        </pitch>
        <duration>8</duration>
        <voice>1</voice>
        <type>quarter</type>
        <stem default-y="-45">down</stem>
        <staff>1</staff>
      </note>
      <note default-x="122">
        <pitch>
          <step>D</step>
          <octave>5</octave>
        </pitch>
        <duration>8</duration>
        <voice>1</voice>
        <type>quarter</type>
        <stem default-y="-45">down</stem>
        <staff>1</staff>
      </note>
      <direction placement="above">
        <direction-type>
          <words default-y="22" font-family="Times" relative-x="5">3</words>
        </direction-type>
        <staff>1</staff>
      </direction>
      <note default-x="175">
        <pitch>
          <step>F</step>
          <octave>5</octave>
        </pitch>
        <duration>8</duration>
        <voice>1</voice>
        <type>quarter</type>
        <stem default-y="-35.5">down</stem>
        <staff>1</staff>
      </note>
      <backup>
        <duration>32</duration>
      </backup>
      <direction placement="below">
        <direction-type>
          <words default-y="-72" font-family="Times" relative-x="6">5</words>
        </direction-type>
        <staff>2</staff>
      </direction>
      <note default-x="16">
        <pitch>
          <step>B</step>
          <octave>3</octave>
        </pitch>
        <duration>4</duration>
        <voice>3</voice>
        <type>eighth</type>
        <stem default-y="5">up</stem>
        <staff>2</staff>
        <beam number="1">begin</beam>
      </note>
      <note default-x="43">
        <pitch>
          <step>G</step>
          <octave>4</octave>
        </pitch>
        <duration>4</duration>
        <voice>3</voice>
        <type>eighth</type>
        <stem default-y="5">up</stem>
        <staff>2</staff>
        <beam number="1">continue</beam>
      </note>
      <note default-x="69">
        <pitch>
          <step>D</step>
          <octave>4</octave>
        </pitch>
        <duration>4</duration>
        <voice>3</voice>
        <type>eighth</type>
        <stem default-y="5">up</stem>
        <staff>2</staff>
        <beam number="1">continue</beam>
      </note>
      <note default-x="96">
        <pitch>
          <step>G</step>
          <octave>4</octave>
        </pitch>
        <duration>4</duration>
        <voice>3</voice>
        <type>eighth</type>
        <stem default-y="5">up</stem>
        <staff>2</staff>
        <beam number="1">end</beam>
      </note>
      <note default-x="122">
        <pitch>
          <step>B</step>
          <octave>3</octave>
        </pitch>
        <duration>4</duration>
        <voice>3</voice>
        <type>eighth</type>
        <stem default-y="5">up</stem>
        <staff>2</staff>
        <beam number="1">begin</beam>
      </note>
      <note default-x="149">
        <pitch>
          <step>G</step>
          <octave>4</octave>
        </pitch>
        <duration>4</duration>
        <voice>3</voice>
        <type>eighth</type>
        <stem default-y="5">up</stem>
        <staff>2</staff>
        <beam number="1">continue</beam>
      </note>
      <note default-x="175">
        <pitch>
          <step>D</step>
          <octave>4</octave>
        </pitch>
        <duration>4</duration>
        <voice>3</voice>
        <type>eighth</type>
        <stem default-y="5">up</stem>
        <staff>2</staff>
        <beam number="1">continue</beam>
      </note>
      <note default-x="202">
        <pitch>
          <step>G</step>
          <octave>4</octave>
        </pitch>
        <duration>4</duration>
        <voice>3</voice>
        <type>eighth</type>
        <stem default-y="5">up</stem>
        <staff>2</staff>
        <beam number="1">end</beam>
      </note>
    </measure>
    <!--=======================================================-->
    <measure number="12" width="228">
      <direction placement="above">
        <direction-type>
          <words default-y="8" font-family="Times" relative-x="4">1</words>
        </direction-type>
        <staff>1</staff>
      </direction>
      <note default-x="16">
        <pitch>
          <step>E</step>
          <octave>5</octave>
        </pitch>
        <duration>4</duration>
        <voice>1</voice>
        <type>eighth</type>
        <stem default-y="-35">down</stem>
        <staff>1</staff>
        <beam number="1">begin</beam>
      </note>
      <direction placement="above">
        <direction-type>
          <words default-y="16" font-family="Times" relative-x="5">2</words>
        </direction-type>
        <staff>1</staff>
      </direction>
      <note default-x="43">
        <pitch>
          <step>G</step>
          <octave>5</octave>
        </pitch>
        <duration>4</duration>
        <voice>1</voice>
        <type>eighth</type>
        <stem default-y="-34">down</stem>
        <staff>1</staff>
        <beam number="1">continue</beam>
      </note>
      <direction placement="above">
        <direction-type>
          <words default-y="40" font-family="Times" relative-x="5">5</words>
        </direction-type>
        <staff>1</staff>
      </direction>
      <note default-x="69">
        <pitch>
          <step>C</step>
          <octave>6</octave>
        </pitch>
        <duration>4</duration>
        <voice>1</voice>
        <type>eighth</type>
        <stem default-y="-33.5">down</stem>
        <staff>1</staff>
        <beam number="1">continue</beam>
      </note>
      <direction placement="above">
        <direction-type>
          <words default-y="28" font-family="Times" relative-x="9">4</words>
        </direction-type>
        <staff>1</staff>
      </direction>
      <note default-x="95">
        <pitch>
          <step>B</step>
          <octave>5</octave>
        </pitch>
        <duration>4</duration>
        <voice>1</voice>
        <type>eighth</type>
        <stem default-y="-32.5">down</stem>
        <staff>1</staff>
        <beam number="1">end</beam>
      </note>
      <note default-x="122">
        <pitch>
          <step>A</step>
          <octave>5</octave>
        </pitch>
        <duration>4</duration>
        <voice>1</voice>
        <type>eighth</type>
        <stem default-y="-30">down</stem>
        <staff>1</staff>
        <beam number="1">begin</beam>
      </note>
      <note default-x="148">
        <pitch>
          <step>G</step>
          <octave>5</octave>
        </pitch>
        <duration>4</duration>
        <voice>1</voice>
        <type>eighth</type>
        <stem default-y="-30.5">down</stem>
        <staff>1</staff>
        <beam number="1">continue</beam>
      </note>
      <direction placement="above">
        <direction-type>
          <words default-y="16" font-family="Times" relative-x="8">1</words>
        </direction-type>
        <staff>1</staff>
      </direction>
      <note default-x="174">
        <pitch>
          <step>F</step>
          <octave>5</octave>
        </pitch>
        <duration>4</duration>
        <voice>1</voice>
        <type>eighth</type>
        <stem default-y="-31.5">down</stem>
        <staff>1</staff>
        <beam number="1">continue</beam>
      </note>
      <direction placement="above">
        <direction-type>
          <words default-y="8" font-family="Times" relative-x="8">2</words>
        </direction-type>
        <staff>1</staff>
      </direction>
      <note default-x="201">
        <pitch>
          <step>E</step>
          <octave>5</octave>
        </pitch>
        <duration>4</duration>
        <voice>1</voice>
        <type>eighth</type>
        <stem default-y="-32.5">down</stem>
        <staff>1</staff>
        <beam number="1">end</beam>
      </note>
      <backup>
        <duration>32</duration>
      </backup>
      <direction placement="below">
        <direction-type>
          <words default-y="-57" font-family="Times" relative-x="3">4</words>
        </direction-type>
        <staff>2</staff>
      </direction>
      <note default-x="16">
        <pitch>
          <step>C</step>
          <octave>4</octave>
        </pitch>
        <duration>4</duration>
        <voice>3</voice>
        <type>eighth</type>
        <stem default-y="5">up</stem>
        <staff>2</staff>
        <beam number="1">begin</beam>
      </note>
      <note default-x="43">
        <pitch>
          <step>G</step>
          <octave>4</octave>
        </pitch>
        <duration>4</duration>
        <voice>3</voice>
        <type>eighth</type>
        <stem default-y="5">up</stem>
        <staff>2</staff>
        <beam number="1">continue</beam>
      </note>
      <note default-x="69">
        <pitch>
          <step>E</step>
          <octave>4</octave>
        </pitch>
        <duration>4</duration>
        <voice>3</voice>
        <type>eighth</type>
        <stem default-y="5">up</stem>
        <staff>2</staff>
        <beam number="1">continue</beam>
      </note>
      <note default-x="95">
        <pitch>
          <step>G</step>
          <octave>4</octave>
        </pitch>
        <duration>4</duration>
        <voice>3</voice>
        <type>eighth</type>
        <stem default-y="5">up</stem>
        <staff>2</staff>
        <beam number="1">end</beam>
      </note>
      <note default-x="122">
        <pitch>
          <step>C</step>
          <octave>4</octave>
        </pitch>
        <duration>4</duration>
        <voice>3</voice>
        <type>eighth</type>
        <stem default-y="5">up</stem>
        <staff>2</staff>
        <beam number="1">begin</beam>
      </note>
      <note default-x="148">
        <pitch>
          <step>G</step>
          <octave>4</octave>
        </pitch>
        <duration>4</duration>
        <voice>3</voice>
        <type>eighth</type>
        <stem default-y="5">up</stem>
        <staff>2</staff>
        <beam number="1">continue</beam>
      </note>
      <note default-x="174">
        <pitch>
          <step>E</step>
          <octave>4</octave>
        </pitch>
        <duration>4</duration>
        <voice>3</voice>
        <type>eighth</type>
        <stem default-y="5">up</stem>
        <staff>2</staff>
        <beam number="1">continue</beam>
      </note>
      <note default-x="201">
        <pitch>
          <step>G</step>
          <octave>4</octave>
        </pitch>
        <duration>4</duration>
        <voice>3</voice>
        <type>eighth</type>
        <stem default-y="5">up</stem>
        <staff>2</staff>
        <beam number="1">end</beam>
      </note>
    </measure>
    <!--=======================================================-->
    <measure number="13" width="280">
      <print new-system="yes">
        <system-layout>
          <system-distance>114</system-distance>
        </system-layout>
      </print>
      <direction placement="above">
        <direction-type>
          <words default-y="15" font-family="Times" relative-x="10">3</words>
        </direction-type>
        <staff>1</staff>
      </direction>
      <note default-x="55">
        <pitch>
          <step>F</step>
          <octave>5</octave>
        </pitch>
        <duration>4</duration>
        <voice>1</voice>
        <type>eighth</type>
        <stem default-y="-50">down</stem>
        <staff>1</staff>
        <beam number="1">begin</beam>
      </note>
      <direction placement="above">
        <direction-type>
          <words default-y="4" font-family="Times" relative-x="9">1</words>
        </direction-type>
        <staff>1</staff>
      </direction>
      <note default-x="83">
        <pitch>
          <step>C</step>
          <octave>5</octave>
        </pitch>
        <duration>4</duration>
        <voice>1</voice>
        <type>eighth</type>
        <stem default-y="-50">down</stem>
        <staff>1</staff>
        <beam number="1">continue</beam>
      </note>
      <direction placement="above">
        <direction-type>
          <words default-y="19" font-family="Times" relative-x="5">2</words>
        </direction-type>
        <staff>1</staff>
      </direction>
      <note default-x="111">
        <pitch>
          <step>F</step>
          <octave>5</octave>
        </pitch>
        <duration>4</duration>
        <voice>1</voice>
        <type>eighth</type>
        <stem default-y="-50">down</stem>
        <staff>1</staff>
        <beam number="1">continue</beam>
      </note>
      <direction placement="above">
        <direction-type>
          <words default-y="29" font-family="Times" relative-x="4">4</words>
        </direction-type>
        <staff>1</staff>
      </direction>
      <note default-x="139">
        <pitch>
          <step>A</step>
          <octave>5</octave>
        </pitch>
        <duration>4</duration>
        <voice>1</voice>
        <type>eighth</type>
        <stem default-y="-50">down</stem>
        <staff>1</staff>
        <beam number="1">end</beam>
      </note>
      <direction placement="above">
        <direction-type>
          <words default-y="38" font-family="Times" relative-x="3">5</words>
        </direction-type>
        <staff>1</staff>
      </direction>
      <note default-x="167">
        <pitch>
          <step>C</step>
          <octave>6</octave>
        </pitch>
        <duration>4</duration>
        <voice>1</voice>
        <type>eighth</type>
        <stem default-y="-25">down</stem>
        <staff>1</staff>
        <beam number="1">begin</beam>
      </note>
      <direction placement="above">
        <direction-type>
          <words default-y="33" font-family="Times" relative-x="4">4</words>
        </direction-type>
        <staff>1</staff>
      </direction>
      <note default-x="195">
        <pitch>
          <step>A</step>
          <octave>5</octave>
        </pitch>
        <duration>4</duration>
        <voice>1</voice>
        <type>eighth</type>
        <stem default-y="-25">down</stem>
        <staff>1</staff>
        <beam number="1">continue</beam>
      </note>
      <direction placement="above">
        <direction-type>
          <words default-y="39" font-family="Times" relative-x="11">5</words>
        </direction-type>
        <staff>1</staff>
      </direction>
      <note default-x="223">
        <pitch>
          <step>C</step>
          <octave>6</octave>
        </pitch>
        <duration>4</duration>
        <voice>1</voice>
        <type>eighth</type>
        <stem default-y="-25">down</stem>
        <staff>1</staff>
        <beam number="1">continue</beam>
      </note>
      <direction placement="above">
        <direction-type>
          <words default-y="30" font-family="Times" relative-x="12">4</words>
        </direction-type>
        <staff>1</staff>
      </direction>
      <note default-x="252">
        <pitch>
          <step>A</step>
          <octave>5</octave>
        </pitch>
        <duration>4</duration>
        <voice>1</voice>
        <type>eighth</type>
        <stem default-y="-25">down</stem>
        <staff>1</staff>
        <beam number="1">end</beam>
      </note>
      <backup>
        <duration>32</duration>
      </backup>
      <direction placement="below">
        <direction-type>
          <words default-y="-62" font-family="Times" relative-x="10">5</words>
        </direction-type>
        <staff>2</staff>
      </direction>
      <note default-x="55">
        <pitch>
          <step>C</step>
          <octave>4</octave>
        </pitch>
        <duration>4</duration>
        <voice>3</voice>
        <type>eighth</type>
        <stem default-y="10">up</stem>
        <staff>2</staff>
        <beam number="1">begin</beam>
      </note>
      <note default-x="83">
        <pitch>
          <step>A</step>
          <octave>4</octave>
        </pitch>
        <duration>4</duration>
        <voice>3</voice>
        <type>eighth</type>
        <stem default-y="10">up</stem>
        <staff>2</staff>
        <beam number="1">continue</beam>
      </note>
      <note default-x="111">
        <pitch>
          <step>F</step>
          <octave>4</octave>
        </pitch>
        <duration>4</duration>
        <voice>3</voice>
        <type>eighth</type>
        <stem default-y="10">up</stem>
        <staff>2</staff>
        <beam number="1">continue</beam>
      </note>
      <note default-x="139">
        <pitch>
          <step>A</step>
          <octave>4</octave>
        </pitch>
        <duration>4</duration>
        <voice>3</voice>
        <type>eighth</type>
        <stem default-y="10">up</stem>
        <staff>2</staff>
        <beam number="1">end</beam>
      </note>
      <note default-x="167">
        <pitch>
          <step>C</step>
          <octave>4</octave>
        </pitch>
        <duration>4</duration>
        <voice>3</voice>
        <type>eighth</type>
        <stem default-y="10">up</stem>
        <staff>2</staff>
        <beam number="1">begin</beam>
      </note>
      <note default-x="195">
        <pitch>
          <step>A</step>
          <octave>4</octave>
        </pitch>
        <duration>4</duration>
        <voice>3</voice>
        <type>eighth</type>
        <stem default-y="10">up</stem>
        <staff>2</staff>
        <beam number="1">continue</beam>
      </note>
      <note default-x="223">
        <pitch>
          <step>F</step>
          <octave>4</octave>
        </pitch>
        <duration>4</duration>
        <voice>3</voice>
        <type>eighth</type>
        <stem default-y="10">up</stem>
        <staff>2</staff>
        <beam number="1">continue</beam>
      </note>
      <note default-x="252">
        <pitch>
          <step>A</step>
          <octave>4</octave>
        </pitch>
        <duration>4</duration>
        <voice>3</voice>
        <type>eighth</type>
        <stem default-y="10">up</stem>
        <staff>2</staff>
        <beam number="1">end</beam>
      </note>
    </measure>
    <!--=======================================================-->
    <measure number="14" width="258">
      <direction placement="above">
        <direction-type>
          <words default-y="19" font-family="Times" relative-x="6">3</words>
        </direction-type>
        <staff>1</staff>
      </direction>
      <note default-x="16">
        <pitch>
          <step>G</step>
          <octave>5</octave>
        </pitch>
        <duration>8</duration>
        <voice>2</voice>
        <type>quarter</type>
        <stem default-y="-30">down</stem>
        <staff>1</staff>
      </note>
      <note default-x="82">
        <pitch>
          <step>E</step>
          <octave>5</octave>
        </pitch>
        <duration>8</duration>
        <voice>2</voice>
        <type>quarter</type>
        <stem default-y="-40">down</stem>
        <staff>1</staff>
      </note>
      <direction placement="above">
        <direction-type>
          <words default-y="13" font-family="Times" relative-x="-6">1</words>
        </direction-type>
        <offset>-4</offset>
        <staff>1</staff>
      </direction>
      <direction placement="above">
        <direction-type>
          <words default-y="18" font-family="Times" relative-x="5">4</words>
        </direction-type>
        <staff>1</staff>
      </direction>
      <note default-x="123">
        <pitch>
          <step>G</step>
          <octave>5</octave>
        </pitch>
        <duration>4</duration>
        <voice>2</voice>
        <type>eighth</type>
        <stem default-y="-40">down</stem>
        <staff>1</staff>
        <beam number="1">begin</beam>
      </note>
      <note default-x="150">
        <pitch>
          <step>F</step>
          <octave>5</octave>
        </pitch>
        <duration>4</duration>
        <voice>2</voice>
        <type>eighth</type>
        <stem default-y="-40.5">down</stem>
        <staff>1</staff>
        <beam number="1">continue</beam>
      </note>
      <note default-x="177">
        <pitch>
          <step>E</step>
          <octave>5</octave>
        </pitch>
        <duration>4</duration>
        <voice>2</voice>
        <type>eighth</type>
        <stem default-y="-41.5">down</stem>
        <staff>1</staff>
        <beam number="1">continue</beam>
      </note>
      <direction placement="above">
        <direction-type>
          <words default-y="10" font-family="Times" relative-x="7">1</words>
        </direction-type>
        <staff>1</staff>
      </direction>
      <note default-x="204">
        <pitch>
          <step>D</step>
          <octave>5</octave>
        </pitch>
        <duration>4</duration>
        <voice>2</voice>
        <type>eighth</type>
        <stem default-y="-42.5">down</stem>
        <staff>1</staff>
        <beam number="1">end</beam>
      </note>
      <backup>
        <duration>32</duration>
      </backup>
      <direction placement="below">
        <direction-type>
          <words default-y="-65" font-family="Times" relative-x="11">5</words>
        </direction-type>
        <staff>2</staff>
      </direction>
      <note default-x="16">
        <pitch>
          <step>C</step>
          <octave>4</octave>
        </pitch>
        <duration>4</duration>
        <voice>3</voice>
        <type>eighth</type>
        <stem default-y="5">up</stem>
        <staff>2</staff>
        <beam number="1">begin</beam>
      </note>
      <direction placement="below">
        <direction-type>
          <words default-y="-41" font-family="Times" relative-x="3">1</words>
        </direction-type>
        <staff>2</staff>
      </direction>
      <note default-x="43">
        <pitch>
          <step>G</step>
          <octave>4</octave>
        </pitch>
        <duration>4</duration>
        <voice>3</voice>
        <type>eighth</type>
        <stem default-y="5">up</stem>
        <staff>2</staff>
        <beam number="1">continue</beam>
      </note>
      <direction placement="below">
        <direction-type>
          <words default-y="-62" font-family="Times" relative-x="9">2</words>
        </direction-type>
        <staff>2</staff>
      </direction>
      <note default-x="69">
        <pitch>
          <step>E</step>
          <octave>4</octave>
        </pitch>
        <duration>4</duration>
        <voice>3</voice>
        <type>eighth</type>
        <stem default-y="5">up</stem>
        <staff>2</staff>
        <beam number="1">continue</beam>
      </note>
      <direction placement="below">
        <direction-type>
          <words default-y="-47" font-family="Times" relative-x="5">1</words>
        </direction-type>
        <staff>2</staff>
      </direction>
      <note default-x="96">
        <pitch>
          <step>G</step>
          <octave>4</octave>
        </pitch>
        <duration>4</duration>
        <voice>3</voice>
        <type>eighth</type>
        <stem default-y="5">up</stem>
        <staff>2</staff>
        <beam number="1">end</beam>
      </note>
      <direction placement="below">
        <direction-type>
          <words default-y="-87" font-family="Times" relative-x="13">5</words>
        </direction-type>
        <staff>2</staff>
      </direction>
      <note default-x="123">
        <pitch>
          <step>F</step>
          <octave>3</octave>
        </pitch>
        <duration>4</duration>
        <voice>3</voice>
        <type>eighth</type>
        <stem default-y="-10">up</stem>
        <staff>2</staff>
        <beam number="1">begin</beam>
      </note>
      <note default-x="150">
        <pitch>
          <step>D</step>
          <octave>4</octave>
        </pitch>
        <duration>4</duration>
        <voice>3</voice>
        <type>eighth</type>
        <stem default-y="-10">up</stem>
        <staff>2</staff>
        <beam number="1">continue</beam>
      </note>
      <direction placement="below">
        <direction-type>
          <words default-y="-81" font-family="Times" relative-x="8">3</words>
        </direction-type>
        <staff>2</staff>
      </direction>
      <note default-x="177">
        <pitch>
          <step>A</step>
          <octave>3</octave>
        </pitch>
        <duration>4</duration>
        <voice>3</voice>
        <type>eighth</type>
        <stem default-y="-10">up</stem>
        <staff>2</staff>
        <beam number="1">continue</beam>
      </note>
      <note default-x="204">
        <pitch>
          <step>D</step>
          <octave>4</octave>
        </pitch>
        <duration>4</duration>
        <voice>3</voice>
        <type>eighth</type>
        <stem default-y="-10">up</stem>
        <staff>2</staff>
        <beam number="1">end</beam>
      </note>
    </measure>
    <!--=======================================================-->
    <measure number="15" width="231">
      <direction placement="above">
        <direction-type>
          <words default-y="20" font-family="Times" relative-x="6">4</words>
        </direction-type>
        <staff>1</staff>
      </direction>
      <note default-x="16">
        <pitch>
          <step>F</step>
          <octave>5</octave>
        </pitch>
        <duration>4</duration>
        <voice>1</voice>
        <type>eighth</type>
        <stem default-y="-45">down</stem>
        <staff>1</staff>
        <beam number="1">begin</beam>
      </note>
      <note default-x="43">
        <pitch>
          <step>E</step>
          <octave>5</octave>
        </pitch>
        <duration>4</duration>
        <voice>1</voice>
        <type>eighth</type>
        <stem default-y="-46.5">down</stem>
        <staff>1</staff>
        <beam number="1">continue</beam>
      </note>
      <note default-x="70">
        <pitch>
          <step>D</step>
          <octave>5</octave>
        </pitch>
        <duration>4</duration>
        <voice>1</voice>
        <type>eighth</type>
        <stem default-y="-48.5">down</stem>
        <staff>1</staff>
        <beam number="1">continue</beam>
      </note>
      <direction placement="above">
        <direction-type>
          <words default-y="3" font-family="Times" relative-x="8">1</words>
        </direction-type>
        <staff>1</staff>
      </direction>
      <note default-x="97">
        <pitch>
          <step>C</step>
          <octave>5</octave>
        </pitch>
        <duration>4</duration>
        <voice>1</voice>
        <type>eighth</type>
        <stem default-y="-50">down</stem>
        <staff>1</staff>
        <beam number="1">end</beam>
      </note>
      <direction placement="above">
        <direction-type>
          <words default-y="13" font-family="Times" relative-x="9">3</words>
        </direction-type>
        <staff>1</staff>
      </direction>
      <note default-x="123">
        <pitch>
          <step>E</step>
          <octave>5</octave>
        </pitch>
        <duration>8</duration>
        <voice>1</voice>
        <type>quarter</type>
        <stem default-y="-40">down</stem>
        <staff>1</staff>
      </note>
      <note default-x="177">
        <pitch>
          <step>D</step>
          <octave>5</octave>
        </pitch>
        <duration>8</duration>
        <voice>1</voice>
        <type>quarter</type>
        <stem default-y="-45.5">down</stem>
        <staff>1</staff>
      </note>
      <backup>
        <duration>32</duration>
      </backup>
      <direction placement="below">
        <direction-type>
          <words default-y="-79" font-family="Times" relative-x="3">5</words>
        </direction-type>
        <staff>2</staff>
      </direction>
      <note default-x="16">
        <pitch>
          <step>G</step>
          <octave>3</octave>
        </pitch>
        <duration>4</duration>
        <voice>3</voice>
        <type>eighth</type>
        <stem default-y="-5">up</stem>
        <staff>2</staff>
        <beam number="1">begin</beam>
      </note>
      <note default-x="43">
        <pitch>
          <step>E</step>
          <octave>4</octave>
        </pitch>
        <duration>4</duration>
        <voice>3</voice>
        <type>eighth</type>
        <stem default-y="-5">up</stem>
        <staff>2</staff>
        <beam number="1">continue</beam>
      </note>
      <direction placement="below">
        <direction-type>
          <words default-y="-62" font-family="Times" relative-x="5">2</words>
        </direction-type>
        <staff>2</staff>
      </direction>
      <note default-x="70">
        <pitch>
          <step>C</step>
          <octave>4</octave>
        </pitch>
        <duration>4</duration>
        <voice>3</voice>
        <type>eighth</type>
        <stem default-y="-5">up</stem>
        <staff>2</staff>
        <beam number="1">continue</beam>
      </note>
      <note default-x="97">
        <pitch>
          <step>E</step>
          <octave>4</octave>
        </pitch>
        <duration>4</duration>
        <voice>3</voice>
        <type>eighth</type>
        <stem default-y="-5">up</stem>
        <staff>2</staff>
        <beam number="1">end</beam>
      </note>
      <note default-x="123">
        <pitch>
          <step>G</step>
          <octave>3</octave>
        </pitch>
        <duration>4</duration>
        <voice>3</voice>
        <type>eighth</type>
        <stem default-y="0">up</stem>
        <staff>2</staff>
        <beam number="1">begin</beam>
      </note>
      <note default-x="150">
        <pitch>
          <step>F</step>
          <octave>4</octave>
        </pitch>
        <duration>4</duration>
        <voice>3</voice>
        <type>eighth</type>
        <stem default-y="0">up</stem>
        <staff>2</staff>
        <beam number="1">continue</beam>
      </note>
      <direction placement="below">
        <direction-type>
          <words default-y="-60" font-family="Times" relative-x="7">3</words>
        </direction-type>
        <staff>2</staff>
      </direction>
      <note default-x="177">
        <pitch>
          <step>B</step>
          <octave>3</octave>
        </pitch>
        <duration>4</duration>
        <voice>3</voice>
        <type>eighth</type>
        <stem default-y="0">up</stem>
        <staff>2</staff>
        <beam number="1">continue</beam>
      </note>
      <note default-x="204">
        <pitch>
          <step>F</step>
          <octave>4</octave>
        </pitch>
        <duration>4</duration>
        <voice>3</voice>
        <type>eighth</type>
        <stem default-y="0">up</stem>
        <staff>2</staff>
        <beam number="1">end</beam>
      </note>
    </measure>
    <!--=======================================================-->
    <measure number="16" width="214">
      <note default-x="16">
        <pitch>
          <step>C</step>
          <octave>5</octave>
        </pitch>
        <duration>32</duration>
        <voice>1</voice>
        <type>whole</type>
        <staff>1</staff>
      </note>
      <backup>
        <duration>32</duration>
      </backup>
      <direction placement="below">
        <direction-type>
          <words default-y="-62" font-family="Times" relative-x="8">4</words>
        </direction-type>
        <staff>2</staff>
      </direction>
      <note default-x="16">
        <pitch>
          <step>C</step>
          <octave>4</octave>
        </pitch>
        <duration>4</duration>
        <voice>3</voice>
        <type>eighth</type>
        <stem default-y="5">up</stem>
        <staff>2</staff>
        <beam number="1">begin</beam>
      </note>
      <note default-x="43">
        <pitch>
          <step>G</step>
          <octave>4</octave>
        </pitch>
        <duration>4</duration>
        <voice>3</voice>
        <type>eighth</type>
        <stem default-y="5">up</stem>
        <staff>2</staff>
        <beam number="1">continue</beam>
      </note>
      <note default-x="70">
        <pitch>
          <step>E</step>
          <octave>4</octave>
        </pitch>
        <duration>4</duration>
        <voice>3</voice>
        <type>eighth</type>
        <stem default-y="5">up</stem>
        <staff>2</staff>
        <beam number="1">continue</beam>
      </note>
      <note default-x="98">
        <pitch>
          <step>G</step>
          <octave>4</octave>
        </pitch>
        <duration>4</duration>
        <voice>3</voice>
        <type>eighth</type>
        <stem default-y="5">up</stem>
        <staff>2</staff>
        <beam number="1">end</beam>
      </note>
      <note default-x="125">
        <pitch>
          <step>C</step>
          <octave>4</octave>
        </pitch>
        <duration>16</duration>
        <voice>3</voice>
        <type>half</type>
        <stem default-y="-15">up</stem>
        <staff>2</staff>
      </note>
      <barline location="right">
        <bar-style>light-heavy</bar-style>
        <repeat direction="backward" winged="none"/>
      </barline>
    </measure>
  </part>
  <!--=========================================================-->
</score-partwise>
