<?xml version="1.0" encoding="UTF-8" standalone="no"?>
<!DOCTYPE score-partwise PUBLIC "-//Recordare//DTD MusicXML 3.0 Partwise//EN" "http://www.musicxml.org/dtds/partwise.dtd">
<score-partwise version="3.0">
  <identification>
    <encoding>
      <software>PrintMusic 2014 for Windows</software>
      <software>Dolet Light for PrintMusic 2014</software>
      <encoding-date>2014-10-27</encoding-date>
      <supports attribute="new-system" element="print" type="yes" value="yes"/>
      <supports attribute="new-page" element="print" type="yes" value="yes"/>
      <supports element="accidental" type="yes"/>
      <supports element="beam" type="yes"/>
      <supports element="stem" type="yes"/>
    </encoding>
  </identification>
  <defaults>
    <scaling>
      <millimeters>3.3867</millimeters>
      <tenths>40</tenths>
    </scaling>
    <page-layout>
      <page-height>2075</page-height>
      <page-width>5056</page-width>
      <page-margins type="both">
        <left-margin>150</left-margin>
        <right-margin>150</right-margin>
        <top-margin>188</top-margin>
        <bottom-margin>188</bottom-margin>
      </page-margins>
    </page-layout>
    <system-layout>
      <system-margins>
        <left-margin>0</left-margin>
        <right-margin>0</right-margin>
      </system-margins>
      <system-distance>103</system-distance>
      <top-system-distance>60</top-system-distance>
    </system-layout>
    <staff-layout>
      <staff-distance>80</staff-distance>
    </staff-layout>
    <appearance>
      <line-width type="stem">0.7487</line-width>
      <line-width type="beam">5</line-width>
      <line-width type="staff">0.7487</line-width>
      <line-width type="light barline">0.7487</line-width>
      <line-width type="heavy barline">5</line-width>
      <line-width type="leger">0.7487</line-width>
      <line-width type="ending">0.7487</line-width>
      <line-width type="wedge">0.7487</line-width>
      <line-width type="enclosure">0.7487</line-width>
      <line-width type="tuplet bracket">0.7487</line-width>
      <note-size type="grace">60</note-size>
      <note-size type="cue">60</note-size>
      <distance type="hyphen">120</distance>
      <distance type="beam">8</distance>
    </appearance>
    <music-font font-family="Maestro,engraved" font-size="9.6"/>
    <word-font font-family="Times New Roman" font-size="4.8"/>
  </defaults>
  <credit page="1">
    <credit-words default-x="1065" default-y="1995" valign="top">Czerny No. 22</credit-words>
  </credit>
  <part-list>
    <score-part id="P1">
      <part-name>Piano</part-name>
      <part-abbreviation>Pno</part-abbreviation>
      <score-instrument id="P1-I1">
        <instrument-name>Grand Piano</instrument-name>
      </score-instrument>
      <midi-instrument id="P1-I1">
        <midi-channel>1</midi-channel>
        <midi-program>1</midi-program>
        <volume>78</volume>
        <pan>0</pan>
      </midi-instrument>
    </score-part>
  </part-list>
  <!--=========================================================-->
  <part id="P1">
    <measure number="1" width="778">
      <print>
        <page-layout>
          <page-height>2075</page-height>
          <page-width>5056</page-width>
          <page-margins>
            <left-margin>183</left-margin>
            <right-margin>186</right-margin>
            <top-margin>225</top-margin>
            <bottom-margin>80</bottom-margin>
          </page-margins>
        </page-layout>
        <system-layout>
          <system-margins>
            <left-margin>187</left-margin>
            <right-margin>0</right-margin>
          </system-margins>
          <top-system-distance>26</top-system-distance>
        </system-layout>
        <staff-layout number="2">
          <staff-distance>83</staff-distance>
        </staff-layout>
        <measure-numbering>system</measure-numbering>
      </print>
      <attributes>
        <divisions>4</divisions>
        <key>
          <fifths>0</fifths>
          <mode>major</mode>
        </key>
        <time>
          <beats>2</beats>
          <beat-type>4</beat-type>
        </time>
        <staves>2</staves>
        <clef number="1">
          <sign>G</sign>
          <line>2</line>
        </clef>
        <clef number="2">
          <sign>G</sign>
          <line>2</line>
        </clef>
        <staff-details number="1">
          <staff-size>249</staff-size>
        </staff-details>
        <staff-details number="2">
          <staff-size>249</staff-size>
        </staff-details>
      </attributes>
      <sound tempo="120"/>
      <direction placement="above">
        <direction-type>
          <words default-y="45" font-family="Times" relative-x="20">5</words>
        </direction-type>
        <staff>1</staff>
      </direction>
      <note default-x="160">
        <pitch>
          <step>G</step>
          <octave>5</octave>
        </pitch>
        <duration>2</duration>
        <voice>1</voice>
        <type>eighth</type>
        <stem default-y="-100">down</stem>
        <staff>1</staff>
        <beam number="1">begin</beam>
      </note>
      <direction placement="above">
        <direction-type>
          <words default-y="34" font-family="Times" relative-x="16">3</words>
        </direction-type>
        <staff>1</staff>
      </direction>
      <note default-x="291">
        <pitch>
          <step>E</step>
          <octave>5</octave>
        </pitch>
        <duration>1</duration>
        <voice>1</voice>
        <type>16th</type>
        <stem default-y="-100">down</stem>
        <staff>1</staff>
        <beam number="1">continue</beam>
        <beam number="2">begin</beam>
        <notations>
          <slur number="1" placement="above" type="start"/>
        </notations>
      </note>
      <direction placement="above">
        <direction-type>
          <words default-y="52" font-family="Times" relative-x="15">4</words>
        </direction-type>
        <staff>1</staff>
      </direction>
      <note default-x="372">
        <pitch>
          <step>F</step>
          <octave>5</octave>
        </pitch>
        <duration>1</duration>
        <voice>1</voice>
        <type>16th</type>
        <stem default-y="-100">down</stem>
        <staff>1</staff>
        <beam number="1">end</beam>
        <beam number="2">end</beam>
      </note>
      <direction placement="above">
        <direction-type>
          <words default-y="67" font-family="Times" relative-x="16">5</words>
        </direction-type>
        <staff>1</staff>
      </direction>
      <note default-x="454">
        <pitch>
          <step>G</step>
          <octave>5</octave>
        </pitch>
        <duration>1</duration>
        <voice>1</voice>
        <type>16th</type>
        <stem default-y="-100">down</stem>
        <staff>1</staff>
        <beam number="1">begin</beam>
        <beam number="2">begin</beam>
      </note>
      <note default-x="535">
        <pitch>
          <step>F</step>
          <octave>5</octave>
        </pitch>
        <duration>1</duration>
        <voice>1</voice>
        <type>16th</type>
        <stem default-y="-104">down</stem>
        <staff>1</staff>
        <beam number="1">continue</beam>
        <beam number="2">continue</beam>
      </note>
      <note default-x="615">
        <pitch>
          <step>E</step>
          <octave>5</octave>
        </pitch>
        <duration>1</duration>
        <voice>1</voice>
        <type>16th</type>
        <stem default-y="-108">down</stem>
        <staff>1</staff>
        <beam number="1">continue</beam>
        <beam number="2">continue</beam>
      </note>
      <note default-x="696">
        <pitch>
          <step>D</step>
          <octave>5</octave>
        </pitch>
        <duration>1</duration>
        <voice>1</voice>
        <type>16th</type>
        <stem default-y="-112">down</stem>
        <staff>1</staff>
        <beam number="1">end</beam>
        <beam number="2">end</beam>
      </note>
      <backup>
        <duration>8</duration>
      </backup>
      <direction placement="below">
        <direction-type>
          <words default-y="-147" font-family="Times" relative-x="35">4</words>
        </direction-type>
        <staff>2</staff>
      </direction>
      <note default-x="160">
        <pitch>
          <step>C</step>
          <octave>4</octave>
        </pitch>
        <duration>2</duration>
        <voice>3</voice>
        <type>eighth</type>
        <stem default-y="13">up</stem>
        <staff>2</staff>
        <beam number="1">begin</beam>
      </note>
      <note default-x="291">
        <pitch>
          <step>E</step>
          <octave>4</octave>
        </pitch>
        <duration>2</duration>
        <voice>3</voice>
        <type>eighth</type>
        <stem default-y="13">up</stem>
        <staff>2</staff>
        <beam number="1">continue</beam>
      </note>
      <note default-x="291">
        <chord/>
        <pitch>
          <step>G</step>
          <octave>4</octave>
        </pitch>
        <duration>2</duration>
        <voice>3</voice>
        <type>eighth</type>
        <stem>up</stem>
        <staff>2</staff>
      </note>
      <note default-x="454">
        <pitch>
          <step>E</step>
          <octave>4</octave>
        </pitch>
        <duration>2</duration>
        <voice>3</voice>
        <type>eighth</type>
        <stem default-y="13">up</stem>
        <staff>2</staff>
        <beam number="1">continue</beam>
      </note>
      <note default-x="454">
        <chord/>
        <pitch>
          <step>G</step>
          <octave>4</octave>
        </pitch>
        <duration>2</duration>
        <voice>3</voice>
        <type>eighth</type>
        <stem>up</stem>
        <staff>2</staff>
      </note>
      <note default-x="615">
        <pitch>
          <step>E</step>
          <octave>4</octave>
        </pitch>
        <duration>2</duration>
        <voice>3</voice>
        <type>eighth</type>
        <stem default-y="13">up</stem>
        <staff>2</staff>
        <beam number="1">end</beam>
      </note>
      <note default-x="615">
        <chord/>
        <pitch>
          <step>G</step>
          <octave>4</octave>
        </pitch>
        <duration>2</duration>
        <voice>3</voice>
        <type>eighth</type>
        <stem>up</stem>
        <staff>2</staff>
      </note>
    </measure>
    <!--=======================================================-->
    <measure number="2" width="416">
      <direction placement="above">
        <direction-type>
          <words default-y="2" font-family="Times" relative-x="13">1</words>
        </direction-type>
        <staff>1</staff>
      </direction>
      <note default-x="20">
        <pitch>
          <step>C</step>
          <octave>5</octave>
        </pitch>
        <duration>2</duration>
        <voice>1</voice>
        <type>eighth</type>
        <stem default-y="-125">down</stem>
        <staff>1</staff>
        <beam number="1">begin</beam>
        <notations>
          <slur number="1" type="stop"/>
        </notations>
      </note>
      <direction placement="above">
        <direction-type>
          <words default-y="27" font-family="Times" relative-x="12">2</words>
        </direction-type>
        <staff>1</staff>
      </direction>
      <note default-x="119">
        <pitch>
          <step>E</step>
          <octave>5</octave>
        </pitch>
        <duration>2</duration>
        <voice>1</voice>
        <type>eighth</type>
        <stem default-y="-121">down</stem>
        <staff>1</staff>
        <beam number="1">continue</beam>
      </note>
      <direction placement="above">
        <direction-type>
          <words default-y="47" font-family="Times" relative-x="11">3</words>
        </direction-type>
        <staff>1</staff>
      </direction>
      <note default-x="218">
        <pitch>
          <step>G</step>
          <octave>5</octave>
        </pitch>
        <duration>2</duration>
        <voice>1</voice>
        <type>eighth</type>
        <stem default-y="-116.5">down</stem>
        <staff>1</staff>
        <beam number="1">continue</beam>
      </note>
      <direction placement="above">
        <direction-type>
          <words default-y="80" font-family="Times" relative-x="5">5</words>
        </direction-type>
        <staff>1</staff>
      </direction>
      <note default-x="316">
        <pitch>
          <step>C</step>
          <octave>6</octave>
        </pitch>
        <duration>2</duration>
        <voice>1</voice>
        <type>eighth</type>
        <stem default-y="-112">down</stem>
        <staff>1</staff>
        <beam number="1">end</beam>
      </note>
      <backup>
        <duration>8</duration>
      </backup>
      <note default-x="20">
        <pitch>
          <step>C</step>
          <octave>4</octave>
        </pitch>
        <duration>2</duration>
        <voice>3</voice>
        <type>eighth</type>
        <stem default-y="13">up</stem>
        <staff>2</staff>
        <beam number="1">begin</beam>
      </note>
      <note default-x="119">
        <pitch>
          <step>E</step>
          <octave>4</octave>
        </pitch>
        <duration>2</duration>
        <voice>3</voice>
        <type>eighth</type>
        <stem default-y="13">up</stem>
        <staff>2</staff>
        <beam number="1">continue</beam>
      </note>
      <note default-x="119">
        <chord/>
        <pitch>
          <step>G</step>
          <octave>4</octave>
        </pitch>
        <duration>2</duration>
        <voice>3</voice>
        <type>eighth</type>
        <stem>up</stem>
        <staff>2</staff>
      </note>
      <note default-x="218">
        <pitch>
          <step>E</step>
          <octave>4</octave>
        </pitch>
        <duration>2</duration>
        <voice>3</voice>
        <type>eighth</type>
        <stem default-y="13">up</stem>
        <staff>2</staff>
        <beam number="1">continue</beam>
      </note>
      <note default-x="218">
        <chord/>
        <pitch>
          <step>G</step>
          <octave>4</octave>
        </pitch>
        <duration>2</duration>
        <voice>3</voice>
        <type>eighth</type>
        <stem>up</stem>
        <staff>2</staff>
      </note>
      <note default-x="316">
        <pitch>
          <step>E</step>
          <octave>4</octave>
        </pitch>
        <duration>2</duration>
        <voice>3</voice>
        <type>eighth</type>
        <stem default-y="13">up</stem>
        <staff>2</staff>
        <beam number="1">end</beam>
      </note>
      <note default-x="316">
        <chord/>
        <pitch>
          <step>G</step>
          <octave>4</octave>
        </pitch>
        <duration>2</duration>
        <voice>3</voice>
        <type>eighth</type>
        <stem>up</stem>
        <staff>2</staff>
      </note>
    </measure>
    <!--=======================================================-->
    <measure number="3" width="693">
      <direction placement="above">
        <direction-type>
          <words default-y="77" font-family="Times" relative-x="12">4</words>
        </direction-type>
        <staff>1</staff>
      </direction>
      <note default-x="21">
        <pitch>
          <step>B</step>
          <octave>5</octave>
        </pitch>
        <duration>2</duration>
        <voice>2</voice>
        <type>eighth</type>
        <stem default-y="-50">down</stem>
        <staff>1</staff>
        <beam number="1">begin</beam>
      </note>
      <direction placement="above">
        <direction-type>
          <words default-y="82" font-family="Times" relative-x="17">3</words>
        </direction-type>
        <staff>1</staff>
      </direction>
      <note default-x="171">
        <pitch>
          <step>B</step>
          <octave>5</octave>
        </pitch>
        <duration>2</duration>
        <voice>2</voice>
        <type>eighth</type>
        <stem default-y="-50">down</stem>
        <staff>1</staff>
        <beam number="1">end</beam>
      </note>
      <direction placement="above">
        <direction-type>
          <words default-y="89" font-family="Times" relative-x="21">4</words>
        </direction-type>
        <staff>1</staff>
      </direction>
      <note default-x="322">
        <pitch>
          <step>C</step>
          <octave>6</octave>
        </pitch>
        <duration>1</duration>
        <voice>2</voice>
        <type>16th</type>
        <stem default-y="-62">down</stem>
        <staff>1</staff>
        <beam number="1">begin</beam>
        <beam number="2">begin</beam>
        <notations>
          <slur number="1" placement="above" type="start"/>
        </notations>
      </note>
      <direction placement="above">
        <direction-type>
          <words default-y="67" font-family="Times" relative-x="18">3</words>
        </direction-type>
        <staff>1</staff>
      </direction>
      <note default-x="414">
        <pitch>
          <step>B</step>
          <octave>5</octave>
        </pitch>
        <duration>1</duration>
        <voice>2</voice>
        <type>16th</type>
        <stem default-y="-62">down</stem>
        <staff>1</staff>
        <beam number="1">continue</beam>
        <beam number="2">continue</beam>
      </note>
      <direction placement="above">
        <direction-type>
          <words default-y="59" font-family="Times" relative-x="28">2</words>
        </direction-type>
        <staff>1</staff>
      </direction>
      <note default-x="506">
        <pitch>
          <step>A</step>
          <octave>5</octave>
        </pitch>
        <duration>1</duration>
        <voice>2</voice>
        <type>16th</type>
        <stem default-y="-62">down</stem>
        <staff>1</staff>
        <beam number="1">continue</beam>
        <beam number="2">continue</beam>
      </note>
      <direction placement="above">
        <direction-type>
          <words default-y="67" font-family="Times" relative-x="10">3</words>
        </direction-type>
        <staff>1</staff>
      </direction>
      <note default-x="600">
        <pitch>
          <step>B</step>
          <octave>5</octave>
        </pitch>
        <duration>1</duration>
        <voice>2</voice>
        <type>16th</type>
        <stem default-y="-62">down</stem>
        <staff>1</staff>
        <beam number="1">end</beam>
        <beam number="2">end</beam>
      </note>
      <backup>
        <duration>8</duration>
      </backup>
      <note default-x="21">
        <pitch>
          <step>G</step>
          <octave>3</octave>
        </pitch>
        <duration>2</duration>
        <voice>3</voice>
        <type>eighth</type>
        <stem default-y="0.5">up</stem>
        <staff>2</staff>
        <beam number="1">begin</beam>
      </note>
      <note default-x="171">
        <pitch>
          <step>D</step>
          <octave>4</octave>
        </pitch>
        <duration>2</duration>
        <voice>3</voice>
        <type>eighth</type>
        <stem default-y="0.5">up</stem>
        <staff>2</staff>
        <beam number="1">continue</beam>
      </note>
      <note default-x="171">
        <chord/>
        <pitch>
          <step>F</step>
          <octave>4</octave>
        </pitch>
        <duration>2</duration>
        <voice>3</voice>
        <type>eighth</type>
        <stem>up</stem>
        <staff>2</staff>
      </note>
      <note default-x="322">
        <pitch>
          <step>D</step>
          <octave>4</octave>
        </pitch>
        <duration>2</duration>
        <voice>3</voice>
        <type>eighth</type>
        <stem default-y="0.5">up</stem>
        <staff>2</staff>
        <beam number="1">continue</beam>
      </note>
      <note default-x="322">
        <chord/>
        <pitch>
          <step>F</step>
          <octave>4</octave>
        </pitch>
        <duration>2</duration>
        <voice>3</voice>
        <type>eighth</type>
        <stem>up</stem>
        <staff>2</staff>
      </note>
      <note default-x="506">
        <pitch>
          <step>D</step>
          <octave>4</octave>
        </pitch>
        <duration>2</duration>
        <voice>3</voice>
        <type>eighth</type>
        <stem default-y="0.5">up</stem>
        <staff>2</staff>
        <beam number="1">end</beam>
      </note>
      <note default-x="506">
        <chord/>
        <pitch>
          <step>F</step>
          <octave>4</octave>
        </pitch>
        <duration>2</duration>
        <voice>3</voice>
        <type>eighth</type>
        <stem>up</stem>
        <staff>2</staff>
      </note>
    </measure>
    <!--=======================================================-->
    <measure number="4" width="388">
      <direction placement="above">
        <direction-type>
          <words default-y="87" font-family="Times" relative-x="14">4</words>
        </direction-type>
        <staff>1</staff>
      </direction>
      <note default-x="21">
        <pitch>
          <step>C</step>
          <octave>6</octave>
        </pitch>
        <duration>4</duration>
        <voice>1</voice>
        <type>quarter</type>
        <stem default-y="-51">down</stem>
        <staff>1</staff>
        <notations>
          <slur number="1" type="stop"/>
        </notations>
      </note>
      <direction placement="above">
        <direction-type>
          <words default-y="52" font-family="Times" relative-x="18">1</words>
        </direction-type>
        <staff>1</staff>
      </direction>
      <note default-x="205">
        <pitch>
          <step>G</step>
          <octave>5</octave>
        </pitch>
        <duration>4</duration>
        <voice>1</voice>
        <type>quarter</type>
        <stem default-y="-76">down</stem>
        <staff>1</staff>
      </note>
      <backup>
        <duration>8</duration>
      </backup>
      <direction placement="below">
        <direction-type>
          <words default-y="-147" font-family="Times" relative-x="19">4</words>
        </direction-type>
        <staff>2</staff>
      </direction>
      <note default-x="21">
        <pitch>
          <step>C</step>
          <octave>4</octave>
        </pitch>
        <duration>2</duration>
        <voice>3</voice>
        <type>eighth</type>
        <stem default-y="13">up</stem>
        <staff>2</staff>
        <beam number="1">begin</beam>
      </note>
      <note default-x="112">
        <pitch>
          <step>E</step>
          <octave>4</octave>
        </pitch>
        <duration>2</duration>
        <voice>3</voice>
        <type>eighth</type>
        <stem default-y="13">up</stem>
        <staff>2</staff>
        <beam number="1">continue</beam>
      </note>
      <note default-x="112">
        <chord/>
        <pitch>
          <step>G</step>
          <octave>4</octave>
        </pitch>
        <duration>2</duration>
        <voice>3</voice>
        <type>eighth</type>
        <stem>up</stem>
        <staff>2</staff>
      </note>
      <note default-x="205">
        <pitch>
          <step>E</step>
          <octave>4</octave>
        </pitch>
        <duration>2</duration>
        <voice>3</voice>
        <type>eighth</type>
        <stem default-y="13">up</stem>
        <staff>2</staff>
        <beam number="1">continue</beam>
      </note>
      <note default-x="205">
        <chord/>
        <pitch>
          <step>G</step>
          <octave>4</octave>
        </pitch>
        <duration>2</duration>
        <voice>3</voice>
        <type>eighth</type>
        <stem>up</stem>
        <staff>2</staff>
      </note>
      <note default-x="296">
        <pitch>
          <step>E</step>
          <octave>4</octave>
        </pitch>
        <duration>2</duration>
        <voice>3</voice>
        <type>eighth</type>
        <stem default-y="13">up</stem>
        <staff>2</staff>
        <beam number="1">end</beam>
      </note>
      <note default-x="296">
        <chord/>
        <pitch>
          <step>G</step>
          <octave>4</octave>
        </pitch>
        <duration>2</duration>
        <voice>3</voice>
        <type>eighth</type>
        <stem>up</stem>
        <staff>2</staff>
      </note>
    </measure>
    <!--=======================================================-->
    <measure number="5" width="640">
      <direction placement="above">
        <direction-type>
          <words default-y="52" font-family="Times" relative-x="16">5</words>
        </direction-type>
        <staff>1</staff>
      </direction>
      <note default-x="21">
        <pitch>
          <step>G</step>
          <octave>5</octave>
        </pitch>
        <duration>2</duration>
        <voice>1</voice>
        <type>eighth</type>
        <stem default-y="-100">down</stem>
        <staff>1</staff>
        <beam number="1">begin</beam>
      </note>
      <direction placement="above">
        <direction-type>
          <words default-y="37" font-family="Times" relative-x="17">3</words>
        </direction-type>
        <staff>1</staff>
      </direction>
      <note default-x="152">
        <pitch>
          <step>E</step>
          <octave>5</octave>
        </pitch>
        <duration>1</duration>
        <voice>1</voice>
        <type>16th</type>
        <stem default-y="-100">down</stem>
        <staff>1</staff>
        <beam number="1">continue</beam>
        <beam number="2">begin</beam>
        <notations>
          <slur number="1" placement="above" type="start"/>
        </notations>
      </note>
      <note default-x="233">
        <pitch>
          <step>F</step>
          <octave>5</octave>
        </pitch>
        <duration>1</duration>
        <voice>1</voice>
        <type>16th</type>
        <stem default-y="-100">down</stem>
        <staff>1</staff>
        <beam number="1">end</beam>
        <beam number="2">end</beam>
      </note>
      <note default-x="315">
        <pitch>
          <step>G</step>
          <octave>5</octave>
        </pitch>
        <duration>1</duration>
        <voice>1</voice>
        <type>16th</type>
        <stem default-y="-100">down</stem>
        <staff>1</staff>
        <beam number="1">begin</beam>
        <beam number="2">begin</beam>
      </note>
      <note default-x="395">
        <pitch>
          <step>F</step>
          <octave>5</octave>
        </pitch>
        <duration>1</duration>
        <voice>1</voice>
        <type>16th</type>
        <stem default-y="-104">down</stem>
        <staff>1</staff>
        <beam number="1">continue</beam>
        <beam number="2">continue</beam>
      </note>
      <note default-x="477">
        <pitch>
          <step>E</step>
          <octave>5</octave>
        </pitch>
        <duration>1</duration>
        <voice>1</voice>
        <type>16th</type>
        <stem default-y="-108">down</stem>
        <staff>1</staff>
        <beam number="1">continue</beam>
        <beam number="2">continue</beam>
      </note>
      <note default-x="558">
        <pitch>
          <step>D</step>
          <octave>5</octave>
        </pitch>
        <duration>1</duration>
        <voice>1</voice>
        <type>16th</type>
        <stem default-y="-112">down</stem>
        <staff>1</staff>
        <beam number="1">end</beam>
        <beam number="2">end</beam>
      </note>
      <backup>
        <duration>8</duration>
      </backup>
      <note default-x="21">
        <pitch>
          <step>C</step>
          <octave>4</octave>
        </pitch>
        <duration>2</duration>
        <voice>3</voice>
        <type>eighth</type>
        <stem default-y="13">up</stem>
        <staff>2</staff>
        <beam number="1">begin</beam>
      </note>
      <note default-x="152">
        <pitch>
          <step>E</step>
          <octave>4</octave>
        </pitch>
        <duration>2</duration>
        <voice>3</voice>
        <type>eighth</type>
        <stem default-y="13">up</stem>
        <staff>2</staff>
        <beam number="1">continue</beam>
      </note>
      <note default-x="152">
        <chord/>
        <pitch>
          <step>G</step>
          <octave>4</octave>
        </pitch>
        <duration>2</duration>
        <voice>3</voice>
        <type>eighth</type>
        <stem>up</stem>
        <staff>2</staff>
      </note>
      <note default-x="315">
        <pitch>
          <step>E</step>
          <octave>4</octave>
        </pitch>
        <duration>2</duration>
        <voice>3</voice>
        <type>eighth</type>
        <stem default-y="13">up</stem>
        <staff>2</staff>
        <beam number="1">continue</beam>
      </note>
      <note default-x="315">
        <chord/>
        <pitch>
          <step>G</step>
          <octave>4</octave>
        </pitch>
        <duration>2</duration>
        <voice>3</voice>
        <type>eighth</type>
        <stem>up</stem>
        <staff>2</staff>
      </note>
      <note default-x="477">
        <pitch>
          <step>E</step>
          <octave>4</octave>
        </pitch>
        <duration>2</duration>
        <voice>3</voice>
        <type>eighth</type>
        <stem default-y="13">up</stem>
        <staff>2</staff>
        <beam number="1">end</beam>
      </note>
      <note default-x="477">
        <chord/>
        <pitch>
          <step>G</step>
          <octave>4</octave>
        </pitch>
        <duration>2</duration>
        <voice>3</voice>
        <type>eighth</type>
        <stem>up</stem>
        <staff>2</staff>
      </note>
    </measure>
    <!--=======================================================-->
    <measure number="6" width="791">
      <direction placement="above">
        <direction-type>
          <words default-y="2" font-family="Times" relative-x="14">1</words>
        </direction-type>
        <staff>1</staff>
      </direction>
      <note default-x="21">
        <pitch>
          <step>C</step>
          <octave>5</octave>
        </pitch>
        <duration>1</duration>
        <voice>1</voice>
        <type>16th</type>
        <stem default-y="-125">down</stem>
        <staff>1</staff>
        <beam number="1">begin</beam>
        <beam number="2">begin</beam>
        <notations>
          <slur number="1" type="stop"/>
          <slur number="1" placement="above" type="start"/>
        </notations>
      </note>
      <note default-x="118">
        <pitch>
          <step>D</step>
          <octave>5</octave>
        </pitch>
        <duration>1</duration>
        <voice>1</voice>
        <type>16th</type>
        <stem default-y="-121">down</stem>
        <staff>1</staff>
        <beam number="1">continue</beam>
        <beam number="2">continue</beam>
      </note>
      <direction placement="above">
        <direction-type>
          <words default-y="37" font-family="Times" relative-x="11">3</words>
        </direction-type>
        <staff>1</staff>
      </direction>
      <note default-x="214">
        <pitch>
          <step>E</step>
          <octave>5</octave>
        </pitch>
        <duration>1</duration>
        <voice>1</voice>
        <type>16th</type>
        <stem default-y="-116.5">down</stem>
        <staff>1</staff>
        <beam number="1">continue</beam>
        <beam number="2">continue</beam>
      </note>
      <direction placement="above">
        <direction-type>
          <words default-y="42" font-family="Times" relative-x="13">1</words>
        </direction-type>
        <staff>1</staff>
      </direction>
      <note default-x="309">
        <pitch>
          <step>F</step>
          <octave>5</octave>
        </pitch>
        <duration>1</duration>
        <voice>1</voice>
        <type>16th</type>
        <stem default-y="-112">down</stem>
        <staff>1</staff>
        <beam number="1">end</beam>
        <beam number="2">end</beam>
      </note>
      <note default-x="406">
        <pitch>
          <step>G</step>
          <octave>5</octave>
        </pitch>
        <duration>1</duration>
        <voice>1</voice>
        <type>16th</type>
        <stem default-y="-75">down</stem>
        <staff>1</staff>
        <beam number="1">begin</beam>
        <beam number="2">begin</beam>
      </note>
      <note default-x="502">
        <pitch>
          <step>A</step>
          <octave>5</octave>
        </pitch>
        <duration>1</duration>
        <voice>1</voice>
        <type>16th</type>
        <stem default-y="-71">down</stem>
        <staff>1</staff>
        <beam number="1">continue</beam>
        <beam number="2">continue</beam>
      </note>
      <note default-x="598">
        <pitch>
          <step>B</step>
          <octave>5</octave>
        </pitch>
        <duration>1</duration>
        <voice>1</voice>
        <type>16th</type>
        <stem default-y="-66.5">down</stem>
        <staff>1</staff>
        <beam number="1">continue</beam>
        <beam number="2">continue</beam>
      </note>
      <note default-x="695">
        <pitch>
          <step>C</step>
          <octave>6</octave>
        </pitch>
        <duration>1</duration>
        <voice>1</voice>
        <type>16th</type>
        <stem default-y="-62">down</stem>
        <staff>1</staff>
        <beam number="1">end</beam>
        <beam number="2">end</beam>
        <notations>
          <slur number="1" type="stop"/>
        </notations>
      </note>
      <backup>
        <duration>8</duration>
      </backup>
      <note default-x="21">
        <pitch>
          <step>C</step>
          <octave>4</octave>
        </pitch>
        <duration>2</duration>
        <voice>3</voice>
        <type>eighth</type>
        <stem default-y="13">up</stem>
        <staff>2</staff>
        <beam number="1">begin</beam>
      </note>
      <note default-x="214">
        <pitch>
          <step>E</step>
          <octave>4</octave>
        </pitch>
        <duration>2</duration>
        <voice>3</voice>
        <type>eighth</type>
        <stem default-y="13">up</stem>
        <staff>2</staff>
        <beam number="1">continue</beam>
      </note>
      <note default-x="214">
        <chord/>
        <pitch>
          <step>G</step>
          <octave>4</octave>
        </pitch>
        <duration>2</duration>
        <voice>3</voice>
        <type>eighth</type>
        <stem>up</stem>
        <staff>2</staff>
      </note>
      <note default-x="406">
        <pitch>
          <step>E</step>
          <octave>4</octave>
        </pitch>
        <duration>2</duration>
        <voice>3</voice>
        <type>eighth</type>
        <stem default-y="13">up</stem>
        <staff>2</staff>
        <beam number="1">continue</beam>
      </note>
      <note default-x="406">
        <chord/>
        <pitch>
          <step>G</step>
          <octave>4</octave>
        </pitch>
        <duration>2</duration>
        <voice>3</voice>
        <type>eighth</type>
        <stem>up</stem>
        <staff>2</staff>
      </note>
      <note default-x="598">
        <pitch>
          <step>E</step>
          <octave>4</octave>
        </pitch>
        <duration>2</duration>
        <voice>3</voice>
        <type>eighth</type>
        <stem default-y="13">up</stem>
        <staff>2</staff>
        <beam number="1">end</beam>
      </note>
      <note default-x="598">
        <chord/>
        <pitch>
          <step>G</step>
          <octave>4</octave>
        </pitch>
        <duration>2</duration>
        <voice>3</voice>
        <type>eighth</type>
        <stem>up</stem>
        <staff>2</staff>
      </note>
    </measure>
    <!--=======================================================-->
    <measure number="7" width="416">
      <direction placement="above">
        <direction-type>
          <words default-y="47" font-family="Times" relative-x="18">3</words>
        </direction-type>
        <staff>1</staff>
      </direction>
      <note default-x="20">
        <pitch>
          <step>G</step>
          <octave>5</octave>
        </pitch>
        <duration>2</duration>
        <voice>1</voice>
        <type>eighth</type>
        <stem default-y="-75">down</stem>
        <staff>1</staff>
        <beam number="1">begin</beam>
        <notations>
          <slur number="1" placement="above" type="start"/>
        </notations>
      </note>
      <direction placement="above">
        <direction-type>
          <words default-y="47" font-family="Times" relative-x="4">2</words>
        </direction-type>
        <staff>1</staff>
      </direction>
      <note default-x="119">
        <pitch>
          <step>F</step>
          <octave>5</octave>
        </pitch>
        <duration>2</duration>
        <voice>1</voice>
        <type>eighth</type>
        <stem default-y="-87">down</stem>
        <staff>1</staff>
        <beam number="1">end</beam>
        <notations>
          <slur number="1" type="stop"/>
        </notations>
      </note>
      <direction placement="above">
        <direction-type>
          <words default-y="47" font-family="Times" relative-x="8">3</words>
        </direction-type>
        <staff>1</staff>
      </direction>
      <note default-x="217">
        <pitch>
          <step>F</step>
          <octave>5</octave>
        </pitch>
        <duration>2</duration>
        <voice>1</voice>
        <type>eighth</type>
        <stem default-y="-87">down</stem>
        <staff>1</staff>
        <beam number="1">begin</beam>
        <notations>
          <slur number="1" placement="above" type="start"/>
        </notations>
      </note>
      <direction placement="above">
        <direction-type>
          <words default-y="22" font-family="Times" relative-x="17">2</words>
        </direction-type>
        <staff>1</staff>
      </direction>
      <note default-x="316">
        <pitch>
          <step>E</step>
          <octave>5</octave>
        </pitch>
        <duration>2</duration>
        <voice>1</voice>
        <type>eighth</type>
        <stem default-y="-100">down</stem>
        <staff>1</staff>
        <beam number="1">end</beam>
        <notations>
          <slur number="1" type="stop"/>
        </notations>
      </note>
      <backup>
        <duration>8</duration>
      </backup>
      <direction placement="below">
        <direction-type>
          <words default-y="-177" font-family="Times" relative-x="15">5</words>
        </direction-type>
        <staff>2</staff>
      </direction>
      <note default-x="20">
        <pitch>
          <step>B</step>
          <octave>3</octave>
        </pitch>
        <duration>2</duration>
        <voice>3</voice>
        <type>eighth</type>
        <stem default-y="13">up</stem>
        <staff>2</staff>
        <beam number="1">begin</beam>
      </note>
      <note default-x="119">
        <pitch>
          <step>D</step>
          <octave>4</octave>
        </pitch>
        <duration>2</duration>
        <voice>3</voice>
        <type>eighth</type>
        <stem default-y="13">up</stem>
        <staff>2</staff>
        <beam number="1">continue</beam>
      </note>
      <note default-x="119">
        <chord/>
        <pitch>
          <step>G</step>
          <octave>4</octave>
        </pitch>
        <duration>2</duration>
        <voice>3</voice>
        <type>eighth</type>
        <stem>up</stem>
        <staff>2</staff>
      </note>
      <direction placement="below">
        <direction-type>
          <words default-y="-162" font-family="Times" relative-x="20">4</words>
        </direction-type>
        <staff>2</staff>
      </direction>
      <note default-x="217">
        <pitch>
          <step>C</step>
          <octave>4</octave>
        </pitch>
        <duration>2</duration>
        <voice>3</voice>
        <type>eighth</type>
        <stem default-y="13">up</stem>
        <staff>2</staff>
        <beam number="1">continue</beam>
      </note>
      <note default-x="316">
        <pitch>
          <step>E</step>
          <octave>4</octave>
        </pitch>
        <duration>2</duration>
        <voice>3</voice>
        <type>eighth</type>
        <stem default-y="13">up</stem>
        <staff>2</staff>
        <beam number="1">end</beam>
      </note>
      <note default-x="316">
        <chord/>
        <pitch>
          <step>G</step>
          <octave>4</octave>
        </pitch>
        <duration>2</duration>
        <voice>3</voice>
        <type>eighth</type>
        <stem>up</stem>
        <staff>2</staff>
      </note>
    </measure>
    <!--=======================================================-->
    <measure number="8" width="377">
      <direction placement="above">
        <direction-type>
          <words default-y="20" font-family="Times" relative-x="7">1</words>
        </direction-type>
        <staff>1</staff>
      </direction>
      <note default-x="21">
        <pitch>
          <step>D</step>
          <octave>5</octave>
        </pitch>
        <duration>2</duration>
        <voice>1</voice>
        <type>eighth</type>
        <stem default-y="-112">down</stem>
        <staff>1</staff>
        <beam number="1">begin</beam>
        <notations>
          <slur number="1" placement="above" type="start"/>
        </notations>
      </note>
      <direction placement="above">
        <direction-type>
          <words default-y="57" font-family="Times" relative-x="13">4</words>
        </direction-type>
        <staff>1</staff>
      </direction>
      <note default-x="110">
        <pitch>
          <step>G</step>
          <octave>5</octave>
        </pitch>
        <duration>2</duration>
        <voice>1</voice>
        <type>eighth</type>
        <stem default-y="-100">down</stem>
        <staff>1</staff>
        <beam number="1">end</beam>
        <notations>
          <slur number="1" type="stop"/>
        </notations>
      </note>
      <note default-x="199">
        <pitch>
          <step>G</step>
          <octave>5</octave>
        </pitch>
        <duration>4</duration>
        <voice>1</voice>
        <type>quarter</type>
        <stem default-y="-76">down</stem>
        <staff>1</staff>
      </note>
      <backup>
        <duration>8</duration>
      </backup>
      <direction placement="below">
        <direction-type>
          <words default-y="-67" font-family="Times" relative-x="12">1</words>
        </direction-type>
        <staff>2</staff>
      </direction>
      <note default-x="21">
        <pitch>
          <step>G</step>
          <octave>3</octave>
        </pitch>
        <duration>2</duration>
        <voice>3</voice>
        <type>eighth</type>
        <stem default-y="-24.5">up</stem>
        <staff>2</staff>
        <beam number="1">begin</beam>
      </note>
      <note default-x="21">
        <chord/>
        <pitch>
          <step>B</step>
          <octave>3</octave>
        </pitch>
        <duration>2</duration>
        <voice>3</voice>
        <type>eighth</type>
        <stem>up</stem>
        <staff>2</staff>
      </note>
      <note default-x="21">
        <chord/>
        <pitch>
          <step>D</step>
          <octave>4</octave>
        </pitch>
        <duration>2</duration>
        <voice>3</voice>
        <type>eighth</type>
        <stem>up</stem>
        <staff>2</staff>
      </note>
      <note default-x="110">
        <pitch>
          <step>G</step>
          <octave>3</octave>
        </pitch>
        <duration>2</duration>
        <voice>3</voice>
        <type>eighth</type>
        <stem default-y="-24.5">up</stem>
        <staff>2</staff>
        <beam number="1">end</beam>
      </note>
      <note default-x="110">
        <chord/>
        <pitch>
          <step>B</step>
          <octave>3</octave>
        </pitch>
        <duration>2</duration>
        <voice>3</voice>
        <type>eighth</type>
        <stem>up</stem>
        <staff>2</staff>
      </note>
      <note default-x="110">
        <chord/>
        <pitch>
          <step>D</step>
          <octave>4</octave>
        </pitch>
        <duration>2</duration>
        <voice>3</voice>
        <type>eighth</type>
        <stem>up</stem>
        <staff>2</staff>
      </note>
      <note default-x="199">
        <pitch>
          <step>G</step>
          <octave>3</octave>
        </pitch>
        <duration>4</duration>
        <voice>3</voice>
        <type>quarter</type>
        <stem default-y="-23.5">up</stem>
        <staff>2</staff>
      </note>
      <note default-x="199">
        <chord/>
        <pitch>
          <step>B</step>
          <octave>3</octave>
        </pitch>
        <duration>4</duration>
        <voice>3</voice>
        <type>quarter</type>
        <stem>up</stem>
        <staff>2</staff>
      </note>
      <note default-x="199">
        <chord/>
        <pitch>
          <step>D</step>
          <octave>4</octave>
        </pitch>
        <duration>4</duration>
        <voice>3</voice>
        <type>quarter</type>
        <stem>up</stem>
        <staff>2</staff>
      </note>
      <barline location="right">
        <bar-style>light-heavy</bar-style>
        <repeat direction="backward" winged="none"/>
      </barline>
    </measure>
    <!--=======================================================-->
    <measure number="9" width="598">
      <print new-system="yes">
        <system-layout>
          <system-margins>
            <left-margin>0</left-margin>
            <right-margin>5</right-margin>
          </system-margins>
          <system-distance>249</system-distance>
        </system-layout>
        <staff-layout number="2">
          <staff-distance>90</staff-distance>
        </staff-layout>
      </print>
      <direction placement="above">
        <direction-type>
          <words default-y="70" font-family="Times" relative-x="14">4</words>
        </direction-type>
        <staff>1</staff>
      </direction>
      <note default-x="102">
        <pitch>
          <step>B</step>
          <octave>5</octave>
        </pitch>
        <duration>2</duration>
        <voice>2</voice>
        <type>eighth</type>
        <stem default-y="-50">down</stem>
        <staff>1</staff>
        <beam number="1">begin</beam>
      </note>
      <note default-x="226">
        <pitch>
          <step>B</step>
          <octave>5</octave>
        </pitch>
        <duration>2</duration>
        <voice>2</voice>
        <type>eighth</type>
        <stem default-y="-50">down</stem>
        <staff>1</staff>
        <beam number="1">continue</beam>
      </note>
      <note default-x="350">
        <pitch>
          <step>B</step>
          <octave>5</octave>
        </pitch>
        <duration>2</duration>
        <voice>2</voice>
        <type>eighth</type>
        <stem default-y="-50">down</stem>
        <staff>1</staff>
        <beam number="1">continue</beam>
      </note>
      <note default-x="474">
        <pitch>
          <step>B</step>
          <octave>5</octave>
        </pitch>
        <duration>2</duration>
        <voice>2</voice>
        <type>eighth</type>
        <stem default-y="-50">down</stem>
        <staff>1</staff>
        <beam number="1">end</beam>
      </note>
      <backup>
        <duration>8</duration>
      </backup>
      <direction placement="below">
        <direction-type>
          <words default-y="-185" font-family="Times" relative-x="17">5</words>
        </direction-type>
        <staff>2</staff>
      </direction>
      <note default-x="102">
        <pitch>
          <step>G</step>
          <octave>3</octave>
        </pitch>
        <duration>2</duration>
        <voice>3</voice>
        <type>eighth</type>
        <stem default-y="0.5">up</stem>
        <staff>2</staff>
        <beam number="1">begin</beam>
      </note>
      <direction placement="below">
        <direction-type>
          <words default-y="-132" font-family="Times" relative-x="20">1</words>
        </direction-type>
        <staff>2</staff>
      </direction>
      <direction placement="below">
        <direction-type>
          <words default-y="-162" font-family="Times" relative-x="20">2</words>
        </direction-type>
        <staff>2</staff>
      </direction>
      <note default-x="226">
        <pitch>
          <step>D</step>
          <octave>4</octave>
        </pitch>
        <duration>2</duration>
        <voice>3</voice>
        <type>eighth</type>
        <stem default-y="0.5">up</stem>
        <staff>2</staff>
        <beam number="1">continue</beam>
      </note>
      <note default-x="226">
        <chord/>
        <pitch>
          <step>F</step>
          <octave>4</octave>
        </pitch>
        <duration>2</duration>
        <voice>3</voice>
        <type>eighth</type>
        <stem>up</stem>
        <staff>2</staff>
      </note>
      <note default-x="350">
        <pitch>
          <step>D</step>
          <octave>4</octave>
        </pitch>
        <duration>2</duration>
        <voice>3</voice>
        <type>eighth</type>
        <stem default-y="0.5">up</stem>
        <staff>2</staff>
        <beam number="1">continue</beam>
      </note>
      <note default-x="350">
        <chord/>
        <pitch>
          <step>F</step>
          <octave>4</octave>
        </pitch>
        <duration>2</duration>
        <voice>3</voice>
        <type>eighth</type>
        <stem>up</stem>
        <staff>2</staff>
      </note>
      <note default-x="474">
        <pitch>
          <step>D</step>
          <octave>4</octave>
        </pitch>
        <duration>2</duration>
        <voice>3</voice>
        <type>eighth</type>
        <stem default-y="0.5">up</stem>
        <staff>2</staff>
        <beam number="1">end</beam>
      </note>
      <note default-x="474">
        <chord/>
        <pitch>
          <step>F</step>
          <octave>4</octave>
        </pitch>
        <duration>2</duration>
        <voice>3</voice>
        <type>eighth</type>
        <stem>up</stem>
        <staff>2</staff>
      </note>
    </measure>
    <!--=======================================================-->
    <measure number="10" width="855">
      <direction placement="above">
        <direction-type>
          <words default-y="100" font-family="Times" relative-x="7">5</words>
        </direction-type>
        <staff>1</staff>
      </direction>
      <note default-x="21">
        <pitch>
          <step>C</step>
          <octave>6</octave>
        </pitch>
        <duration>1</duration>
        <voice>1</voice>
        <type>16th</type>
        <stem default-y="-62.5">down</stem>
        <staff>1</staff>
        <beam number="1">begin</beam>
        <beam number="2">begin</beam>
        <notations>
          <slur number="1" placement="above" type="start"/>
        </notations>
      </note>
      <note default-x="125">
        <pitch>
          <step>B</step>
          <octave>5</octave>
        </pitch>
        <duration>1</duration>
        <voice>1</voice>
        <type>16th</type>
        <stem default-y="-66.5">down</stem>
        <staff>1</staff>
        <beam number="1">continue</beam>
        <beam number="2">continue</beam>
      </note>
      <note default-x="229">
        <pitch>
          <step>A</step>
          <octave>5</octave>
        </pitch>
        <duration>1</duration>
        <voice>1</voice>
        <type>16th</type>
        <stem default-y="-71">down</stem>
        <staff>1</staff>
        <beam number="1">continue</beam>
        <beam number="2">continue</beam>
      </note>
      <note default-x="333">
        <pitch>
          <step>G</step>
          <octave>5</octave>
        </pitch>
        <duration>1</duration>
        <voice>1</voice>
        <type>16th</type>
        <stem default-y="-75">down</stem>
        <staff>1</staff>
        <beam number="1">end</beam>
        <beam number="2">end</beam>
      </note>
      <direction placement="above">
        <direction-type>
          <words default-y="50" font-family="Times" relative-x="6">1</words>
        </direction-type>
        <staff>1</staff>
      </direction>
      <note default-x="437">
        <pitch>
          <step>F</step>
          <octave>5</octave>
        </pitch>
        <duration>1</duration>
        <voice>1</voice>
        <type>16th</type>
        <stem default-y="-112.5">down</stem>
        <staff>1</staff>
        <beam number="1">begin</beam>
        <beam number="2">begin</beam>
      </note>
      <direction placement="above">
        <direction-type>
          <words default-y="37" font-family="Times" relative-x="26">3</words>
        </direction-type>
        <staff>1</staff>
      </direction>
      <note default-x="541">
        <pitch>
          <step>E</step>
          <octave>5</octave>
        </pitch>
        <duration>1</duration>
        <voice>1</voice>
        <type>16th</type>
        <stem default-y="-116.5">down</stem>
        <staff>1</staff>
        <beam number="1">continue</beam>
        <beam number="2">continue</beam>
      </note>
      <note default-x="647">
        <pitch>
          <step>D</step>
          <octave>5</octave>
        </pitch>
        <duration>1</duration>
        <voice>1</voice>
        <type>16th</type>
        <stem default-y="-120">down</stem>
        <staff>1</staff>
        <beam number="1">continue</beam>
        <beam number="2">continue</beam>
      </note>
      <note default-x="751">
        <pitch>
          <step>C</step>
          <octave>5</octave>
        </pitch>
        <duration>1</duration>
        <voice>1</voice>
        <type>16th</type>
        <stem default-y="-124">down</stem>
        <staff>1</staff>
        <beam number="1">end</beam>
        <beam number="2">end</beam>
      </note>
      <backup>
        <duration>8</duration>
      </backup>
      <note default-x="21">
        <pitch>
          <step>G</step>
          <octave>3</octave>
        </pitch>
        <duration>2</duration>
        <voice>3</voice>
        <type>eighth</type>
        <stem default-y="-12">up</stem>
        <staff>2</staff>
        <beam number="1">begin</beam>
      </note>
      <direction placement="below">
        <direction-type>
          <words default-y="-137" font-family="Times" relative-x="13">1</words>
        </direction-type>
        <staff>2</staff>
      </direction>
      <direction placement="below">
        <direction-type>
          <words default-y="-165" font-family="Times" relative-x="25">2</words>
        </direction-type>
        <staff>2</staff>
      </direction>
      <note default-x="229">
        <pitch>
          <step>C</step>
          <octave>4</octave>
        </pitch>
        <duration>2</duration>
        <voice>3</voice>
        <type>eighth</type>
        <stem default-y="-12">up</stem>
        <staff>2</staff>
        <beam number="1">continue</beam>
      </note>
      <note default-x="229">
        <chord/>
        <pitch>
          <step>E</step>
          <octave>4</octave>
        </pitch>
        <duration>2</duration>
        <voice>3</voice>
        <type>eighth</type>
        <stem>up</stem>
        <staff>2</staff>
      </note>
      <note default-x="437">
        <pitch>
          <step>C</step>
          <octave>4</octave>
        </pitch>
        <duration>2</duration>
        <voice>3</voice>
        <type>eighth</type>
        <stem default-y="-12">up</stem>
        <staff>2</staff>
        <beam number="1">continue</beam>
      </note>
      <note default-x="437">
        <chord/>
        <pitch>
          <step>E</step>
          <octave>4</octave>
        </pitch>
        <duration>2</duration>
        <voice>3</voice>
        <type>eighth</type>
        <stem>up</stem>
        <staff>2</staff>
      </note>
      <note default-x="647">
        <pitch>
          <step>C</step>
          <octave>4</octave>
        </pitch>
        <duration>2</duration>
        <voice>3</voice>
        <type>eighth</type>
        <stem default-y="-12">up</stem>
        <staff>2</staff>
        <beam number="1">end</beam>
      </note>
      <note default-x="647">
        <chord/>
        <pitch>
          <step>E</step>
          <octave>4</octave>
        </pitch>
        <duration>2</duration>
        <voice>3</voice>
        <type>eighth</type>
        <stem>up</stem>
        <staff>2</staff>
      </note>
    </measure>
    <!--=======================================================-->
    <measure number="11" width="427">
      <direction placement="above">
        <direction-type>
          <words default-y="25" font-family="Times" relative-x="14">2</words>
        </direction-type>
        <staff>1</staff>
      </direction>
      <note default-x="21">
        <pitch>
          <step>D</step>
          <octave>5</octave>
        </pitch>
        <duration>2</duration>
        <voice>2</voice>
        <type>eighth</type>
        <stem default-y="-112.5">down</stem>
        <staff>1</staff>
        <beam number="1">begin</beam>
        <notations>
          <slur number="1" type="stop"/>
        </notations>
      </note>
      <direction placement="above">
        <direction-type>
          <words default-y="27" font-family="Times" relative-x="20">2</words>
        </direction-type>
        <staff>1</staff>
      </direction>
      <note default-x="122">
        <pitch>
          <step>D</step>
          <octave>5</octave>
        </pitch>
        <duration>2</duration>
        <voice>2</voice>
        <type>eighth</type>
        <stem default-y="-112.5">down</stem>
        <staff>1</staff>
        <beam number="1">continue</beam>
        <notations>
          <slur number="1" placement="below" type="start"/>
        </notations>
      </note>
      <direction placement="above">
        <direction-type>
          <words default-y="57" font-family="Times" relative-x="15">5</words>
        </direction-type>
        <staff>1</staff>
      </direction>
      <note default-x="223">
        <pitch>
          <step>G</step>
          <octave>5</octave>
        </pitch>
        <duration>2</duration>
        <voice>2</voice>
        <type>eighth</type>
        <stem default-y="-112.5">down</stem>
        <staff>1</staff>
        <beam number="1">continue</beam>
      </note>
      <direction placement="above">
        <direction-type>
          <words default-y="27" font-family="Times" relative-x="16">4</words>
        </direction-type>
        <staff>1</staff>
      </direction>
      <note default-x="324">
        <pitch>
          <step>F</step>
          <octave>5</octave>
        </pitch>
        <duration>2</duration>
        <voice>2</voice>
        <type>eighth</type>
        <stem default-y="-112.5">down</stem>
        <staff>1</staff>
        <beam number="1">end</beam>
      </note>
      <backup>
        <duration>8</duration>
      </backup>
      <note default-x="21">
        <pitch>
          <step>G</step>
          <octave>3</octave>
        </pitch>
        <duration>2</duration>
        <voice>3</voice>
        <type>eighth</type>
        <stem default-y="0.5">up</stem>
        <staff>2</staff>
        <beam number="1">begin</beam>
      </note>
      <direction placement="below">
        <direction-type>
          <words default-y="-127" font-family="Times" relative-x="15">1</words>
        </direction-type>
        <staff>2</staff>
      </direction>
      <direction placement="below">
        <direction-type>
          <words default-y="-162" font-family="Times" relative-x="20">3</words>
        </direction-type>
        <staff>2</staff>
      </direction>
      <note default-x="122">
        <pitch>
          <step>D</step>
          <octave>4</octave>
        </pitch>
        <duration>2</duration>
        <voice>3</voice>
        <type>eighth</type>
        <stem default-y="0.5">up</stem>
        <staff>2</staff>
        <beam number="1">continue</beam>
      </note>
      <note default-x="122">
        <chord/>
        <pitch>
          <step>F</step>
          <octave>4</octave>
        </pitch>
        <duration>2</duration>
        <voice>3</voice>
        <type>eighth</type>
        <stem>up</stem>
        <staff>2</staff>
      </note>
      <note default-x="223">
        <pitch>
          <step>D</step>
          <octave>4</octave>
        </pitch>
        <duration>2</duration>
        <voice>3</voice>
        <type>eighth</type>
        <stem default-y="0.5">up</stem>
        <staff>2</staff>
        <beam number="1">continue</beam>
      </note>
      <note default-x="223">
        <chord/>
        <pitch>
          <step>F</step>
          <octave>4</octave>
        </pitch>
        <duration>2</duration>
        <voice>3</voice>
        <type>eighth</type>
        <stem>up</stem>
        <staff>2</staff>
      </note>
      <note default-x="324">
        <pitch>
          <step>D</step>
          <octave>4</octave>
        </pitch>
        <duration>2</duration>
        <voice>3</voice>
        <type>eighth</type>
        <stem default-y="0.5">up</stem>
        <staff>2</staff>
        <beam number="1">end</beam>
      </note>
      <note default-x="324">
        <chord/>
        <pitch>
          <step>F</step>
          <octave>4</octave>
        </pitch>
        <duration>2</duration>
        <voice>3</voice>
        <type>eighth</type>
        <stem>up</stem>
        <staff>2</staff>
      </note>
    </measure>
    <!--=======================================================-->
    <measure number="12" width="517">
      <direction placement="above">
        <direction-type>
          <words default-y="27" font-family="Times" relative-x="5">1</words>
        </direction-type>
        <staff>1</staff>
      </direction>
      <note default-x="21">
        <pitch>
          <step>E</step>
          <octave>5</octave>
        </pitch>
        <duration>4</duration>
        <voice>1</voice>
        <type>quarter</type>
        <stem default-y="-100">down</stem>
        <staff>1</staff>
      </note>
      <direction placement="above">
        <direction-type>
          <words default-y="42" font-family="Times" relative-x="5">2</words>
        </direction-type>
        <staff>1</staff>
      </direction>
      <note default-x="268">
        <pitch>
          <step>G</step>
          <octave>5</octave>
        </pitch>
        <duration>4</duration>
        <voice>1</voice>
        <type>quarter</type>
        <stem default-y="-76">down</stem>
        <staff>1</staff>
        <notations>
          <slur number="1" type="stop"/>
        </notations>
      </note>
      <backup>
        <duration>8</duration>
      </backup>
      <note default-x="21">
        <pitch>
          <step>G</step>
          <octave>3</octave>
        </pitch>
        <duration>2</duration>
        <voice>3</voice>
        <type>eighth</type>
        <stem default-y="-12">up</stem>
        <staff>2</staff>
        <beam number="1">begin</beam>
      </note>
      <note default-x="144">
        <pitch>
          <step>C</step>
          <octave>4</octave>
        </pitch>
        <duration>2</duration>
        <voice>3</voice>
        <type>eighth</type>
        <stem default-y="-12">up</stem>
        <staff>2</staff>
        <beam number="1">continue</beam>
      </note>
      <note default-x="144">
        <chord/>
        <pitch>
          <step>E</step>
          <octave>4</octave>
        </pitch>
        <duration>2</duration>
        <voice>3</voice>
        <type>eighth</type>
        <stem>up</stem>
        <staff>2</staff>
      </note>
      <note default-x="268">
        <pitch>
          <step>C</step>
          <octave>4</octave>
        </pitch>
        <duration>2</duration>
        <voice>3</voice>
        <type>eighth</type>
        <stem default-y="-12">up</stem>
        <staff>2</staff>
        <beam number="1">continue</beam>
      </note>
      <note default-x="268">
        <chord/>
        <pitch>
          <step>E</step>
          <octave>4</octave>
        </pitch>
        <duration>2</duration>
        <voice>3</voice>
        <type>eighth</type>
        <stem>up</stem>
        <staff>2</staff>
      </note>
      <note default-x="393">
        <pitch>
          <step>C</step>
          <octave>4</octave>
        </pitch>
        <duration>2</duration>
        <voice>3</voice>
        <type>eighth</type>
        <stem default-y="-12">up</stem>
        <staff>2</staff>
        <beam number="1">end</beam>
      </note>
      <note default-x="393">
        <chord/>
        <pitch>
          <step>E</step>
          <octave>4</octave>
        </pitch>
        <duration>2</duration>
        <voice>3</voice>
        <type>eighth</type>
        <stem>up</stem>
        <staff>2</staff>
      </note>
    </measure>
    <!--=======================================================-->
    <measure number="13" width="517">
      <direction placement="above">
        <direction-type>
          <words default-y="59" font-family="Times" relative-x="8">4</words>
        </direction-type>
        <staff>1</staff>
      </direction>
      <note default-x="21">
        <pitch>
          <step>B</step>
          <octave>5</octave>
        </pitch>
        <duration>2</duration>
        <voice>2</voice>
        <type>eighth</type>
        <stem default-y="-50">down</stem>
        <staff>1</staff>
        <beam number="1">begin</beam>
      </note>
      <note default-x="145">
        <pitch>
          <step>B</step>
          <octave>5</octave>
        </pitch>
        <duration>2</duration>
        <voice>2</voice>
        <type>eighth</type>
        <stem default-y="-50">down</stem>
        <staff>1</staff>
        <beam number="1">continue</beam>
      </note>
      <note default-x="269">
        <pitch>
          <step>B</step>
          <octave>5</octave>
        </pitch>
        <duration>2</duration>
        <voice>2</voice>
        <type>eighth</type>
        <stem default-y="-50">down</stem>
        <staff>1</staff>
        <beam number="1">continue</beam>
      </note>
      <note default-x="394">
        <pitch>
          <step>B</step>
          <octave>5</octave>
        </pitch>
        <duration>2</duration>
        <voice>2</voice>
        <type>eighth</type>
        <stem default-y="-50">down</stem>
        <staff>1</staff>
        <beam number="1">end</beam>
      </note>
      <backup>
        <duration>8</duration>
      </backup>
      <note default-x="21">
        <pitch>
          <step>G</step>
          <octave>3</octave>
        </pitch>
        <duration>2</duration>
        <voice>3</voice>
        <type>eighth</type>
        <stem default-y="0.5">up</stem>
        <staff>2</staff>
        <beam number="1">begin</beam>
      </note>
      <note default-x="145">
        <pitch>
          <step>D</step>
          <octave>4</octave>
        </pitch>
        <duration>2</duration>
        <voice>3</voice>
        <type>eighth</type>
        <stem default-y="0.5">up</stem>
        <staff>2</staff>
        <beam number="1">continue</beam>
      </note>
      <note default-x="145">
        <chord/>
        <pitch>
          <step>F</step>
          <octave>4</octave>
        </pitch>
        <duration>2</duration>
        <voice>3</voice>
        <type>eighth</type>
        <stem>up</stem>
        <staff>2</staff>
      </note>
      <note default-x="269">
        <pitch>
          <step>D</step>
          <octave>4</octave>
        </pitch>
        <duration>2</duration>
        <voice>3</voice>
        <type>eighth</type>
        <stem default-y="0.5">up</stem>
        <staff>2</staff>
        <beam number="1">continue</beam>
      </note>
      <note default-x="269">
        <chord/>
        <pitch>
          <step>F</step>
          <octave>4</octave>
        </pitch>
        <duration>2</duration>
        <voice>3</voice>
        <type>eighth</type>
        <stem>up</stem>
        <staff>2</staff>
      </note>
      <note default-x="394">
        <pitch>
          <step>D</step>
          <octave>4</octave>
        </pitch>
        <duration>2</duration>
        <voice>3</voice>
        <type>eighth</type>
        <stem default-y="0.5">up</stem>
        <staff>2</staff>
        <beam number="1">end</beam>
      </note>
      <note default-x="394">
        <chord/>
        <pitch>
          <step>F</step>
          <octave>4</octave>
        </pitch>
        <duration>2</duration>
        <voice>3</voice>
        <type>eighth</type>
        <stem>up</stem>
        <staff>2</staff>
      </note>
    </measure>
    <!--=======================================================-->
    <measure number="14" width="855">
      <note default-x="21">
        <pitch>
          <step>C</step>
          <octave>6</octave>
        </pitch>
        <duration>1</duration>
        <voice>1</voice>
        <type>16th</type>
        <stem default-y="-62.5">down</stem>
        <staff>1</staff>
        <beam number="1">begin</beam>
        <beam number="2">begin</beam>
        <notations>
          <slur number="1" placement="above" type="start"/>
        </notations>
      </note>
      <note default-x="125">
        <pitch>
          <step>B</step>
          <octave>5</octave>
        </pitch>
        <duration>1</duration>
        <voice>1</voice>
        <type>16th</type>
        <stem default-y="-66.5">down</stem>
        <staff>1</staff>
        <beam number="1">continue</beam>
        <beam number="2">continue</beam>
      </note>
      <note default-x="229">
        <pitch>
          <step>A</step>
          <octave>5</octave>
        </pitch>
        <duration>1</duration>
        <voice>1</voice>
        <type>16th</type>
        <stem default-y="-71">down</stem>
        <staff>1</staff>
        <beam number="1">continue</beam>
        <beam number="2">continue</beam>
      </note>
      <note default-x="333">
        <pitch>
          <step>G</step>
          <octave>5</octave>
        </pitch>
        <duration>1</duration>
        <voice>1</voice>
        <type>16th</type>
        <stem default-y="-75">down</stem>
        <staff>1</staff>
        <beam number="1">end</beam>
        <beam number="2">end</beam>
      </note>
      <note default-x="437">
        <pitch>
          <step>F</step>
          <octave>5</octave>
        </pitch>
        <duration>1</duration>
        <voice>1</voice>
        <type>16th</type>
        <stem default-y="-112.5">down</stem>
        <staff>1</staff>
        <beam number="1">begin</beam>
        <beam number="2">begin</beam>
      </note>
      <direction placement="above">
        <direction-type>
          <words default-y="22" font-family="Times" relative-x="28">3</words>
        </direction-type>
        <staff>1</staff>
      </direction>
      <note default-x="541">
        <pitch>
          <step>E</step>
          <octave>5</octave>
        </pitch>
        <duration>1</duration>
        <voice>1</voice>
        <type>16th</type>
        <stem default-y="-116.5">down</stem>
        <staff>1</staff>
        <beam number="1">continue</beam>
        <beam number="2">continue</beam>
      </note>
      <note default-x="647">
        <pitch>
          <step>D</step>
          <octave>5</octave>
        </pitch>
        <duration>1</duration>
        <voice>1</voice>
        <type>16th</type>
        <stem default-y="-120">down</stem>
        <staff>1</staff>
        <beam number="1">continue</beam>
        <beam number="2">continue</beam>
      </note>
      <note default-x="751">
        <pitch>
          <step>C</step>
          <octave>5</octave>
        </pitch>
        <duration>1</duration>
        <voice>1</voice>
        <type>16th</type>
        <stem default-y="-124">down</stem>
        <staff>1</staff>
        <beam number="1">end</beam>
        <beam number="2">end</beam>
      </note>
      <backup>
        <duration>8</duration>
      </backup>
      <note default-x="21">
        <pitch>
          <step>G</step>
          <octave>3</octave>
        </pitch>
        <duration>2</duration>
        <voice>3</voice>
        <type>eighth</type>
        <stem default-y="-12">up</stem>
        <staff>2</staff>
        <beam number="1">begin</beam>
      </note>
      <note default-x="229">
        <pitch>
          <step>C</step>
          <octave>4</octave>
        </pitch>
        <duration>2</duration>
        <voice>3</voice>
        <type>eighth</type>
        <stem default-y="-12">up</stem>
        <staff>2</staff>
        <beam number="1">continue</beam>
      </note>
      <note default-x="229">
        <chord/>
        <pitch>
          <step>E</step>
          <octave>4</octave>
        </pitch>
        <duration>2</duration>
        <voice>3</voice>
        <type>eighth</type>
        <stem>up</stem>
        <staff>2</staff>
      </note>
      <note default-x="437">
        <pitch>
          <step>C</step>
          <octave>4</octave>
        </pitch>
        <duration>2</duration>
        <voice>3</voice>
        <type>eighth</type>
        <stem default-y="-12">up</stem>
        <staff>2</staff>
        <beam number="1">continue</beam>
      </note>
      <note default-x="437">
        <chord/>
        <pitch>
          <step>E</step>
          <octave>4</octave>
        </pitch>
        <duration>2</duration>
        <voice>3</voice>
        <type>eighth</type>
        <stem>up</stem>
        <staff>2</staff>
      </note>
      <note default-x="647">
        <pitch>
          <step>C</step>
          <octave>4</octave>
        </pitch>
        <duration>2</duration>
        <voice>3</voice>
        <type>eighth</type>
        <stem default-y="-12">up</stem>
        <staff>2</staff>
        <beam number="1">end</beam>
      </note>
      <note default-x="647">
        <chord/>
        <pitch>
          <step>E</step>
          <octave>4</octave>
        </pitch>
        <duration>2</duration>
        <voice>3</voice>
        <type>eighth</type>
        <stem>up</stem>
        <staff>2</staff>
      </note>
    </measure>
    <!--=======================================================-->
    <measure number="15" width="517">
      <direction placement="above">
        <direction-type>
          <words default-y="20" font-family="Times" relative-x="8">2</words>
        </direction-type>
        <staff>1</staff>
      </direction>
      <note default-x="21">
        <pitch>
          <step>D</step>
          <octave>5</octave>
        </pitch>
        <duration>2</duration>
        <voice>1</voice>
        <type>eighth</type>
        <stem default-y="-112.5">down</stem>
        <staff>1</staff>
        <beam number="1">begin</beam>
        <notations>
          <slur number="1" type="stop"/>
        </notations>
      </note>
      <note default-x="144">
        <pitch>
          <step>G</step>
          <octave>5</octave>
        </pitch>
        <duration>2</duration>
        <voice>1</voice>
        <type>eighth</type>
        <stem default-y="-100">down</stem>
        <staff>1</staff>
        <beam number="1">end</beam>
        <notations>
          <slur bezier-x="96" bezier-y="83" default-x="16" default-y="31" number="1" placement="above" type="start"/>
        </notations>
      </note>
      <note default-x="268">
        <pitch>
          <step>F</step>
          <octave>5</octave>
        </pitch>
        <duration>2</duration>
        <voice>1</voice>
        <type>eighth</type>
        <stem default-y="-100">down</stem>
        <staff>1</staff>
        <beam number="1">begin</beam>
      </note>
      <note default-x="392">
        <pitch>
          <step>D</step>
          <octave>5</octave>
        </pitch>
        <duration>2</duration>
        <voice>1</voice>
        <type>eighth</type>
        <stem default-y="-112.5">down</stem>
        <staff>1</staff>
        <beam number="1">end</beam>
      </note>
      <backup>
        <duration>8</duration>
      </backup>
      <note default-x="21">
        <pitch>
          <step>G</step>
          <octave>3</octave>
        </pitch>
        <duration>2</duration>
        <voice>3</voice>
        <type>eighth</type>
        <stem default-y="0.5">up</stem>
        <staff>2</staff>
        <beam number="1">begin</beam>
      </note>
      <direction placement="below">
        <direction-type>
          <words default-y="-190" font-family="Times" relative-x="13">3</words>
        </direction-type>
        <staff>2</staff>
      </direction>
      <note default-x="144">
        <pitch>
          <step>B</step>
          <octave>3</octave>
        </pitch>
        <duration>2</duration>
        <voice>3</voice>
        <type>eighth</type>
        <stem default-y="0.5">up</stem>
        <staff>2</staff>
        <beam number="1">continue</beam>
      </note>
      <note default-x="144">
        <chord/>
        <pitch>
          <step>F</step>
          <octave>4</octave>
        </pitch>
        <duration>2</duration>
        <voice>3</voice>
        <type>eighth</type>
        <stem>up</stem>
        <staff>2</staff>
      </note>
      <note default-x="268">
        <pitch>
          <step>B</step>
          <octave>3</octave>
        </pitch>
        <duration>2</duration>
        <voice>3</voice>
        <type>eighth</type>
        <stem default-y="0.5">up</stem>
        <staff>2</staff>
        <beam number="1">continue</beam>
      </note>
      <note default-x="268">
        <chord/>
        <pitch>
          <step>F</step>
          <octave>4</octave>
        </pitch>
        <duration>2</duration>
        <voice>3</voice>
        <type>eighth</type>
        <stem>up</stem>
        <staff>2</staff>
      </note>
      <note default-x="392">
        <pitch>
          <step>B</step>
          <octave>3</octave>
        </pitch>
        <duration>2</duration>
        <voice>3</voice>
        <type>eighth</type>
        <stem default-y="0.5">up</stem>
        <staff>2</staff>
        <beam number="1">end</beam>
      </note>
      <note default-x="392">
        <chord/>
        <pitch>
          <step>F</step>
          <octave>4</octave>
        </pitch>
        <duration>2</duration>
        <voice>3</voice>
        <type>eighth</type>
        <stem>up</stem>
        <staff>2</staff>
      </note>
    </measure>
    <!--=======================================================-->
    <measure number="16" width="394">
      <note default-x="21">
        <pitch>
          <step>C</step>
          <octave>5</octave>
        </pitch>
        <duration>2</duration>
        <voice>1</voice>
        <type>eighth</type>
        <stem default-y="-124">down</stem>
        <staff>1</staff>
        <beam number="1">begin</beam>
      </note>
      <note default-x="114">
        <pitch>
          <step>E</step>
          <octave>5</octave>
        </pitch>
        <duration>2</duration>
        <voice>1</voice>
        <type>eighth</type>
        <stem default-y="-112.5">down</stem>
        <staff>1</staff>
        <beam number="1">end</beam>
      </note>
      <note default-x="208">
        <pitch>
          <step>C</step>
          <octave>5</octave>
        </pitch>
        <duration>4</duration>
        <voice>1</voice>
        <type>quarter</type>
        <stem default-y="-125">down</stem>
        <staff>1</staff>
        <notations>
          <slur bezier-x="-94" bezier-y="97" default-x="16" default-y="-12" number="1" type="stop"/>
        </notations>
      </note>
      <backup>
        <duration>8</duration>
      </backup>
      <direction placement="below">
        <direction-type>
          <words default-y="-165" font-family="Times" relative-x="8">2</words>
        </direction-type>
        <staff>2</staff>
      </direction>
      <direction placement="below">
        <direction-type>
          <words default-y="-197" font-family="Times" relative-x="20">4</words>
        </direction-type>
        <staff>2</staff>
      </direction>
      <note default-x="21">
        <pitch>
          <step>C</step>
          <octave>4</octave>
        </pitch>
        <duration>2</duration>
        <voice>3</voice>
        <type>eighth</type>
        <stem default-y="0.5">up</stem>
        <staff>2</staff>
        <beam number="1">begin</beam>
      </note>
      <note default-x="21">
        <chord/>
        <pitch>
          <step>E</step>
          <octave>4</octave>
        </pitch>
        <duration>2</duration>
        <voice>3</voice>
        <type>eighth</type>
        <stem>up</stem>
        <staff>2</staff>
      </note>
      <note default-x="114">
        <pitch>
          <step>G</step>
          <octave>4</octave>
        </pitch>
        <duration>2</duration>
        <voice>3</voice>
        <type>eighth</type>
        <stem default-y="13">up</stem>
        <staff>2</staff>
        <beam number="1">end</beam>
      </note>
      <note default-x="208">
        <pitch>
          <step>C</step>
          <octave>4</octave>
        </pitch>
        <duration>4</duration>
        <voice>3</voice>
        <type>quarter</type>
        <stem default-y="-11">up</stem>
        <staff>2</staff>
      </note>
      <note default-x="208">
        <chord/>
        <pitch>
          <step>E</step>
          <octave>4</octave>
        </pitch>
        <duration>4</duration>
        <voice>3</voice>
        <type>quarter</type>
        <stem>up</stem>
        <staff>2</staff>
      </note>
      <barline location="right">
        <bar-style>light-heavy</bar-style>
        <repeat direction="backward" winged="none"/>
      </barline>
    </measure>
  </part>
  <!--=========================================================-->
</score-partwise>
