<?xml version="1.0" encoding="UTF-8" standalone="no"?>
<!DOCTYPE score-partwise PUBLIC "-//Recordare//DTD MusicXML 3.0 Partwise//EN" "http://www.musicxml.org/dtds/partwise.dtd">
<score-partwise version="3.0">
  <movement-title>Czerny No. 48</movement-title>
  <identification>
    <encoding>
      <software>PrintMusic 2014 for Windows</software>
      <software>Dolet Light for PrintMusic 2014</software>
      <encoding-date>2014-11-10</encoding-date>
      <supports attribute="new-system" element="print" type="yes" value="yes"/>
      <supports attribute="new-page" element="print" type="yes" value="yes"/>
      <supports element="accidental" type="yes"/>
      <supports element="beam" type="yes"/>
      <supports element="stem" type="yes"/>
    </encoding>
  </identification>
  <defaults>
    <scaling>
      <millimeters>6.0113</millimeters>
      <tenths>40</tenths>
    </scaling>
    <page-layout>
      <page-height>3836</page-height>
      <page-width>2775</page-width>
      <page-margins type="both">
        <left-margin>85</left-margin>
        <right-margin>85</right-margin>
        <top-margin>106</top-margin>
        <bottom-margin>106</bottom-margin>
      </page-margins>
    </page-layout>
    <system-layout>
      <system-margins>
        <left-margin>0</left-margin>
        <right-margin>0</right-margin>
      </system-margins>
      <system-distance>103</system-distance>
      <top-system-distance>60</top-system-distance>
    </system-layout>
    <staff-layout>
      <staff-distance>80</staff-distance>
    </staff-layout>
    <appearance>
      <line-width type="stem">0.7487</line-width>
      <line-width type="beam">5</line-width>
      <line-width type="staff">0.7487</line-width>
      <line-width type="light barline">0.7487</line-width>
      <line-width type="heavy barline">5</line-width>
      <line-width type="leger">0.7487</line-width>
      <line-width type="ending">0.7487</line-width>
      <line-width type="wedge">0.7487</line-width>
      <line-width type="enclosure">0.7487</line-width>
      <line-width type="tuplet bracket">0.7487</line-width>
      <note-size type="grace">60</note-size>
      <note-size type="cue">60</note-size>
      <distance type="hyphen">120</distance>
      <distance type="beam">8</distance>
    </appearance>
    <music-font font-family="Maestro,engraved" font-size="17"/>
    <word-font font-family="Times New Roman" font-size="8.5"/>
  </defaults>
  <credit page="1">
    <credit-words default-x="1321" default-y="3739" font-size="17" justify="center" valign="top">Czerny No. 48</credit-words>
  </credit>
  <part-list>
    <score-part id="P1">
      <part-name>Piano</part-name>
      <part-abbreviation>Pno</part-abbreviation>
      <score-instrument id="P1-I1">
        <instrument-name>Grand Piano</instrument-name>
      </score-instrument>
      <midi-instrument id="P1-I1">
        <midi-channel>2</midi-channel>
        <midi-program>1</midi-program>
        <volume>78</volume>
        <pan>0</pan>
      </midi-instrument>
    </score-part>
  </part-list>
  <!--=========================================================-->
  <part id="P1">
    <measure number="1" width="484">
      <print>
        <page-layout>
          <page-height>3836</page-height>
          <page-width>2775</page-width>
          <page-margins>
            <left-margin>57</left-margin>
            <right-margin>83</right-margin>
            <top-margin>127</top-margin>
            <bottom-margin>63</bottom-margin>
          </page-margins>
        </page-layout>
        <system-layout>
          <system-margins>
            <left-margin>194</left-margin>
            <right-margin>3</right-margin>
          </system-margins>
          <top-system-distance>110</top-system-distance>
        </system-layout>
        <staff-layout number="2">
          <staff-distance>176</staff-distance>
        </staff-layout>
        <measure-numbering>system</measure-numbering>
      </print>
      <attributes>
        <divisions>8</divisions>
        <key>
          <fifths>-2</fifths>
          <mode>major</mode>
        </key>
        <time>
          <beats>2</beats>
          <beat-type>4</beat-type>
        </time>
        <staves>2</staves>
        <clef number="1">
          <sign>G</sign>
          <line>2</line>
        </clef>
        <clef number="2">
          <sign>F</sign>
          <line>4</line>
        </clef>
        <staff-details number="1">
          <staff-size>231</staff-size>
        </staff-details>
        <staff-details number="2">
          <staff-size>231</staff-size>
        </staff-details>
      </attributes>
      <sound tempo="120"/>
      <direction placement="below">
        <direction-type>
          <dynamics default-y="-196" halign="center">
            <p/>
          </dynamics>
        </direction-type>
        <staff>1</staff>
        <sound dynamics="54"/>
      </direction>
      <direction placement="above">
        <direction-type>
          <words default-y="41" font-family="Times" relative-x="15">3</words>
        </direction-type>
        <staff>1</staff>
      </direction>
      <direction placement="above">
        <direction-type>
          <words default-y="72" font-family="Times" relative-x="15">5</words>
        </direction-type>
        <staff>1</staff>
      </direction>
      <direction directive="yes" placement="above">
        <direction-type>
          <words default-y="92" font-size="22.9" font-weight="bold">Allegretto</words>
        </direction-type>
        <staff>1</staff>
      </direction>
      <note default-x="212">
        <pitch>
          <step>D</step>
          <octave>5</octave>
        </pitch>
        <duration>4</duration>
        <voice>1</voice>
        <type>eighth</type>
        <stem default-y="-127">down</stem>
        <staff>1</staff>
        <beam number="1">begin</beam>
        <notations>
          <slur number="1" placement="above" type="start"/>
        </notations>
      </note>
      <note default-x="212">
        <chord/>
        <pitch>
          <step>F</step>
          <octave>5</octave>
        </pitch>
        <duration>4</duration>
        <voice>1</voice>
        <type>eighth</type>
        <stem>down</stem>
        <staff>1</staff>
      </note>
      <direction placement="above">
        <direction-type>
          <words default-y="12" font-family="Times" relative-x="16">2</words>
        </direction-type>
        <staff>1</staff>
      </direction>
      <direction placement="above">
        <direction-type>
          <words default-y="35" font-family="Times" relative-x="16">4</words>
        </direction-type>
        <staff>1</staff>
      </direction>
      <note default-x="279">
        <pitch>
          <step>B</step>
          <alter>-1</alter>
          <octave>4</octave>
        </pitch>
        <duration>4</duration>
        <voice>1</voice>
        <type>eighth</type>
        <stem default-y="-127">down</stem>
        <staff>1</staff>
        <beam number="1">continue</beam>
        <notations>
          <slur number="1" type="stop"/>
        </notations>
      </note>
      <note default-x="279">
        <chord/>
        <pitch>
          <step>D</step>
          <octave>5</octave>
        </pitch>
        <duration>4</duration>
        <voice>1</voice>
        <type>eighth</type>
        <stem>down</stem>
        <staff>1</staff>
      </note>
      <note default-x="348">
        <pitch>
          <step>B</step>
          <alter>-1</alter>
          <octave>4</octave>
        </pitch>
        <duration>4</duration>
        <voice>1</voice>
        <type>eighth</type>
        <stem default-y="-127">down</stem>
        <staff>1</staff>
        <beam number="1">continue</beam>
        <notations>
          <articulations>
            <staccato default-x="-337" default-y="8" placement="above"/>
          </articulations>
        </notations>
      </note>
      <note default-x="348">
        <chord/>
        <pitch>
          <step>D</step>
          <octave>5</octave>
        </pitch>
        <duration>4</duration>
        <voice>1</voice>
        <type>eighth</type>
        <stem>down</stem>
        <staff>1</staff>
      </note>
      <note default-x="415">
        <pitch>
          <step>B</step>
          <alter>-1</alter>
          <octave>4</octave>
        </pitch>
        <duration>4</duration>
        <voice>1</voice>
        <type>eighth</type>
        <stem default-y="-127">down</stem>
        <staff>1</staff>
        <beam number="1">end</beam>
        <notations>
          <articulations>
            <staccato default-x="-375" default-y="8" placement="above"/>
          </articulations>
        </notations>
      </note>
      <note default-x="415">
        <chord/>
        <pitch>
          <step>D</step>
          <octave>5</octave>
        </pitch>
        <duration>4</duration>
        <voice>1</voice>
        <type>eighth</type>
        <stem>down</stem>
        <staff>1</staff>
      </note>
      <backup>
        <duration>16</duration>
      </backup>
      <direction placement="below">
        <direction-type>
          <words default-y="-96" font-family="Times" relative-x="6">1</words>
        </direction-type>
        <staff>2</staff>
      </direction>
      <direction placement="below">
        <direction-type>
          <words default-y="-117" font-family="Times">4</words>
        </direction-type>
        <staff>2</staff>
      </direction>
      <note default-x="212">
        <pitch>
          <step>B</step>
          <alter>-1</alter>
          <octave>3</octave>
        </pitch>
        <duration>12</duration>
        <voice>2</voice>
        <type>quarter</type>
        <dot/>
        <stem default-y="-70">down</stem>
        <staff>2</staff>
      </note>
      <note default-x="212">
        <chord/>
        <pitch>
          <step>F</step>
          <octave>4</octave>
        </pitch>
        <duration>12</duration>
        <voice>2</voice>
        <type>quarter</type>
        <dot/>
        <stem>down</stem>
        <staff>2</staff>
      </note>
      <note default-x="415">
        <pitch>
          <step>B</step>
          <alter>-1</alter>
          <octave>3</octave>
        </pitch>
        <duration>4</duration>
        <voice>2</voice>
        <type>eighth</type>
        <stem default-y="-70">down</stem>
        <staff>2</staff>
      </note>
      <note default-x="415">
        <chord/>
        <pitch>
          <step>F</step>
          <octave>4</octave>
        </pitch>
        <duration>4</duration>
        <voice>2</voice>
        <type>eighth</type>
        <stem>down</stem>
        <staff>2</staff>
      </note>
    </measure>
    <!--=======================================================-->
    <measure number="2" width="293">
      <note default-x="20">
        <pitch>
          <step>D</step>
          <octave>5</octave>
        </pitch>
        <duration>4</duration>
        <voice>1</voice>
        <type>eighth</type>
        <stem default-y="-127">down</stem>
        <staff>1</staff>
        <beam number="1">begin</beam>
        <notations>
          <slur number="1" placement="above" type="start"/>
        </notations>
      </note>
      <note default-x="20">
        <chord/>
        <pitch>
          <step>F</step>
          <octave>5</octave>
        </pitch>
        <duration>4</duration>
        <voice>1</voice>
        <type>eighth</type>
        <stem>down</stem>
        <staff>1</staff>
      </note>
      <note default-x="87">
        <pitch>
          <step>B</step>
          <alter>-1</alter>
          <octave>4</octave>
        </pitch>
        <duration>4</duration>
        <voice>1</voice>
        <type>eighth</type>
        <stem default-y="-127">down</stem>
        <staff>1</staff>
        <beam number="1">continue</beam>
        <notations>
          <slur number="1" type="stop"/>
        </notations>
      </note>
      <note default-x="87">
        <chord/>
        <pitch>
          <step>D</step>
          <octave>5</octave>
        </pitch>
        <duration>4</duration>
        <voice>1</voice>
        <type>eighth</type>
        <stem>down</stem>
        <staff>1</staff>
      </note>
      <note default-x="156">
        <pitch>
          <step>B</step>
          <alter>-1</alter>
          <octave>4</octave>
        </pitch>
        <duration>4</duration>
        <voice>1</voice>
        <type>eighth</type>
        <stem default-y="-127">down</stem>
        <staff>1</staff>
        <beam number="1">continue</beam>
        <notations>
          <articulations>
            <staccato default-x="-502" default-y="8" placement="above"/>
          </articulations>
        </notations>
      </note>
      <note default-x="156">
        <chord/>
        <pitch>
          <step>D</step>
          <octave>5</octave>
        </pitch>
        <duration>4</duration>
        <voice>1</voice>
        <type>eighth</type>
        <stem>down</stem>
        <staff>1</staff>
      </note>
      <note default-x="224">
        <pitch>
          <step>B</step>
          <alter>-1</alter>
          <octave>4</octave>
        </pitch>
        <duration>4</duration>
        <voice>1</voice>
        <type>eighth</type>
        <stem default-y="-127">down</stem>
        <staff>1</staff>
        <beam number="1">end</beam>
        <notations>
          <articulations>
            <staccato default-x="-541" default-y="8" placement="above"/>
          </articulations>
        </notations>
      </note>
      <note default-x="224">
        <chord/>
        <pitch>
          <step>D</step>
          <octave>5</octave>
        </pitch>
        <duration>4</duration>
        <voice>1</voice>
        <type>eighth</type>
        <stem>down</stem>
        <staff>1</staff>
      </note>
      <backup>
        <duration>16</duration>
      </backup>
      <note default-x="20">
        <pitch>
          <step>B</step>
          <alter>-1</alter>
          <octave>3</octave>
        </pitch>
        <duration>12</duration>
        <voice>2</voice>
        <type>quarter</type>
        <dot/>
        <stem default-y="-70">down</stem>
        <staff>2</staff>
      </note>
      <note default-x="20">
        <chord/>
        <pitch>
          <step>F</step>
          <octave>4</octave>
        </pitch>
        <duration>12</duration>
        <voice>2</voice>
        <type>quarter</type>
        <dot/>
        <stem>down</stem>
        <staff>2</staff>
      </note>
      <note default-x="224">
        <pitch>
          <step>B</step>
          <alter>-1</alter>
          <octave>3</octave>
        </pitch>
        <duration>4</duration>
        <voice>2</voice>
        <type>eighth</type>
        <stem default-y="-70">down</stem>
        <staff>2</staff>
      </note>
      <note default-x="224">
        <chord/>
        <pitch>
          <step>F</step>
          <octave>4</octave>
        </pitch>
        <duration>4</duration>
        <voice>2</voice>
        <type>eighth</type>
        <stem>down</stem>
        <staff>2</staff>
      </note>
    </measure>
    <!--=======================================================-->
    <measure number="3" width="282">
      <direction placement="above">
        <direction-type>
          <words default-y="33" font-family="Times" relative-x="13">3</words>
        </direction-type>
        <staff>1</staff>
      </direction>
      <direction placement="above">
        <direction-type>
          <words default-y="56" font-family="Times" relative-x="13">5</words>
        </direction-type>
        <staff>1</staff>
      </direction>
      <note default-x="20">
        <pitch>
          <step>D</step>
          <octave>5</octave>
        </pitch>
        <duration>4</duration>
        <voice>1</voice>
        <type>eighth</type>
        <stem default-y="-127">down</stem>
        <staff>1</staff>
        <beam number="1">begin</beam>
        <notations>
          <articulations>
            <staccato default-x="-591" default-y="24" placement="above"/>
          </articulations>
        </notations>
      </note>
      <note default-x="20">
        <chord/>
        <pitch>
          <step>F</step>
          <octave>5</octave>
        </pitch>
        <duration>4</duration>
        <voice>1</voice>
        <type>eighth</type>
        <stem>down</stem>
        <staff>1</staff>
      </note>
      <direction placement="above">
        <direction-type>
          <words default-y="21" font-family="Times" relative-x="16">2</words>
        </direction-type>
        <staff>1</staff>
      </direction>
      <direction placement="above">
        <direction-type>
          <words default-y="44" font-family="Times" relative-x="18">4</words>
        </direction-type>
        <staff>1</staff>
      </direction>
      <note default-x="86">
        <pitch>
          <step>B</step>
          <alter>-1</alter>
          <octave>4</octave>
        </pitch>
        <duration>4</duration>
        <voice>1</voice>
        <type>eighth</type>
        <stem default-y="-127">down</stem>
        <staff>1</staff>
        <beam number="1">continue</beam>
        <notations>
          <articulations>
            <staccato default-x="-629" default-y="8" placement="above"/>
          </articulations>
        </notations>
      </note>
      <note default-x="86">
        <chord/>
        <pitch>
          <step>D</step>
          <octave>5</octave>
        </pitch>
        <duration>4</duration>
        <voice>1</voice>
        <type>eighth</type>
        <stem>down</stem>
        <staff>1</staff>
      </note>
      <note default-x="150">
        <pitch>
          <step>D</step>
          <octave>5</octave>
        </pitch>
        <duration>4</duration>
        <voice>1</voice>
        <type>eighth</type>
        <stem default-y="-127">down</stem>
        <staff>1</staff>
        <beam number="1">continue</beam>
        <notations>
          <articulations>
            <staccato default-x="-665" default-y="24" placement="above"/>
          </articulations>
        </notations>
      </note>
      <note default-x="150">
        <chord/>
        <pitch>
          <step>F</step>
          <octave>5</octave>
        </pitch>
        <duration>4</duration>
        <voice>1</voice>
        <type>eighth</type>
        <stem>down</stem>
        <staff>1</staff>
      </note>
      <note default-x="216">
        <pitch>
          <step>B</step>
          <alter>-1</alter>
          <octave>4</octave>
        </pitch>
        <duration>4</duration>
        <voice>1</voice>
        <type>eighth</type>
        <stem default-y="-127">down</stem>
        <staff>1</staff>
        <beam number="1">end</beam>
        <notations>
          <articulations>
            <staccato default-x="-702" default-y="8" placement="above"/>
          </articulations>
        </notations>
      </note>
      <note default-x="216">
        <chord/>
        <pitch>
          <step>D</step>
          <octave>5</octave>
        </pitch>
        <duration>4</duration>
        <voice>1</voice>
        <type>eighth</type>
        <stem>down</stem>
        <staff>1</staff>
      </note>
      <backup>
        <duration>16</duration>
      </backup>
      <note default-x="20">
        <pitch>
          <step>B</step>
          <alter>-1</alter>
          <octave>3</octave>
        </pitch>
        <duration>8</duration>
        <voice>2</voice>
        <type>quarter</type>
        <stem default-y="-70">down</stem>
        <staff>2</staff>
      </note>
      <note default-x="20">
        <chord/>
        <pitch>
          <step>F</step>
          <octave>4</octave>
        </pitch>
        <duration>8</duration>
        <voice>2</voice>
        <type>quarter</type>
        <stem>down</stem>
        <staff>2</staff>
      </note>
      <note default-x="150">
        <pitch>
          <step>B</step>
          <alter>-1</alter>
          <octave>3</octave>
        </pitch>
        <duration>8</duration>
        <voice>2</voice>
        <type>quarter</type>
        <stem default-y="-70">down</stem>
        <staff>2</staff>
      </note>
      <note default-x="150">
        <chord/>
        <pitch>
          <step>F</step>
          <octave>4</octave>
        </pitch>
        <duration>8</duration>
        <voice>2</voice>
        <type>quarter</type>
        <stem>down</stem>
        <staff>2</staff>
      </note>
    </measure>
    <!--=======================================================-->
    <measure number="4" width="220">
      <direction placement="above">
        <direction-type>
          <words default-y="21" font-family="Times" relative-x="14">1</words>
        </direction-type>
        <staff>1</staff>
      </direction>
      <direction placement="above">
        <direction-type>
          <words default-y="44" font-family="Times" relative-x="16">5</words>
        </direction-type>
        <staff>1</staff>
      </direction>
      <note default-x="21">
        <pitch>
          <step>C</step>
          <octave>5</octave>
        </pitch>
        <duration>4</duration>
        <voice>1</voice>
        <type>eighth</type>
        <stem default-y="-115.5">down</stem>
        <staff>1</staff>
        <beam number="1">begin</beam>
        <notations>
          <slur number="1" placement="above" type="start"/>
        </notations>
      </note>
      <note default-x="21">
        <chord/>
        <pitch>
          <step>F</step>
          <octave>5</octave>
        </pitch>
        <duration>4</duration>
        <voice>1</voice>
        <type>eighth</type>
        <stem>down</stem>
        <staff>1</staff>
      </note>
      <direction placement="above">
        <direction-type>
          <words default-y="25" font-family="Times" relative-x="10">3</words>
        </direction-type>
        <staff>1</staff>
      </direction>
      <note default-x="75">
        <pitch>
          <step>E</step>
          <alter>-1</alter>
          <octave>5</octave>
        </pitch>
        <duration>4</duration>
        <voice>1</voice>
        <type>eighth</type>
        <stem default-y="-104">down</stem>
        <staff>1</staff>
        <beam number="1">end</beam>
        <notations>
          <slur number="1" type="stop"/>
        </notations>
      </note>
      <direction placement="above">
        <direction-type>
          <words default-y="18" font-family="Times" relative-x="14">1</words>
        </direction-type>
        <staff>1</staff>
      </direction>
      <direction placement="above">
        <direction-type>
          <words default-y="41" font-family="Times" relative-x="12">2</words>
        </direction-type>
        <staff>1</staff>
      </direction>
      <note default-x="131">
        <pitch>
          <step>C</step>
          <octave>5</octave>
        </pitch>
        <duration>8</duration>
        <voice>1</voice>
        <type>quarter</type>
        <stem default-y="-116">down</stem>
        <staff>1</staff>
      </note>
      <note default-x="131">
        <chord/>
        <pitch>
          <step>E</step>
          <alter>-1</alter>
          <octave>5</octave>
        </pitch>
        <duration>8</duration>
        <voice>1</voice>
        <type>quarter</type>
        <stem>down</stem>
        <staff>1</staff>
      </note>
      <backup>
        <duration>16</duration>
      </backup>
      <note default-x="21">
        <pitch>
          <step>A</step>
          <octave>3</octave>
        </pitch>
        <duration>8</duration>
        <voice>2</voice>
        <type>quarter</type>
        <stem default-y="-82">down</stem>
        <staff>2</staff>
      </note>
      <note default-x="21">
        <chord/>
        <pitch>
          <step>F</step>
          <octave>4</octave>
        </pitch>
        <duration>8</duration>
        <voice>2</voice>
        <type>quarter</type>
        <stem>down</stem>
        <staff>2</staff>
      </note>
    </measure>
    <!--=======================================================-->
    <measure number="5" width="298">
      <direction placement="below">
        <direction-type>
          <dynamics default-y="-169" halign="center">
            <mf/>
          </dynamics>
        </direction-type>
        <staff>1</staff>
        <sound dynamics="83"/>
      </direction>
      <direction placement="above">
        <direction-type>
          <words default-y="63" font-family="Times" relative-x="19">2</words>
        </direction-type>
        <staff>1</staff>
      </direction>
      <direction placement="above">
        <direction-type>
          <words default-y="93" font-family="Times" relative-x="8">5</words>
        </direction-type>
        <staff>1</staff>
      </direction>
      <note default-x="21">
        <pitch>
          <step>E</step>
          <alter>-1</alter>
          <octave>5</octave>
        </pitch>
        <duration>4</duration>
        <voice>1</voice>
        <type>eighth</type>
        <stem default-y="-92">down</stem>
        <staff>1</staff>
        <beam number="1">begin</beam>
        <notations>
          <articulations>
            <staccato default-x="-876" default-y="69" placement="above"/>
          </articulations>
        </notations>
      </note>
      <note default-x="21">
        <chord/>
        <pitch>
          <step>C</step>
          <octave>6</octave>
        </pitch>
        <duration>4</duration>
        <voice>1</voice>
        <type>eighth</type>
        <stem>down</stem>
        <staff>1</staff>
      </note>
      <note default-x="94">
        <pitch>
          <step>E</step>
          <alter>-1</alter>
          <octave>5</octave>
        </pitch>
        <duration>4</duration>
        <voice>1</voice>
        <type>eighth</type>
        <stem default-y="-92">down</stem>
        <staff>1</staff>
        <beam number="1">end</beam>
        <notations>
          <articulations>
            <staccato default-x="-918" default-y="69" placement="above"/>
          </articulations>
        </notations>
      </note>
      <note default-x="94">
        <chord/>
        <pitch>
          <step>C</step>
          <octave>6</octave>
        </pitch>
        <duration>4</duration>
        <voice>1</voice>
        <type>eighth</type>
        <stem>down</stem>
        <staff>1</staff>
      </note>
      <direction placement="below">
        <direction-type>
          <wedge default-y="-158" relative-x="10" spread="35" type="diminuendo"/>
        </direction-type>
        <offset>1</offset>
        <staff>1</staff>
      </direction>
      <note default-x="166">
        <pitch>
          <step>E</step>
          <alter>-1</alter>
          <octave>5</octave>
        </pitch>
        <duration>8</duration>
        <voice>1</voice>
        <type>quarter</type>
        <stem default-y="-93">down</stem>
        <staff>1</staff>
      </note>
      <note default-x="166">
        <chord/>
        <pitch>
          <step>C</step>
          <octave>6</octave>
        </pitch>
        <duration>8</duration>
        <voice>1</voice>
        <type>quarter</type>
        <stem>down</stem>
        <staff>1</staff>
      </note>
      <backup>
        <duration>16</duration>
      </backup>
      <note default-x="21">
        <pitch>
          <step>A</step>
          <octave>3</octave>
        </pitch>
        <duration>12</duration>
        <voice>2</voice>
        <type>quarter</type>
        <dot/>
        <stem default-y="-82">down</stem>
        <staff>2</staff>
      </note>
      <note default-x="21">
        <chord/>
        <pitch>
          <step>F</step>
          <octave>4</octave>
        </pitch>
        <duration>12</duration>
        <voice>2</voice>
        <type>quarter</type>
        <dot/>
        <stem>down</stem>
        <staff>2</staff>
      </note>
      <note default-x="225">
        <pitch>
          <step>A</step>
          <octave>3</octave>
        </pitch>
        <duration>4</duration>
        <voice>2</voice>
        <type>eighth</type>
        <stem default-y="-82">down</stem>
        <staff>2</staff>
      </note>
      <note default-x="225">
        <chord/>
        <pitch>
          <step>F</step>
          <octave>4</octave>
        </pitch>
        <duration>4</duration>
        <voice>2</voice>
        <type>eighth</type>
        <stem>down</stem>
        <staff>2</staff>
      </note>
    </measure>
    <!--=======================================================-->
    <measure number="6" width="298">
      <direction placement="above">
        <direction-type>
          <words default-y="54" font-family="Times" relative-x="9">4</words>
        </direction-type>
        <staff>1</staff>
      </direction>
      <note default-x="21">
        <pitch>
          <step>D</step>
          <octave>5</octave>
        </pitch>
        <duration>4</duration>
        <voice>1</voice>
        <type>eighth</type>
        <stem default-y="-104">down</stem>
        <staff>1</staff>
        <beam number="1">begin</beam>
        <notations>
          <articulations>
            <staccato default-x="-1046" default-y="59" placement="above"/>
          </articulations>
        </notations>
      </note>
      <note default-x="21">
        <chord/>
        <pitch>
          <step>B</step>
          <alter>-1</alter>
          <octave>5</octave>
        </pitch>
        <duration>4</duration>
        <voice>1</voice>
        <type>eighth</type>
        <stem>down</stem>
        <staff>1</staff>
      </note>
      <note default-x="94">
        <pitch>
          <step>D</step>
          <octave>5</octave>
        </pitch>
        <duration>4</duration>
        <voice>1</voice>
        <type>eighth</type>
        <stem default-y="-104">down</stem>
        <staff>1</staff>
        <beam number="1">end</beam>
        <notations>
          <articulations>
            <staccato default-x="-1087" default-y="59" placement="above"/>
          </articulations>
        </notations>
      </note>
      <note default-x="94">
        <chord/>
        <pitch>
          <step>B</step>
          <alter>-1</alter>
          <octave>5</octave>
        </pitch>
        <duration>4</duration>
        <voice>1</voice>
        <type>eighth</type>
        <stem>down</stem>
        <staff>1</staff>
      </note>
      <note default-x="166">
        <pitch>
          <step>D</step>
          <octave>5</octave>
        </pitch>
        <duration>8</duration>
        <voice>1</voice>
        <type>quarter</type>
        <stem default-y="-105">down</stem>
        <staff>1</staff>
      </note>
      <note default-x="166">
        <chord/>
        <pitch>
          <step>B</step>
          <alter>-1</alter>
          <octave>5</octave>
        </pitch>
        <duration>8</duration>
        <voice>1</voice>
        <type>quarter</type>
        <stem>down</stem>
        <staff>1</staff>
      </note>
      <backup>
        <duration>16</duration>
      </backup>
      <note default-x="21">
        <pitch>
          <step>B</step>
          <alter>-1</alter>
          <octave>3</octave>
        </pitch>
        <duration>12</duration>
        <voice>2</voice>
        <type>quarter</type>
        <dot/>
        <stem default-y="-70">down</stem>
        <staff>2</staff>
      </note>
      <note default-x="21">
        <chord/>
        <pitch>
          <step>F</step>
          <octave>4</octave>
        </pitch>
        <duration>12</duration>
        <voice>2</voice>
        <type>quarter</type>
        <dot/>
        <stem>down</stem>
        <staff>2</staff>
      </note>
      <note default-x="225">
        <pitch>
          <step>B</step>
          <alter>-1</alter>
          <octave>3</octave>
        </pitch>
        <duration>4</duration>
        <voice>2</voice>
        <type>eighth</type>
        <stem default-y="-70">down</stem>
        <staff>2</staff>
      </note>
      <note default-x="225">
        <chord/>
        <pitch>
          <step>F</step>
          <octave>4</octave>
        </pitch>
        <duration>4</duration>
        <voice>2</voice>
        <type>eighth</type>
        <stem>down</stem>
        <staff>2</staff>
      </note>
    </measure>
    <!--=======================================================-->
    <measure number="7" width="313">
      <direction placement="above">
        <direction-type>
          <words default-y="49" font-family="Times" relative-x="12">1</words>
        </direction-type>
        <staff>1</staff>
      </direction>
      <direction placement="above">
        <direction-type>
          <words default-y="77" font-family="Times" relative-x="10">5</words>
        </direction-type>
        <staff>1</staff>
      </direction>
      <note default-x="21">
        <pitch>
          <step>C</step>
          <octave>5</octave>
        </pitch>
        <duration>4</duration>
        <voice>1</voice>
        <type>eighth</type>
        <stem default-y="-115.5">down</stem>
        <staff>1</staff>
        <beam number="1">begin</beam>
        <notations>
          <articulations>
            <staccato default-x="-1215" default-y="47" placement="above"/>
          </articulations>
        </notations>
      </note>
      <note default-x="21">
        <chord/>
        <pitch>
          <step>A</step>
          <octave>5</octave>
        </pitch>
        <duration>4</duration>
        <voice>1</voice>
        <type>eighth</type>
        <stem>down</stem>
        <staff>1</staff>
      </note>
      <direction placement="above">
        <direction-type>
          <words default-y="39" font-family="Times" relative-x="14">3</words>
        </direction-type>
        <staff>1</staff>
      </direction>
      <note default-x="94">
        <pitch>
          <step>C</step>
          <octave>5</octave>
        </pitch>
        <duration>4</duration>
        <voice>1</voice>
        <type>eighth</type>
        <stem default-y="-115.5">down</stem>
        <staff>1</staff>
        <beam number="1">continue</beam>
        <notations>
          <articulations>
            <staccato default-x="-1257" default-y="24" placement="above"/>
          </articulations>
        </notations>
      </note>
      <note default-x="94">
        <chord/>
        <pitch>
          <step>F</step>
          <octave>5</octave>
        </pitch>
        <duration>4</duration>
        <voice>1</voice>
        <type>eighth</type>
        <stem>down</stem>
        <staff>1</staff>
      </note>
      <direction placement="above">
        <direction-type>
          <words default-y="51" font-family="Times" relative-x="14">4</words>
        </direction-type>
        <staff>1</staff>
      </direction>
      <note default-x="166">
        <pitch>
          <step>C</step>
          <octave>5</octave>
        </pitch>
        <duration>4</duration>
        <voice>1</voice>
        <type>eighth</type>
        <stem default-y="-115.5">down</stem>
        <staff>1</staff>
        <beam number="1">continue</beam>
        <notations>
          <articulations>
            <staccato default-x="-1297" default-y="35" placement="above"/>
          </articulations>
        </notations>
      </note>
      <note default-x="166">
        <chord/>
        <pitch>
          <step>G</step>
          <octave>5</octave>
        </pitch>
        <duration>4</duration>
        <voice>1</voice>
        <type>eighth</type>
        <stem>down</stem>
        <staff>1</staff>
      </note>
      <direction placement="above">
        <direction-type>
          <words default-y="63" font-family="Times" relative-x="19">5</words>
        </direction-type>
        <staff>1</staff>
      </direction>
      <note default-x="239">
        <pitch>
          <step>C</step>
          <octave>5</octave>
        </pitch>
        <duration>4</duration>
        <voice>1</voice>
        <type>eighth</type>
        <stem default-y="-115.5">down</stem>
        <staff>1</staff>
        <beam number="1">end</beam>
        <notations>
          <articulations>
            <staccato default-x="-1338" default-y="47" placement="above"/>
          </articulations>
        </notations>
      </note>
      <note default-x="239">
        <chord/>
        <pitch>
          <step>A</step>
          <octave>5</octave>
        </pitch>
        <duration>4</duration>
        <voice>1</voice>
        <type>eighth</type>
        <stem>down</stem>
        <staff>1</staff>
      </note>
      <backup>
        <duration>16</duration>
      </backup>
      <note default-x="21">
        <pitch>
          <step>F</step>
          <octave>3</octave>
        </pitch>
        <duration>8</duration>
        <voice>2</voice>
        <type>quarter</type>
        <stem default-y="-104.5">down</stem>
        <staff>2</staff>
      </note>
      <note default-x="21">
        <chord/>
        <pitch>
          <step>C</step>
          <octave>4</octave>
        </pitch>
        <duration>8</duration>
        <voice>2</voice>
        <type>quarter</type>
        <stem>down</stem>
        <staff>2</staff>
      </note>
      <note default-x="21">
        <chord/>
        <pitch>
          <step>E</step>
          <alter>-1</alter>
          <octave>4</octave>
        </pitch>
        <duration>8</duration>
        <voice>2</voice>
        <type>quarter</type>
        <stem>down</stem>
        <staff>2</staff>
      </note>
      <note default-x="166">
        <pitch>
          <step>F</step>
          <octave>3</octave>
        </pitch>
        <duration>8</duration>
        <voice>2</voice>
        <type>quarter</type>
        <stem default-y="-104.5">down</stem>
        <staff>2</staff>
      </note>
      <note default-x="166">
        <chord/>
        <pitch>
          <step>C</step>
          <octave>4</octave>
        </pitch>
        <duration>8</duration>
        <voice>2</voice>
        <type>quarter</type>
        <stem>down</stem>
        <staff>2</staff>
      </note>
      <note default-x="166">
        <chord/>
        <pitch>
          <step>E</step>
          <alter>-1</alter>
          <octave>4</octave>
        </pitch>
        <duration>8</duration>
        <voice>2</voice>
        <type>quarter</type>
        <stem>down</stem>
        <staff>2</staff>
      </note>
    </measure>
    <!--=======================================================-->
    <measure number="8" width="250">
      <direction placement="above">
        <direction-type>
          <words default-y="74" font-family="Times" relative-x="12">2</words>
        </direction-type>
        <staff>1</staff>
      </direction>
      <direction placement="above">
        <direction-type>
          <words default-y="100" font-family="Times" relative-x="15">5</words>
        </direction-type>
        <staff>1</staff>
      </direction>
      <note default-x="20">
        <pitch>
          <step>D</step>
          <octave>5</octave>
        </pitch>
        <duration>4</duration>
        <voice>1</voice>
        <type>eighth</type>
        <stem default-y="-115.5">down</stem>
        <staff>1</staff>
        <beam number="1">begin</beam>
        <notations>
          <articulations>
            <staccato default-x="-1392" default-y="59" placement="above"/>
          </articulations>
        </notations>
      </note>
      <note default-x="20">
        <chord/>
        <pitch>
          <step>B</step>
          <alter>-1</alter>
          <octave>5</octave>
        </pitch>
        <duration>4</duration>
        <voice>1</voice>
        <type>eighth</type>
        <stem>down</stem>
        <staff>1</staff>
      </note>
      <direction placement="above">
        <direction-type>
          <words default-y="7" font-family="Times" relative-x="17">1</words>
        </direction-type>
        <staff>1</staff>
      </direction>
      <note default-x="77">
        <pitch>
          <step>B</step>
          <alter>-1</alter>
          <octave>4</octave>
        </pitch>
        <duration>4</duration>
        <voice>1</voice>
        <type>eighth</type>
        <stem default-y="-127">down</stem>
        <staff>1</staff>
        <beam number="1">end</beam>
        <notations>
          <articulations>
            <staccato default-x="-1425" default-y="-15" placement="above"/>
          </articulations>
        </notations>
      </note>
      <direction placement="above">
        <direction-type>
          <words default-y="9" font-family="Times" relative-x="11">2</words>
        </direction-type>
        <staff>1</staff>
      </direction>
      <direction>
        <direction-type>
          <wedge spread="0" type="stop"/>
        </direction-type>
        <staff>1</staff>
      </direction>
      <note default-x="133">
        <pitch>
          <step>B</step>
          <alter>-1</alter>
          <octave>4</octave>
        </pitch>
        <duration>8</duration>
        <voice>1</voice>
        <type>quarter</type>
        <stem default-y="-128">down</stem>
        <staff>1</staff>
      </note>
      <backup>
        <duration>16</duration>
      </backup>
      <note default-x="20">
        <pitch>
          <step>B</step>
          <alter>-1</alter>
          <octave>3</octave>
        </pitch>
        <duration>8</duration>
        <voice>2</voice>
        <type>quarter</type>
        <stem default-y="-70">down</stem>
        <staff>2</staff>
      </note>
      <note default-x="20">
        <chord/>
        <pitch>
          <step>D</step>
          <octave>4</octave>
        </pitch>
        <duration>8</duration>
        <voice>2</voice>
        <type>quarter</type>
        <stem>down</stem>
        <staff>2</staff>
      </note>
      <direction placement="below">
        <direction-type>
          <words default-y="-133" font-family="Times" relative-x="4">Fine.</words>
        </direction-type>
        <staff>2</staff>
      </direction>
      <note default-x="133">
        <rest/>
        <duration>8</duration>
        <voice>2</voice>
        <type>quarter</type>
        <staff>2</staff>
      </note>
      <barline location="right">
        <bar-style>light-heavy</bar-style>
        <repeat direction="backward" winged="none"/>
      </barline>
    </measure>
    <!--=======================================================-->
    <measure number="9" width="458">
      <print new-system="yes">
        <system-layout>
          <system-distance>260</system-distance>
        </system-layout>
        <staff-layout number="2">
          <staff-distance>144</staff-distance>
        </staff-layout>
      </print>
      <direction placement="below">
        <direction-type>
          <dynamics default-y="-208" halign="center">
            <f/>
          </dynamics>
        </direction-type>
        <staff>1</staff>
        <sound dynamics="98"/>
      </direction>
      <direction placement="above">
        <direction-type>
          <words default-y="9" font-family="Times" relative-x="13">1</words>
        </direction-type>
        <staff>1</staff>
      </direction>
      <direction placement="above">
        <direction-type>
          <words default-y="35" font-family="Times" relative-x="17">2</words>
        </direction-type>
        <staff>1</staff>
      </direction>
      <note default-x="161">
        <pitch>
          <step>A</step>
          <octave>4</octave>
        </pitch>
        <duration>4</duration>
        <voice>1</voice>
        <type>eighth</type>
        <stem default-y="-138.5">down</stem>
        <staff>1</staff>
        <beam number="1">begin</beam>
        <notations>
          <slur number="1" placement="above" type="start"/>
        </notations>
      </note>
      <note default-x="161">
        <chord/>
        <pitch>
          <step>C</step>
          <octave>5</octave>
        </pitch>
        <duration>4</duration>
        <voice>1</voice>
        <type>eighth</type>
        <stem>down</stem>
        <staff>1</staff>
      </note>
      <direction placement="above">
        <direction-type>
          <words default-y="25" font-family="Times" relative-x="20">5</words>
        </direction-type>
        <staff>1</staff>
      </direction>
      <note default-x="234">
        <pitch>
          <step>F</step>
          <octave>5</octave>
        </pitch>
        <duration>4</duration>
        <voice>1</voice>
        <type>eighth</type>
        <stem default-y="-127">down</stem>
        <staff>1</staff>
        <beam number="1">end</beam>
        <notations>
          <slur number="1" type="stop"/>
        </notations>
      </note>
      <direction placement="above">
        <direction-type>
          <words default-y="30" font-family="Times" relative-x="8">1</words>
        </direction-type>
        <staff>1</staff>
      </direction>
      <direction placement="above">
        <direction-type>
          <words default-y="53" font-family="Times" relative-x="12">3</words>
        </direction-type>
        <staff>1</staff>
      </direction>
      <note default-x="307">
        <pitch>
          <step>C</step>
          <octave>5</octave>
        </pitch>
        <duration>4</duration>
        <voice>1</voice>
        <type>eighth</type>
        <stem default-y="-115.5">down</stem>
        <staff>1</staff>
        <beam number="1">begin</beam>
        <notations>
          <slur number="1" placement="above" type="start"/>
        </notations>
      </note>
      <note default-x="307">
        <chord/>
        <pitch>
          <step>F</step>
          <octave>5</octave>
        </pitch>
        <duration>4</duration>
        <voice>1</voice>
        <type>eighth</type>
        <stem>down</stem>
        <staff>1</staff>
      </note>
      <direction placement="above">
        <direction-type>
          <words default-y="44" font-family="Times" relative-x="17">5</words>
        </direction-type>
        <staff>1</staff>
      </direction>
      <note default-x="379">
        <pitch>
          <step>A</step>
          <octave>5</octave>
        </pitch>
        <duration>4</duration>
        <voice>1</voice>
        <type>eighth</type>
        <stem default-y="-104">down</stem>
        <staff>1</staff>
        <beam number="1">end</beam>
        <notations>
          <slur number="1" type="stop"/>
        </notations>
      </note>
      <backup>
        <duration>16</duration>
      </backup>
      <direction placement="below">
        <direction-type>
          <words default-y="-98" font-family="Times" relative-x="3">4</words>
        </direction-type>
        <staff>2</staff>
      </direction>
      <note default-x="161">
        <pitch>
          <step>F</step>
          <octave>3</octave>
        </pitch>
        <duration>8</duration>
        <voice>2</voice>
        <type>quarter</type>
        <stem default-y="-105">down</stem>
        <staff>2</staff>
      </note>
      <note default-x="161">
        <chord/>
        <pitch>
          <step>A</step>
          <octave>3</octave>
        </pitch>
        <duration>8</duration>
        <voice>2</voice>
        <type>quarter</type>
        <stem>down</stem>
        <staff>2</staff>
      </note>
      <note default-x="161">
        <chord/>
        <pitch>
          <step>C</step>
          <octave>4</octave>
        </pitch>
        <duration>8</duration>
        <voice>2</voice>
        <type>quarter</type>
        <stem>down</stem>
        <staff>2</staff>
      </note>
      <note default-x="307">
        <pitch>
          <step>F</step>
          <octave>3</octave>
        </pitch>
        <duration>8</duration>
        <voice>2</voice>
        <type>quarter</type>
        <stem default-y="-105">down</stem>
        <staff>2</staff>
      </note>
      <note default-x="307">
        <chord/>
        <pitch>
          <step>A</step>
          <octave>3</octave>
        </pitch>
        <duration>8</duration>
        <voice>2</voice>
        <type>quarter</type>
        <stem>down</stem>
        <staff>2</staff>
      </note>
      <note default-x="307">
        <chord/>
        <pitch>
          <step>C</step>
          <octave>4</octave>
        </pitch>
        <duration>8</duration>
        <voice>2</voice>
        <type>quarter</type>
        <stem>down</stem>
        <staff>2</staff>
      </note>
      <barline location="right">
        <bar-style>light-light</bar-style>
      </barline>
    </measure>
    <!--=======================================================-->
    <measure number="10" width="284">
      <note default-x="39">
        <pitch>
          <step>C</step>
          <octave>5</octave>
        </pitch>
        <duration>12</duration>
        <voice>1</voice>
        <type>quarter</type>
        <dot/>
        <stem default-y="-116">down</stem>
        <staff>1</staff>
      </note>
      <note default-x="39">
        <chord/>
        <pitch>
          <step>E</step>
          <octave>5</octave>
        </pitch>
        <duration>12</duration>
        <voice>1</voice>
        <type>quarter</type>
        <dot/>
        <accidental>natural</accidental>
        <stem>down</stem>
        <staff>1</staff>
      </note>
      <note default-x="39">
        <chord/>
        <pitch>
          <step>B</step>
          <alter>-1</alter>
          <octave>5</octave>
        </pitch>
        <duration>12</duration>
        <voice>1</voice>
        <type>quarter</type>
        <dot/>
        <stem>down</stem>
        <staff>1</staff>
      </note>
      <direction placement="above">
        <direction-type>
          <words default-y="51" font-family="Times" relative-x="5">4</words>
        </direction-type>
        <staff>1</staff>
      </direction>
      <note default-x="219">
        <pitch>
          <step>C</step>
          <octave>5</octave>
        </pitch>
        <duration>4</duration>
        <voice>1</voice>
        <type>eighth</type>
        <stem default-y="-116">down</stem>
        <staff>1</staff>
        <notations>
          <articulations>
            <staccato default-x="-413" default-y="35" placement="above"/>
          </articulations>
        </notations>
      </note>
      <note default-x="219">
        <chord/>
        <pitch>
          <step>E</step>
          <octave>5</octave>
        </pitch>
        <duration>4</duration>
        <voice>1</voice>
        <type>eighth</type>
        <stem>down</stem>
        <staff>1</staff>
      </note>
      <note default-x="219">
        <chord/>
        <pitch>
          <step>G</step>
          <octave>5</octave>
        </pitch>
        <duration>4</duration>
        <voice>1</voice>
        <type>eighth</type>
        <stem>down</stem>
        <staff>1</staff>
      </note>
      <backup>
        <duration>16</duration>
      </backup>
      <note default-x="39">
        <pitch>
          <step>C</step>
          <octave>3</octave>
        </pitch>
        <duration>4</duration>
        <voice>2</voice>
        <type>eighth</type>
        <stem default-y="-139">down</stem>
        <staff>2</staff>
        <beam number="1">begin</beam>
        <notations>
          <articulations>
            <staccato default-x="-312" default-y="35" placement="above"/>
          </articulations>
        </notations>
      </note>
      <note default-x="39">
        <chord/>
        <pitch>
          <step>G</step>
          <octave>3</octave>
        </pitch>
        <duration>4</duration>
        <voice>2</voice>
        <type>eighth</type>
        <stem>down</stem>
        <staff>2</staff>
      </note>
      <note default-x="39">
        <chord/>
        <pitch>
          <step>B</step>
          <alter>-1</alter>
          <octave>3</octave>
        </pitch>
        <duration>4</duration>
        <voice>2</voice>
        <type>eighth</type>
        <stem>down</stem>
        <staff>2</staff>
      </note>
      <note default-x="103">
        <pitch>
          <step>C</step>
          <octave>3</octave>
        </pitch>
        <duration>4</duration>
        <voice>2</voice>
        <type>eighth</type>
        <stem default-y="-139">down</stem>
        <staff>2</staff>
        <beam number="1">end</beam>
        <notations>
          <articulations>
            <staccato default-x="-347" default-y="35" placement="above"/>
          </articulations>
        </notations>
      </note>
      <note default-x="103">
        <chord/>
        <pitch>
          <step>G</step>
          <octave>3</octave>
        </pitch>
        <duration>4</duration>
        <voice>2</voice>
        <type>eighth</type>
        <stem>down</stem>
        <staff>2</staff>
      </note>
      <note default-x="103">
        <chord/>
        <pitch>
          <step>B</step>
          <alter>-1</alter>
          <octave>3</octave>
        </pitch>
        <duration>4</duration>
        <voice>2</voice>
        <type>eighth</type>
        <stem>down</stem>
        <staff>2</staff>
      </note>
      <note default-x="167">
        <pitch>
          <step>C</step>
          <octave>3</octave>
        </pitch>
        <duration>8</duration>
        <voice>2</voice>
        <type>quarter</type>
        <stem default-y="-124">down</stem>
        <staff>2</staff>
      </note>
      <note default-x="167">
        <chord/>
        <pitch>
          <step>G</step>
          <octave>3</octave>
        </pitch>
        <duration>8</duration>
        <voice>2</voice>
        <type>quarter</type>
        <stem>down</stem>
        <staff>2</staff>
      </note>
      <note default-x="167">
        <chord/>
        <pitch>
          <step>B</step>
          <alter>-1</alter>
          <octave>3</octave>
        </pitch>
        <duration>8</duration>
        <voice>2</voice>
        <type>quarter</type>
        <stem>down</stem>
        <staff>2</staff>
      </note>
    </measure>
    <!--=======================================================-->
    <measure number="11" width="342">
      <direction placement="above">
        <direction-type>
          <words default-y="18" font-family="Times" relative-x="14">1</words>
        </direction-type>
        <staff>1</staff>
      </direction>
      <direction placement="above">
        <direction-type>
          <words default-y="44" font-family="Times" relative-x="14">2</words>
        </direction-type>
        <staff>1</staff>
      </direction>
      <note default-x="40">
        <pitch>
          <step>C</step>
          <octave>5</octave>
        </pitch>
        <duration>4</duration>
        <voice>1</voice>
        <type>eighth</type>
        <stem default-y="-115.5">down</stem>
        <staff>1</staff>
        <beam number="1">begin</beam>
        <notations>
          <slur number="1" placement="above" type="start"/>
        </notations>
      </note>
      <note default-x="40">
        <chord/>
        <pitch>
          <step>E</step>
          <octave>5</octave>
        </pitch>
        <duration>4</duration>
        <voice>1</voice>
        <type>eighth</type>
        <accidental>natural</accidental>
        <stem>down</stem>
        <staff>1</staff>
      </note>
      <direction placement="above">
        <direction-type>
          <words default-y="37" font-family="Times" relative-x="4">4</words>
        </direction-type>
        <staff>1</staff>
      </direction>
      <note default-x="114">
        <pitch>
          <step>G</step>
          <octave>5</octave>
        </pitch>
        <duration>4</duration>
        <voice>1</voice>
        <type>eighth</type>
        <stem default-y="-111.5">down</stem>
        <staff>1</staff>
        <beam number="1">continue</beam>
        <notations>
          <slur number="1" type="stop"/>
        </notations>
      </note>
      <direction placement="above">
        <direction-type>
          <words default-y="44" font-family="Times" relative-x="6">1</words>
        </direction-type>
        <staff>1</staff>
      </direction>
      <direction placement="above">
        <direction-type>
          <words default-y="63" font-family="Times" relative-x="6">2</words>
        </direction-type>
        <staff>1</staff>
      </direction>
      <note default-x="190">
        <pitch>
          <step>E</step>
          <octave>5</octave>
        </pitch>
        <duration>4</duration>
        <voice>1</voice>
        <type>eighth</type>
        <stem default-y="-108">down</stem>
        <staff>1</staff>
        <beam number="1">continue</beam>
        <notations>
          <slur number="1" placement="above" type="start"/>
        </notations>
      </note>
      <note default-x="190">
        <chord/>
        <pitch>
          <step>G</step>
          <octave>5</octave>
        </pitch>
        <duration>4</duration>
        <voice>1</voice>
        <type>eighth</type>
        <stem>down</stem>
        <staff>1</staff>
      </note>
      <direction placement="above">
        <direction-type>
          <words default-y="70" font-family="Times" relative-x="13">5</words>
        </direction-type>
        <staff>1</staff>
      </direction>
      <note default-x="267">
        <pitch>
          <step>C</step>
          <octave>6</octave>
        </pitch>
        <duration>4</duration>
        <voice>1</voice>
        <type>eighth</type>
        <stem default-y="-104">down</stem>
        <staff>1</staff>
        <beam number="1">end</beam>
        <notations>
          <slur number="1" type="stop"/>
        </notations>
      </note>
      <backup>
        <duration>16</duration>
      </backup>
      <note default-x="40">
        <pitch>
          <step>C</step>
          <octave>3</octave>
        </pitch>
        <duration>8</duration>
        <voice>2</voice>
        <type>quarter</type>
        <stem default-y="-124">down</stem>
        <staff>2</staff>
      </note>
      <note default-x="40">
        <chord/>
        <pitch>
          <step>G</step>
          <octave>3</octave>
        </pitch>
        <duration>8</duration>
        <voice>2</voice>
        <type>quarter</type>
        <stem>down</stem>
        <staff>2</staff>
      </note>
      <note default-x="40">
        <chord/>
        <pitch>
          <step>B</step>
          <alter>-1</alter>
          <octave>3</octave>
        </pitch>
        <duration>8</duration>
        <voice>2</voice>
        <type>quarter</type>
        <stem>down</stem>
        <staff>2</staff>
      </note>
      <note default-x="190">
        <pitch>
          <step>C</step>
          <octave>3</octave>
        </pitch>
        <duration>8</duration>
        <voice>2</voice>
        <type>quarter</type>
        <stem default-y="-124">down</stem>
        <staff>2</staff>
      </note>
      <note default-x="190">
        <chord/>
        <pitch>
          <step>G</step>
          <octave>3</octave>
        </pitch>
        <duration>8</duration>
        <voice>2</voice>
        <type>quarter</type>
        <stem>down</stem>
        <staff>2</staff>
      </note>
      <note default-x="190">
        <chord/>
        <pitch>
          <step>B</step>
          <alter>-1</alter>
          <octave>3</octave>
        </pitch>
        <duration>8</duration>
        <voice>2</voice>
        <type>quarter</type>
        <stem>down</stem>
        <staff>2</staff>
      </note>
    </measure>
    <!--=======================================================-->
    <measure number="12" width="266">
      <note default-x="21">
        <pitch>
          <step>A</step>
          <octave>5</octave>
        </pitch>
        <duration>12</duration>
        <voice>1</voice>
        <type>quarter</type>
        <dot/>
        <stem default-y="-58.5">down</stem>
        <staff>1</staff>
      </note>
      <note default-x="21">
        <chord/>
        <pitch>
          <step>C</step>
          <octave>6</octave>
        </pitch>
        <duration>12</duration>
        <voice>1</voice>
        <type>quarter</type>
        <dot/>
        <stem>down</stem>
        <staff>1</staff>
      </note>
      <direction placement="above">
        <direction-type>
          <words default-y="56" font-family="Times" relative-x="13">2</words>
        </direction-type>
        <staff>1</staff>
      </direction>
      <direction placement="above">
        <direction-type>
          <words default-y="89" font-family="Times" relative-x="13">4</words>
        </direction-type>
        <staff>1</staff>
      </direction>
      <note default-x="200">
        <pitch>
          <step>F</step>
          <octave>5</octave>
        </pitch>
        <duration>4</duration>
        <voice>1</voice>
        <type>eighth</type>
        <stem default-y="-81.5">down</stem>
        <staff>1</staff>
        <notations>
          <articulations>
            <staccato default-x="-758" default-y="47" placement="above"/>
          </articulations>
        </notations>
      </note>
      <note default-x="200">
        <chord/>
        <pitch>
          <step>A</step>
          <octave>5</octave>
        </pitch>
        <duration>4</duration>
        <voice>1</voice>
        <type>eighth</type>
        <stem>down</stem>
        <staff>1</staff>
      </note>
      <backup>
        <duration>16</duration>
      </backup>
      <direction placement="below">
        <direction-type>
          <words default-y="-101" font-family="Times" relative-x="10">1</words>
        </direction-type>
        <staff>2</staff>
      </direction>
      <direction placement="below">
        <direction-type>
          <words default-y="-131" font-family="Times" relative-x="13">3</words>
        </direction-type>
        <staff>2</staff>
      </direction>
      <note default-x="21">
        <pitch>
          <step>F</step>
          <octave>3</octave>
        </pitch>
        <duration>4</duration>
        <voice>2</voice>
        <type>eighth</type>
        <stem default-y="-103.5">down</stem>
        <staff>2</staff>
        <beam number="1">begin</beam>
        <notations>
          <articulations>
            <staccato default-x="-656" default-y="23" placement="above"/>
          </articulations>
        </notations>
      </note>
      <note default-x="21">
        <chord/>
        <pitch>
          <step>A</step>
          <octave>3</octave>
        </pitch>
        <duration>4</duration>
        <voice>2</voice>
        <type>eighth</type>
        <stem>down</stem>
        <staff>2</staff>
      </note>
      <note default-x="84">
        <pitch>
          <step>F</step>
          <octave>3</octave>
        </pitch>
        <duration>4</duration>
        <voice>2</voice>
        <type>eighth</type>
        <stem default-y="-103.5">down</stem>
        <staff>2</staff>
        <beam number="1">end</beam>
        <notations>
          <articulations>
            <staccato default-x="-692" default-y="23" placement="above"/>
          </articulations>
        </notations>
      </note>
      <note default-x="84">
        <chord/>
        <pitch>
          <step>A</step>
          <octave>3</octave>
        </pitch>
        <duration>4</duration>
        <voice>2</voice>
        <type>eighth</type>
        <stem>down</stem>
        <staff>2</staff>
      </note>
      <note default-x="149">
        <pitch>
          <step>F</step>
          <octave>3</octave>
        </pitch>
        <duration>8</duration>
        <voice>2</voice>
        <type>quarter</type>
        <stem default-y="-105">down</stem>
        <staff>2</staff>
      </note>
      <note default-x="149">
        <chord/>
        <pitch>
          <step>A</step>
          <octave>3</octave>
        </pitch>
        <duration>8</duration>
        <voice>2</voice>
        <type>quarter</type>
        <stem>down</stem>
        <staff>2</staff>
      </note>
    </measure>
    <!--=======================================================-->
    <measure number="13" width="312">
      <direction placement="above">
        <direction-type>
          <words default-y="12" font-family="Times" relative-x="10">1</words>
        </direction-type>
        <staff>1</staff>
      </direction>
      <direction placement="above">
        <direction-type>
          <words default-y="37" font-family="Times" relative-x="13">2</words>
        </direction-type>
        <staff>1</staff>
      </direction>
      <note default-x="20">
        <pitch>
          <step>A</step>
          <octave>4</octave>
        </pitch>
        <duration>4</duration>
        <voice>1</voice>
        <type>eighth</type>
        <stem default-y="-138.5">down</stem>
        <staff>1</staff>
        <beam number="1">begin</beam>
        <notations>
          <slur number="1" placement="above" type="start"/>
        </notations>
      </note>
      <note default-x="20">
        <chord/>
        <pitch>
          <step>C</step>
          <octave>5</octave>
        </pitch>
        <duration>4</duration>
        <voice>1</voice>
        <type>eighth</type>
        <stem>down</stem>
        <staff>1</staff>
      </note>
      <note default-x="94">
        <pitch>
          <step>F</step>
          <octave>5</octave>
        </pitch>
        <duration>4</duration>
        <voice>1</voice>
        <type>eighth</type>
        <stem default-y="-134">down</stem>
        <staff>1</staff>
        <beam number="1">continue</beam>
        <notations>
          <slur number="1" type="stop"/>
        </notations>
      </note>
      <direction placement="above">
        <direction-type>
          <words default-y="33" font-family="Times" relative-x="12">1</words>
        </direction-type>
        <staff>1</staff>
      </direction>
      <direction placement="above">
        <direction-type>
          <words default-y="58" font-family="Times" relative-x="14">3</words>
        </direction-type>
        <staff>1</staff>
      </direction>
      <note default-x="166">
        <pitch>
          <step>C</step>
          <octave>5</octave>
        </pitch>
        <duration>4</duration>
        <voice>1</voice>
        <type>eighth</type>
        <stem default-y="-131">down</stem>
        <staff>1</staff>
        <beam number="1">continue</beam>
        <notations>
          <slur number="1" placement="above" type="start"/>
        </notations>
      </note>
      <note default-x="166">
        <chord/>
        <pitch>
          <step>F</step>
          <octave>5</octave>
        </pitch>
        <duration>4</duration>
        <voice>1</voice>
        <type>eighth</type>
        <stem>down</stem>
        <staff>1</staff>
      </note>
      <note default-x="238">
        <pitch>
          <step>A</step>
          <octave>5</octave>
        </pitch>
        <duration>4</duration>
        <voice>1</voice>
        <type>eighth</type>
        <stem default-y="-127">down</stem>
        <staff>1</staff>
        <beam number="1">end</beam>
        <notations>
          <slur number="1" type="stop"/>
        </notations>
      </note>
      <backup>
        <duration>16</duration>
      </backup>
      <direction placement="below">
        <direction-type>
          <words default-y="-110" font-family="Times" relative-x="8">4</words>
        </direction-type>
        <staff>2</staff>
      </direction>
      <note default-x="20">
        <pitch>
          <step>F</step>
          <octave>3</octave>
        </pitch>
        <duration>8</duration>
        <voice>2</voice>
        <type>quarter</type>
        <stem default-y="-105">down</stem>
        <staff>2</staff>
      </note>
      <note default-x="20">
        <chord/>
        <pitch>
          <step>A</step>
          <octave>3</octave>
        </pitch>
        <duration>8</duration>
        <voice>2</voice>
        <type>quarter</type>
        <stem>down</stem>
        <staff>2</staff>
      </note>
      <note default-x="20">
        <chord/>
        <pitch>
          <step>C</step>
          <octave>4</octave>
        </pitch>
        <duration>8</duration>
        <voice>2</voice>
        <type>quarter</type>
        <stem>down</stem>
        <staff>2</staff>
      </note>
      <note default-x="166">
        <pitch>
          <step>F</step>
          <octave>3</octave>
        </pitch>
        <duration>8</duration>
        <voice>2</voice>
        <type>quarter</type>
        <stem default-y="-105">down</stem>
        <staff>2</staff>
      </note>
      <note default-x="166">
        <chord/>
        <pitch>
          <step>A</step>
          <octave>3</octave>
        </pitch>
        <duration>8</duration>
        <voice>2</voice>
        <type>quarter</type>
        <stem>down</stem>
        <staff>2</staff>
      </note>
      <note default-x="166">
        <chord/>
        <pitch>
          <step>C</step>
          <octave>4</octave>
        </pitch>
        <duration>8</duration>
        <voice>2</voice>
        <type>quarter</type>
        <stem>down</stem>
        <staff>2</staff>
      </note>
    </measure>
    <!--=======================================================-->
    <measure number="14" width="285">
      <note default-x="39">
        <pitch>
          <step>C</step>
          <octave>5</octave>
        </pitch>
        <duration>12</duration>
        <voice>1</voice>
        <type>quarter</type>
        <dot/>
        <stem default-y="-116">down</stem>
        <staff>1</staff>
      </note>
      <note default-x="39">
        <chord/>
        <pitch>
          <step>E</step>
          <octave>5</octave>
        </pitch>
        <duration>12</duration>
        <voice>1</voice>
        <type>quarter</type>
        <dot/>
        <accidental>natural</accidental>
        <stem>down</stem>
        <staff>1</staff>
      </note>
      <note default-x="39">
        <chord/>
        <pitch>
          <step>B</step>
          <alter>-1</alter>
          <octave>5</octave>
        </pitch>
        <duration>12</duration>
        <voice>1</voice>
        <type>quarter</type>
        <dot/>
        <stem>down</stem>
        <staff>1</staff>
      </note>
      <direction placement="above">
        <direction-type>
          <words default-y="39" font-family="Times" relative-x="10">4</words>
        </direction-type>
        <staff>1</staff>
      </direction>
      <note default-x="219">
        <pitch>
          <step>C</step>
          <octave>5</octave>
        </pitch>
        <duration>4</duration>
        <voice>1</voice>
        <type>eighth</type>
        <stem default-y="-116">down</stem>
        <staff>1</staff>
      </note>
      <note default-x="219">
        <chord/>
        <pitch>
          <step>E</step>
          <octave>5</octave>
        </pitch>
        <duration>4</duration>
        <voice>1</voice>
        <type>eighth</type>
        <stem>down</stem>
        <staff>1</staff>
      </note>
      <note default-x="219">
        <chord/>
        <pitch>
          <step>G</step>
          <octave>5</octave>
        </pitch>
        <duration>4</duration>
        <voice>1</voice>
        <type>eighth</type>
        <stem>down</stem>
        <staff>1</staff>
      </note>
      <backup>
        <duration>16</duration>
      </backup>
      <note default-x="39">
        <pitch>
          <step>C</step>
          <octave>3</octave>
        </pitch>
        <duration>4</duration>
        <voice>2</voice>
        <type>eighth</type>
        <stem default-y="-139">down</stem>
        <staff>2</staff>
        <beam number="1">begin</beam>
        <notations>
          <articulations>
            <staccato default-x="-994" default-y="35" placement="above"/>
          </articulations>
        </notations>
      </note>
      <note default-x="39">
        <chord/>
        <pitch>
          <step>G</step>
          <octave>3</octave>
        </pitch>
        <duration>4</duration>
        <voice>2</voice>
        <type>eighth</type>
        <stem>down</stem>
        <staff>2</staff>
      </note>
      <note default-x="39">
        <chord/>
        <pitch>
          <step>B</step>
          <alter>-1</alter>
          <octave>3</octave>
        </pitch>
        <duration>4</duration>
        <voice>2</voice>
        <type>eighth</type>
        <stem>down</stem>
        <staff>2</staff>
      </note>
      <note default-x="104">
        <pitch>
          <step>C</step>
          <octave>3</octave>
        </pitch>
        <duration>4</duration>
        <voice>2</voice>
        <type>eighth</type>
        <stem default-y="-139">down</stem>
        <staff>2</staff>
        <beam number="1">end</beam>
        <notations>
          <articulations>
            <staccato default-x="-1031" default-y="35" placement="above"/>
          </articulations>
        </notations>
      </note>
      <note default-x="104">
        <chord/>
        <pitch>
          <step>G</step>
          <octave>3</octave>
        </pitch>
        <duration>4</duration>
        <voice>2</voice>
        <type>eighth</type>
        <stem>down</stem>
        <staff>2</staff>
      </note>
      <note default-x="104">
        <chord/>
        <pitch>
          <step>B</step>
          <alter>-1</alter>
          <octave>3</octave>
        </pitch>
        <duration>4</duration>
        <voice>2</voice>
        <type>eighth</type>
        <stem>down</stem>
        <staff>2</staff>
      </note>
      <note default-x="168">
        <pitch>
          <step>C</step>
          <octave>3</octave>
        </pitch>
        <duration>8</duration>
        <voice>2</voice>
        <type>quarter</type>
        <stem default-y="-124">down</stem>
        <staff>2</staff>
      </note>
      <note default-x="168">
        <chord/>
        <pitch>
          <step>G</step>
          <octave>3</octave>
        </pitch>
        <duration>8</duration>
        <voice>2</voice>
        <type>quarter</type>
        <stem>down</stem>
        <staff>2</staff>
      </note>
      <note default-x="168">
        <chord/>
        <pitch>
          <step>B</step>
          <alter>-1</alter>
          <octave>3</octave>
        </pitch>
        <duration>8</duration>
        <voice>2</voice>
        <type>quarter</type>
        <stem>down</stem>
        <staff>2</staff>
      </note>
    </measure>
    <!--=======================================================-->
    <measure number="15" width="363">
      <direction placement="above">
        <direction-type>
          <words default-y="28" font-family="Times" relative-x="16">2</words>
        </direction-type>
        <staff>1</staff>
      </direction>
      <note default-x="40">
        <pitch>
          <step>E</step>
          <octave>5</octave>
        </pitch>
        <duration>4</duration>
        <voice>1</voice>
        <type>eighth</type>
        <accidental>natural</accidental>
        <stem default-y="-92">down</stem>
        <staff>1</staff>
        <beam number="1">begin</beam>
        <notations>
          <slur number="1" placement="above" type="start"/>
        </notations>
      </note>
      <direction placement="above">
        <direction-type>
          <words default-y="77" font-family="Times" relative-x="18">5</words>
        </direction-type>
        <staff>1</staff>
      </direction>
      <note default-x="121">
        <pitch>
          <step>C</step>
          <octave>6</octave>
        </pitch>
        <duration>4</duration>
        <voice>1</voice>
        <type>eighth</type>
        <stem default-y="-92">down</stem>
        <staff>1</staff>
        <beam number="1">continue</beam>
        <notations>
          <slur number="1" type="stop"/>
        </notations>
      </note>
      <direction placement="above">
        <direction-type>
          <words default-y="84" font-family="Times" relative-x="5">4</words>
        </direction-type>
        <staff>1</staff>
      </direction>
      <note default-x="201">
        <pitch>
          <step>C</step>
          <octave>6</octave>
        </pitch>
        <duration>4</duration>
        <voice>1</voice>
        <type>eighth</type>
        <stem default-y="-92">down</stem>
        <staff>1</staff>
        <beam number="1">continue</beam>
        <notations>
          <articulations>
            <staccato default-x="-1247" default-y="69" placement="above"/>
          </articulations>
        </notations>
      </note>
      <direction placement="above">
        <direction-type>
          <words default-y="30" font-family="Times" relative-x="13">1</words>
        </direction-type>
        <staff>1</staff>
      </direction>
      <note default-x="282">
        <pitch>
          <step>E</step>
          <octave>5</octave>
        </pitch>
        <duration>4</duration>
        <voice>1</voice>
        <type>eighth</type>
        <stem default-y="-92">down</stem>
        <staff>1</staff>
        <beam number="1">end</beam>
        <notations>
          <articulations>
            <staccato default-x="-1293" default-y="13" placement="above"/>
          </articulations>
        </notations>
      </note>
      <backup>
        <duration>16</duration>
      </backup>
      <note default-x="40">
        <pitch>
          <step>C</step>
          <octave>3</octave>
        </pitch>
        <duration>8</duration>
        <voice>2</voice>
        <type>quarter</type>
        <stem default-y="-124">down</stem>
        <staff>2</staff>
      </note>
      <note default-x="40">
        <chord/>
        <pitch>
          <step>G</step>
          <octave>3</octave>
        </pitch>
        <duration>8</duration>
        <voice>2</voice>
        <type>quarter</type>
        <stem>down</stem>
        <staff>2</staff>
      </note>
      <note default-x="40">
        <chord/>
        <pitch>
          <step>B</step>
          <alter>-1</alter>
          <octave>3</octave>
        </pitch>
        <duration>8</duration>
        <voice>2</voice>
        <type>quarter</type>
        <stem>down</stem>
        <staff>2</staff>
      </note>
      <note default-x="201">
        <pitch>
          <step>C</step>
          <octave>3</octave>
        </pitch>
        <duration>8</duration>
        <voice>2</voice>
        <type>quarter</type>
        <stem default-y="-124">down</stem>
        <staff>2</staff>
      </note>
      <note default-x="201">
        <chord/>
        <pitch>
          <step>G</step>
          <octave>3</octave>
        </pitch>
        <duration>8</duration>
        <voice>2</voice>
        <type>quarter</type>
        <stem>down</stem>
        <staff>2</staff>
      </note>
      <note default-x="201">
        <chord/>
        <pitch>
          <step>B</step>
          <alter>-1</alter>
          <octave>3</octave>
        </pitch>
        <duration>8</duration>
        <voice>2</voice>
        <type>quarter</type>
        <stem>down</stem>
        <staff>2</staff>
      </note>
    </measure>
    <!--=======================================================-->
    <measure number="16" width="325">
      <direction placement="above">
        <direction-type>
          <words default-y="53" font-family="Times" relative-x="13">4</words>
        </direction-type>
        <staff>1</staff>
      </direction>
      <direction placement="below">
        <direction-type>
          <wedge default-y="-156" spread="35" type="diminuendo"/>
        </direction-type>
        <staff>1</staff>
      </direction>
      <note default-x="14">
        <pitch>
          <step>G</step>
          <octave>5</octave>
        </pitch>
        <duration>4</duration>
        <voice>1</voice>
        <type>eighth</type>
        <stem default-y="-104">down</stem>
        <staff>1</staff>
        <beam number="1">begin</beam>
        <notations>
          <articulations>
            <staccato default-x="-1347" default-y="35" placement="above"/>
          </articulations>
        </notations>
      </note>
      <note default-x="90">
        <pitch>
          <step>F</step>
          <octave>5</octave>
        </pitch>
        <duration>4</duration>
        <voice>1</voice>
        <type>eighth</type>
        <stem default-y="-108">down</stem>
        <staff>1</staff>
        <beam number="1">continue</beam>
        <notations>
          <slur number="1" placement="above" type="start"/>
        </notations>
      </note>
      <note default-x="167">
        <pitch>
          <step>E</step>
          <alter>-1</alter>
          <octave>5</octave>
        </pitch>
        <duration>4</duration>
        <voice>1</voice>
        <type>eighth</type>
        <accidental>flat</accidental>
        <stem default-y="-111.5">down</stem>
        <staff>1</staff>
        <beam number="1">continue</beam>
      </note>
      <direction>
        <direction-type>
          <wedge spread="0" type="stop"/>
        </direction-type>
        <staff>1</staff>
      </direction>
      <note default-x="243">
        <pitch>
          <step>C</step>
          <octave>5</octave>
        </pitch>
        <duration>4</duration>
        <voice>1</voice>
        <type>eighth</type>
        <stem default-y="-115.5">down</stem>
        <staff>1</staff>
        <beam number="1">end</beam>
        <notations>
          <slur number="1" type="stop"/>
        </notations>
      </note>
      <backup>
        <duration>16</duration>
      </backup>
      <direction placement="below">
        <direction-type>
          <words default-y="-162" font-family="Times" relative-x="-3">Da capo al fine.</words>
        </direction-type>
        <staff>2</staff>
      </direction>
      <note default-x="14">
        <pitch>
          <step>F</step>
          <octave>3</octave>
        </pitch>
        <duration>8</duration>
        <voice>2</voice>
        <type>quarter</type>
        <stem default-y="-105">down</stem>
        <staff>2</staff>
      </note>
      <note default-x="14">
        <chord/>
        <pitch>
          <step>A</step>
          <octave>3</octave>
        </pitch>
        <duration>8</duration>
        <voice>2</voice>
        <type>quarter</type>
        <stem>down</stem>
        <staff>2</staff>
      </note>
      <note default-x="168">
        <rest/>
        <duration>8</duration>
        <voice>2</voice>
        <type>quarter</type>
        <staff>2</staff>
      </note>
      <barline location="right">
        <bar-style>light-light</bar-style>
      </barline>
    </measure>
  </part>
  <!--=========================================================-->
</score-partwise>
