<?xml version="1.0" encoding="UTF-8" standalone="no"?>
<!DOCTYPE score-partwise PUBLIC "-//Recordare//DTD MusicXML 3.0 Partwise//EN" "http://www.musicxml.org/dtds/partwise.dtd">
<score-partwise version="3.0">
  <movement-title>Czerny No. 19</movement-title>
  <identification>
    <rights>©</rights>
    <encoding>
      <software>PrintMusic 2014 for Windows</software>
      <software>Dolet Light for PrintMusic 2014</software>
      <encoding-date>2014-10-27</encoding-date>
      <supports attribute="new-system" element="print" type="yes" value="yes"/>
      <supports attribute="new-page" element="print" type="yes" value="yes"/>
      <supports element="accidental" type="yes"/>
      <supports element="beam" type="yes"/>
      <supports element="stem" type="yes"/>
    </encoding>
  </identification>
  <defaults>
    <scaling>
      <millimeters>7.2319</millimeters>
      <tenths>40</tenths>
    </scaling>
    <page-layout>
      <page-height>1545</page-height>
      <page-width>1194</page-width>
      <page-margins type="both">
        <left-margin>140</left-margin>
        <right-margin>70</right-margin>
        <top-margin>88</top-margin>
        <bottom-margin>88</bottom-margin>
      </page-margins>
    </page-layout>
    <system-layout>
      <system-margins>
        <left-margin>0</left-margin>
        <right-margin>0</right-margin>
      </system-margins>
      <system-distance>121</system-distance>
      <top-system-distance>70</top-system-distance>
    </system-layout>
    <staff-layout>
      <staff-distance>80</staff-distance>
    </staff-layout>
    <appearance>
      <line-width type="stem">0.7487</line-width>
      <line-width type="beam">5</line-width>
      <line-width type="staff">0.7487</line-width>
      <line-width type="light barline">0.7487</line-width>
      <line-width type="heavy barline">5</line-width>
      <line-width type="leger">0.7487</line-width>
      <line-width type="ending">0.7487</line-width>
      <line-width type="wedge">0.7487</line-width>
      <line-width type="enclosure">0.7487</line-width>
      <line-width type="tuplet bracket">0.7487</line-width>
      <note-size type="grace">60</note-size>
      <note-size type="cue">60</note-size>
      <distance type="hyphen">120</distance>
      <distance type="beam">8</distance>
    </appearance>
    <music-font font-family="Maestro,engraved" font-size="20.5"/>
    <word-font font-family="Times New Roman" font-size="10.25"/>
  </defaults>
  <credit page="1">
    <credit-type>title</credit-type>
    <credit-words default-x="632" default-y="1440" font-size="24" justify="center" valign="top">Czerny No. 19</credit-words>
  </credit>
  <credit page="1">
    <credit-type>rights</credit-type>
    <credit-words default-x="632" default-y="70" font-size="10" justify="center" valign="bottom">©</credit-words>
  </credit>
  <part-list>
    <score-part id="P1">
      <part-name>Piano</part-name>
      <part-abbreviation>Pno.</part-abbreviation>
      <score-instrument id="P1-I1">
        <instrument-name>SmartMusic SoftSynth</instrument-name>
        <instrument-sound>keyboard.piano</instrument-sound>
        <virtual-instrument/>
      </score-instrument>
      <midi-device>SmartMusic SoftSynth</midi-device>
      <midi-instrument id="P1-I1">
        <midi-channel>1</midi-channel>
        <midi-bank>15489</midi-bank>
        <midi-program>1</midi-program>
        <volume>80</volume>
        <pan>0</pan>
      </midi-instrument>
    </score-part>
  </part-list>
  <!--=========================================================-->
  <part id="P1">
    <measure number="1" width="292">
      <print>
        <system-layout>
          <system-margins>
            <left-margin>70</left-margin>
            <right-margin>0</right-margin>
          </system-margins>
          <top-system-distance>152</top-system-distance>
        </system-layout>
        <measure-numbering>system</measure-numbering>
      </print>
      <attributes>
        <divisions>2</divisions>
        <key>
          <fifths>0</fifths>
          <mode>major</mode>
        </key>
        <time symbol="common">
          <beats>4</beats>
          <beat-type>4</beat-type>
        </time>
        <staves>2</staves>
        <clef number="1">
          <sign>G</sign>
          <line>2</line>
        </clef>
        <clef number="2">
          <sign>G</sign>
          <line>2</line>
        </clef>
      </attributes>
      <sound tempo="120"/>
      <direction placement="above">
        <direction-type>
          <words default-y="13" font-family="Times" relative-x="6">1</words>
        </direction-type>
        <staff>1</staff>
      </direction>
      <note default-x="86">
        <pitch>
          <step>C</step>
          <octave>5</octave>
        </pitch>
        <duration>1</duration>
        <voice>1</voice>
        <type>eighth</type>
        <stem default-y="-50">down</stem>
        <staff>1</staff>
        <beam number="1">begin</beam>
        <notations>
          <slur number="1" placement="above" type="start"/>
        </notations>
      </note>
      <note default-x="112">
        <pitch>
          <step>D</step>
          <octave>5</octave>
        </pitch>
        <duration>1</duration>
        <voice>1</voice>
        <type>eighth</type>
        <stem default-y="-48">down</stem>
        <staff>1</staff>
        <beam number="1">continue</beam>
      </note>
      <note default-x="138">
        <pitch>
          <step>E</step>
          <octave>5</octave>
        </pitch>
        <duration>1</duration>
        <voice>1</voice>
        <type>eighth</type>
        <stem default-y="-47">down</stem>
        <staff>1</staff>
        <beam number="1">continue</beam>
      </note>
      <note default-x="163">
        <pitch>
          <step>F</step>
          <octave>5</octave>
        </pitch>
        <duration>1</duration>
        <voice>1</voice>
        <type>eighth</type>
        <stem default-y="-45">down</stem>
        <staff>1</staff>
        <beam number="1">end</beam>
      </note>
      <note default-x="188">
        <pitch>
          <step>G</step>
          <octave>5</octave>
        </pitch>
        <duration>1</duration>
        <voice>1</voice>
        <type>eighth</type>
        <stem default-y="-25">down</stem>
        <staff>1</staff>
        <beam number="1">begin</beam>
      </note>
      <note default-x="214">
        <pitch>
          <step>A</step>
          <octave>5</octave>
        </pitch>
        <duration>1</duration>
        <voice>1</voice>
        <type>eighth</type>
        <stem default-y="-24">down</stem>
        <staff>1</staff>
        <beam number="1">continue</beam>
      </note>
      <note default-x="240">
        <pitch>
          <step>B</step>
          <octave>5</octave>
        </pitch>
        <duration>1</duration>
        <voice>1</voice>
        <type>eighth</type>
        <stem default-y="-23.5">down</stem>
        <staff>1</staff>
        <beam number="1">continue</beam>
      </note>
      <note default-x="265">
        <pitch>
          <step>C</step>
          <octave>6</octave>
        </pitch>
        <duration>1</duration>
        <voice>1</voice>
        <type>eighth</type>
        <stem default-y="-22.5">down</stem>
        <staff>1</staff>
        <beam number="1">end</beam>
      </note>
      <backup>
        <duration>8</duration>
      </backup>
      <direction placement="below">
        <direction-type>
          <words default-y="-52" font-family="Times" relative-x="5">1</words>
        </direction-type>
        <staff>2</staff>
      </direction>
      <direction placement="below">
        <direction-type>
          <words default-y="-66" font-family="Times" relative-x="9">3</words>
        </direction-type>
        <staff>2</staff>
      </direction>
      <direction placement="below">
        <direction-type>
          <words default-y="-79" font-family="Times" relative-x="9">5</words>
        </direction-type>
        <staff>2</staff>
      </direction>
      <note default-x="86">
        <pitch>
          <step>C</step>
          <octave>4</octave>
        </pitch>
        <duration>8</duration>
        <voice>2</voice>
        <type>whole</type>
        <staff>2</staff>
      </note>
      <note default-x="86">
        <chord/>
        <pitch>
          <step>E</step>
          <octave>4</octave>
        </pitch>
        <duration>8</duration>
        <voice>2</voice>
        <type>whole</type>
        <staff>2</staff>
      </note>
      <note default-x="86">
        <chord/>
        <pitch>
          <step>G</step>
          <octave>4</octave>
        </pitch>
        <duration>8</duration>
        <voice>2</voice>
        <type>whole</type>
        <staff>2</staff>
      </note>
    </measure>
    <!--=======================================================-->
    <measure number="2" width="200">
      <direction placement="above">
        <direction-type>
          <words default-y="19" font-family="Times">3</words>
        </direction-type>
        <staff>1</staff>
      </direction>
      <note default-x="16">
        <pitch>
          <step>A</step>
          <octave>5</octave>
        </pitch>
        <duration>1</duration>
        <voice>1</voice>
        <type>eighth</type>
        <stem default-y="-35">down</stem>
        <staff>1</staff>
        <beam number="1">begin</beam>
      </note>
      <direction placement="above">
        <direction-type>
          <words default-y="15" font-family="Times" relative-x="3">1</words>
        </direction-type>
        <staff>1</staff>
      </direction>
      <note default-x="42">
        <pitch>
          <step>F</step>
          <octave>5</octave>
        </pitch>
        <duration>1</duration>
        <voice>1</voice>
        <type>eighth</type>
        <stem default-y="-35">down</stem>
        <staff>1</staff>
        <beam number="1">continue</beam>
      </note>
      <direction placement="above">
        <direction-type>
          <words default-y="44" font-family="Times" relative-x="4">5</words>
        </direction-type>
        <staff>1</staff>
      </direction>
      <note default-x="67">
        <pitch>
          <step>C</step>
          <octave>6</octave>
        </pitch>
        <duration>1</duration>
        <voice>1</voice>
        <type>eighth</type>
        <stem default-y="-35">down</stem>
        <staff>1</staff>
        <beam number="1">continue</beam>
      </note>
      <direction placement="above">
        <direction-type>
          <words default-y="29" font-family="Times" relative-x="7">3</words>
        </direction-type>
        <staff>1</staff>
      </direction>
      <note default-x="93">
        <pitch>
          <step>A</step>
          <octave>5</octave>
        </pitch>
        <duration>1</duration>
        <voice>1</voice>
        <type>eighth</type>
        <stem default-y="-35">down</stem>
        <staff>1</staff>
        <beam number="1">end</beam>
      </note>
      <direction placement="above">
        <direction-type>
          <words default-y="19" font-family="Times" relative-x="9">1</words>
        </direction-type>
        <staff>1</staff>
      </direction>
      <note default-x="118">
        <pitch>
          <step>G</step>
          <octave>5</octave>
        </pitch>
        <duration>2</duration>
        <voice>1</voice>
        <type>quarter</type>
        <stem default-y="-30">down</stem>
        <staff>1</staff>
        <notations>
          <slur number="1" type="stop"/>
        </notations>
      </note>
      <note default-x="159">
        <pitch>
          <step>G</step>
          <octave>5</octave>
        </pitch>
        <duration>2</duration>
        <voice>1</voice>
        <type>quarter</type>
        <stem default-y="-30">down</stem>
        <staff>1</staff>
      </note>
      <backup>
        <duration>8</duration>
      </backup>
      <direction placement="below">
        <direction-type>
          <words default-y="-52" font-family="Times" relative-x="10">1</words>
        </direction-type>
        <staff>2</staff>
      </direction>
      <direction placement="below">
        <direction-type>
          <words default-y="-65" font-family="Times" relative-x="5">2</words>
        </direction-type>
        <staff>2</staff>
      </direction>
      <direction placement="below">
        <direction-type>
          <words default-y="-72" font-family="Times" relative-x="4">5</words>
        </direction-type>
        <staff>2</staff>
      </direction>
      <note default-x="17">
        <pitch>
          <step>C</step>
          <octave>4</octave>
        </pitch>
        <duration>4</duration>
        <voice>2</voice>
        <type>half</type>
        <stem default-y="10">up</stem>
        <staff>2</staff>
      </note>
      <note default-x="17">
        <chord/>
        <pitch>
          <step>F</step>
          <octave>4</octave>
        </pitch>
        <duration>4</duration>
        <voice>2</voice>
        <type>half</type>
        <stem>up</stem>
        <staff>2</staff>
      </note>
      <note default-x="17">
        <chord/>
        <pitch>
          <step>A</step>
          <octave>4</octave>
        </pitch>
        <duration>4</duration>
        <voice>2</voice>
        <type>half</type>
        <stem>up</stem>
        <staff>2</staff>
      </note>
      <note default-x="118">
        <pitch>
          <step>C</step>
          <octave>4</octave>
        </pitch>
        <duration>4</duration>
        <voice>2</voice>
        <type>half</type>
        <stem default-y="5.5">up</stem>
        <staff>2</staff>
      </note>
      <note default-x="118">
        <chord/>
        <pitch>
          <step>E</step>
          <octave>4</octave>
        </pitch>
        <duration>4</duration>
        <voice>2</voice>
        <type>half</type>
        <stem>up</stem>
        <staff>2</staff>
      </note>
      <note default-x="118">
        <chord/>
        <pitch>
          <step>G</step>
          <octave>4</octave>
        </pitch>
        <duration>4</duration>
        <voice>2</voice>
        <type>half</type>
        <stem>up</stem>
        <staff>2</staff>
      </note>
    </measure>
    <!--=======================================================-->
    <measure number="3" width="222">
      <direction placement="above">
        <direction-type>
          <words default-y="38" font-family="Times" relative-x="5">5</words>
        </direction-type>
        <staff>1</staff>
      </direction>
      <note default-x="16">
        <pitch>
          <step>C</step>
          <octave>6</octave>
        </pitch>
        <duration>1</duration>
        <voice>1</voice>
        <type>eighth</type>
        <stem default-y="-20">down</stem>
        <staff>1</staff>
        <beam number="1">begin</beam>
        <notations>
          <slur number="1" placement="above" type="start"/>
        </notations>
      </note>
      <note default-x="42">
        <pitch>
          <step>B</step>
          <octave>5</octave>
        </pitch>
        <duration>1</duration>
        <voice>1</voice>
        <type>eighth</type>
        <stem default-y="-21">down</stem>
        <staff>1</staff>
        <beam number="1">continue</beam>
      </note>
      <note default-x="67">
        <pitch>
          <step>A</step>
          <octave>5</octave>
        </pitch>
        <duration>1</duration>
        <voice>1</voice>
        <type>eighth</type>
        <stem default-y="-21.5">down</stem>
        <staff>1</staff>
        <beam number="1">continue</beam>
      </note>
      <note default-x="93">
        <pitch>
          <step>G</step>
          <octave>5</octave>
        </pitch>
        <duration>1</duration>
        <voice>1</voice>
        <type>eighth</type>
        <stem default-y="-22.5">down</stem>
        <staff>1</staff>
        <beam number="1">end</beam>
      </note>
      <note default-x="119">
        <pitch>
          <step>F</step>
          <octave>5</octave>
        </pitch>
        <duration>1</duration>
        <voice>1</voice>
        <type>eighth</type>
        <stem default-y="-45">down</stem>
        <staff>1</staff>
        <beam number="1">begin</beam>
      </note>
      <note default-x="144">
        <pitch>
          <step>E</step>
          <octave>5</octave>
        </pitch>
        <duration>1</duration>
        <voice>1</voice>
        <type>eighth</type>
        <stem default-y="-47">down</stem>
        <staff>1</staff>
        <beam number="1">continue</beam>
      </note>
      <note default-x="170">
        <pitch>
          <step>D</step>
          <octave>5</octave>
        </pitch>
        <duration>1</duration>
        <voice>1</voice>
        <type>eighth</type>
        <stem default-y="-48">down</stem>
        <staff>1</staff>
        <beam number="1">continue</beam>
      </note>
      <note default-x="196">
        <pitch>
          <step>C</step>
          <octave>5</octave>
        </pitch>
        <duration>1</duration>
        <voice>1</voice>
        <type>eighth</type>
        <stem default-y="-50">down</stem>
        <staff>1</staff>
        <beam number="1">end</beam>
      </note>
      <backup>
        <duration>8</duration>
      </backup>
      <note default-x="16">
        <pitch>
          <step>C</step>
          <octave>4</octave>
        </pitch>
        <duration>8</duration>
        <voice>2</voice>
        <type>whole</type>
        <staff>2</staff>
      </note>
      <note default-x="16">
        <chord/>
        <pitch>
          <step>E</step>
          <octave>4</octave>
        </pitch>
        <duration>8</duration>
        <voice>2</voice>
        <type>whole</type>
        <staff>2</staff>
      </note>
      <note default-x="16">
        <chord/>
        <pitch>
          <step>G</step>
          <octave>4</octave>
        </pitch>
        <duration>8</duration>
        <voice>2</voice>
        <type>whole</type>
        <staff>2</staff>
      </note>
    </measure>
    <!--=======================================================-->
    <measure number="4" width="199">
      <direction placement="above">
        <direction-type>
          <words default-y="16" font-family="Times" relative-x="6">3</words>
        </direction-type>
        <staff>1</staff>
      </direction>
      <note default-x="16">
        <pitch>
          <step>E</step>
          <octave>5</octave>
        </pitch>
        <duration>1</duration>
        <voice>1</voice>
        <type>eighth</type>
        <stem default-y="-50">down</stem>
        <staff>1</staff>
        <beam number="1">begin</beam>
      </note>
      <note default-x="41">
        <pitch>
          <step>C</step>
          <octave>5</octave>
        </pitch>
        <duration>1</duration>
        <voice>1</voice>
        <type>eighth</type>
        <stem default-y="-50">down</stem>
        <staff>1</staff>
        <beam number="1">continue</beam>
      </note>
      <direction placement="above">
        <direction-type>
          <words default-y="26" font-family="Times">5</words>
        </direction-type>
        <staff>1</staff>
      </direction>
      <note default-x="67">
        <pitch>
          <step>G</step>
          <octave>5</octave>
        </pitch>
        <duration>1</duration>
        <voice>1</voice>
        <type>eighth</type>
        <stem default-y="-50">down</stem>
        <staff>1</staff>
        <beam number="1">continue</beam>
      </note>
      <note default-x="92">
        <pitch>
          <step>E</step>
          <octave>5</octave>
        </pitch>
        <duration>1</duration>
        <voice>1</voice>
        <type>eighth</type>
        <stem default-y="-50">down</stem>
        <staff>1</staff>
        <beam number="1">end</beam>
      </note>
      <direction placement="above">
        <direction-type>
          <words default-y="12" font-family="Times" relative-x="3">2</words>
        </direction-type>
        <staff>1</staff>
      </direction>
      <note default-x="117">
        <pitch>
          <step>D</step>
          <octave>5</octave>
        </pitch>
        <duration>2</duration>
        <voice>1</voice>
        <type>quarter</type>
        <stem default-y="-45">down</stem>
        <staff>1</staff>
        <notations>
          <slur number="1" type="stop"/>
        </notations>
      </note>
      <note default-x="157">
        <pitch>
          <step>D</step>
          <octave>5</octave>
        </pitch>
        <duration>2</duration>
        <voice>1</voice>
        <type>quarter</type>
        <stem default-y="-45">down</stem>
        <staff>1</staff>
      </note>
      <backup>
        <duration>8</duration>
      </backup>
      <note default-x="16">
        <pitch>
          <step>C</step>
          <octave>4</octave>
        </pitch>
        <duration>4</duration>
        <voice>2</voice>
        <type>half</type>
        <stem default-y="5.5">up</stem>
        <staff>2</staff>
      </note>
      <note default-x="16">
        <chord/>
        <pitch>
          <step>E</step>
          <octave>4</octave>
        </pitch>
        <duration>4</duration>
        <voice>2</voice>
        <type>half</type>
        <stem>up</stem>
        <staff>2</staff>
      </note>
      <note default-x="16">
        <chord/>
        <pitch>
          <step>G</step>
          <octave>4</octave>
        </pitch>
        <duration>4</duration>
        <voice>2</voice>
        <type>half</type>
        <stem>up</stem>
        <staff>2</staff>
      </note>
      <note default-x="117">
        <pitch>
          <step>B</step>
          <octave>3</octave>
        </pitch>
        <duration>4</duration>
        <voice>2</voice>
        <type>half</type>
        <stem default-y="5.5">up</stem>
        <staff>2</staff>
      </note>
      <note default-x="117">
        <chord/>
        <pitch>
          <step>F</step>
          <octave>4</octave>
        </pitch>
        <duration>4</duration>
        <voice>2</voice>
        <type>half</type>
        <stem>up</stem>
        <staff>2</staff>
      </note>
      <note default-x="130">
        <chord/>
        <pitch>
          <step>G</step>
          <octave>4</octave>
        </pitch>
        <duration>4</duration>
        <voice>2</voice>
        <type>half</type>
        <stem>up</stem>
        <staff>2</staff>
      </note>
    </measure>
    <!--=======================================================-->
    <measure number="5" width="236">
      <print new-system="yes">
        <system-layout>
          <system-distance>114</system-distance>
        </system-layout>
      </print>
      <direction placement="above">
        <direction-type>
          <words default-y="6" font-family="Times" relative-x="8">1</words>
        </direction-type>
        <staff>1</staff>
      </direction>
      <note default-x="55">
        <pitch>
          <step>C</step>
          <octave>5</octave>
        </pitch>
        <duration>1</duration>
        <voice>1</voice>
        <type>eighth</type>
        <stem default-y="-50">down</stem>
        <staff>1</staff>
        <beam number="1">begin</beam>
        <notations>
          <slur number="1" placement="above" type="start"/>
        </notations>
      </note>
      <note default-x="77">
        <pitch>
          <step>D</step>
          <octave>5</octave>
        </pitch>
        <duration>1</duration>
        <voice>1</voice>
        <type>eighth</type>
        <stem default-y="-48">down</stem>
        <staff>1</staff>
        <beam number="1">continue</beam>
      </note>
      <note default-x="99">
        <pitch>
          <step>E</step>
          <octave>5</octave>
        </pitch>
        <duration>1</duration>
        <voice>1</voice>
        <type>eighth</type>
        <stem default-y="-47">down</stem>
        <staff>1</staff>
        <beam number="1">continue</beam>
      </note>
      <note default-x="121">
        <pitch>
          <step>F</step>
          <octave>5</octave>
        </pitch>
        <duration>1</duration>
        <voice>1</voice>
        <type>eighth</type>
        <stem default-y="-45">down</stem>
        <staff>1</staff>
        <beam number="1">end</beam>
      </note>
      <note default-x="144">
        <pitch>
          <step>G</step>
          <octave>5</octave>
        </pitch>
        <duration>1</duration>
        <voice>1</voice>
        <type>eighth</type>
        <stem default-y="-25">down</stem>
        <staff>1</staff>
        <beam number="1">begin</beam>
      </note>
      <note default-x="166">
        <pitch>
          <step>A</step>
          <octave>5</octave>
        </pitch>
        <duration>1</duration>
        <voice>1</voice>
        <type>eighth</type>
        <stem default-y="-24">down</stem>
        <staff>1</staff>
        <beam number="1">continue</beam>
      </note>
      <note default-x="190">
        <pitch>
          <step>B</step>
          <octave>5</octave>
        </pitch>
        <duration>1</duration>
        <voice>1</voice>
        <type>eighth</type>
        <stem default-y="-23">down</stem>
        <staff>1</staff>
        <beam number="1">continue</beam>
      </note>
      <note default-x="213">
        <pitch>
          <step>C</step>
          <octave>6</octave>
        </pitch>
        <duration>1</duration>
        <voice>1</voice>
        <type>eighth</type>
        <stem default-y="-22">down</stem>
        <staff>1</staff>
        <beam number="1">end</beam>
      </note>
      <backup>
        <duration>8</duration>
      </backup>
      <note default-x="55">
        <pitch>
          <step>C</step>
          <octave>4</octave>
        </pitch>
        <duration>8</duration>
        <voice>2</voice>
        <type>whole</type>
        <staff>2</staff>
      </note>
      <note default-x="55">
        <chord/>
        <pitch>
          <step>E</step>
          <octave>4</octave>
        </pitch>
        <duration>8</duration>
        <voice>2</voice>
        <type>whole</type>
        <staff>2</staff>
      </note>
      <note default-x="55">
        <chord/>
        <pitch>
          <step>G</step>
          <octave>4</octave>
        </pitch>
        <duration>8</duration>
        <voice>2</voice>
        <type>whole</type>
        <staff>2</staff>
      </note>
    </measure>
    <!--=======================================================-->
    <measure number="6" width="178">
      <note default-x="16">
        <pitch>
          <step>A</step>
          <octave>5</octave>
        </pitch>
        <duration>1</duration>
        <voice>1</voice>
        <type>eighth</type>
        <stem default-y="-35">down</stem>
        <staff>1</staff>
        <beam number="1">begin</beam>
      </note>
      <note default-x="39">
        <pitch>
          <step>F</step>
          <octave>5</octave>
        </pitch>
        <duration>1</duration>
        <voice>1</voice>
        <type>eighth</type>
        <stem default-y="-35">down</stem>
        <staff>1</staff>
        <beam number="1">continue</beam>
      </note>
      <note default-x="60">
        <pitch>
          <step>C</step>
          <octave>6</octave>
        </pitch>
        <duration>1</duration>
        <voice>1</voice>
        <type>eighth</type>
        <stem default-y="-35">down</stem>
        <staff>1</staff>
        <beam number="1">continue</beam>
      </note>
      <note default-x="84">
        <pitch>
          <step>A</step>
          <octave>5</octave>
        </pitch>
        <duration>1</duration>
        <voice>1</voice>
        <type>eighth</type>
        <stem default-y="-35">down</stem>
        <staff>1</staff>
        <beam number="1">end</beam>
      </note>
      <note default-x="106">
        <pitch>
          <step>G</step>
          <octave>5</octave>
        </pitch>
        <duration>2</duration>
        <voice>1</voice>
        <type>quarter</type>
        <stem default-y="-30">down</stem>
        <staff>1</staff>
        <notations>
          <slur number="1" type="stop"/>
        </notations>
      </note>
      <note default-x="142">
        <pitch>
          <step>G</step>
          <octave>5</octave>
        </pitch>
        <duration>2</duration>
        <voice>1</voice>
        <type>quarter</type>
        <stem default-y="-30">down</stem>
        <staff>1</staff>
      </note>
      <backup>
        <duration>8</duration>
      </backup>
      <note default-x="17">
        <pitch>
          <step>C</step>
          <octave>4</octave>
        </pitch>
        <duration>4</duration>
        <voice>2</voice>
        <type>half</type>
        <stem default-y="10">up</stem>
        <staff>2</staff>
      </note>
      <note default-x="17">
        <chord/>
        <pitch>
          <step>F</step>
          <octave>4</octave>
        </pitch>
        <duration>4</duration>
        <voice>2</voice>
        <type>half</type>
        <stem>up</stem>
        <staff>2</staff>
      </note>
      <note default-x="17">
        <chord/>
        <pitch>
          <step>A</step>
          <octave>4</octave>
        </pitch>
        <duration>4</duration>
        <voice>2</voice>
        <type>half</type>
        <stem>up</stem>
        <staff>2</staff>
      </note>
      <note default-x="106">
        <pitch>
          <step>C</step>
          <octave>4</octave>
        </pitch>
        <duration>4</duration>
        <voice>2</voice>
        <type>half</type>
        <stem default-y="5.5">up</stem>
        <staff>2</staff>
      </note>
      <note default-x="106">
        <chord/>
        <pitch>
          <step>E</step>
          <octave>4</octave>
        </pitch>
        <duration>4</duration>
        <voice>2</voice>
        <type>half</type>
        <stem>up</stem>
        <staff>2</staff>
      </note>
      <note default-x="106">
        <chord/>
        <pitch>
          <step>G</step>
          <octave>4</octave>
        </pitch>
        <duration>4</duration>
        <voice>2</voice>
        <type>half</type>
        <stem>up</stem>
        <staff>2</staff>
      </note>
    </measure>
    <!--=======================================================-->
    <measure number="7" width="193">
      <direction placement="above">
        <direction-type>
          <words default-y="23" font-family="Times" relative-x="3">3</words>
        </direction-type>
        <staff>1</staff>
      </direction>
      <note default-x="16">
        <pitch>
          <step>G</step>
          <octave>5</octave>
        </pitch>
        <duration>1</duration>
        <voice>1</voice>
        <type>eighth</type>
        <stem default-y="-30">down</stem>
        <staff>1</staff>
        <beam number="1">begin</beam>
        <notations>
          <slur bezier-x="42" bezier-y="43" default-x="6" default-y="15" number="1" placement="above" type="start"/>
        </notations>
      </note>
      <direction placement="above">
        <direction-type>
          <words default-y="37" font-family="Times">5</words>
        </direction-type>
        <staff>1</staff>
      </direction>
      <note default-x="38">
        <pitch>
          <step>C</step>
          <octave>6</octave>
        </pitch>
        <duration>1</duration>
        <voice>1</voice>
        <type>eighth</type>
        <stem default-y="-30.5">down</stem>
        <staff>1</staff>
        <beam number="1">continue</beam>
      </note>
      <note default-x="61">
        <pitch>
          <step>G</step>
          <octave>5</octave>
        </pitch>
        <duration>1</duration>
        <voice>1</voice>
        <type>eighth</type>
        <stem default-y="-31.5">down</stem>
        <staff>1</staff>
        <beam number="1">continue</beam>
      </note>
      <note default-x="83">
        <pitch>
          <step>E</step>
          <octave>5</octave>
        </pitch>
        <duration>1</duration>
        <voice>1</voice>
        <type>eighth</type>
        <stem default-y="-32.5">down</stem>
        <staff>1</staff>
        <beam number="1">end</beam>
      </note>
      <direction placement="above">
        <direction-type>
          <words default-y="9" font-family="Times" relative-x="8">1</words>
        </direction-type>
        <staff>1</staff>
      </direction>
      <note default-x="105">
        <pitch>
          <step>D</step>
          <octave>5</octave>
        </pitch>
        <duration>1</duration>
        <voice>1</voice>
        <type>eighth</type>
        <stem default-y="-45">down</stem>
        <staff>1</staff>
        <beam number="1">begin</beam>
      </note>
      <note default-x="127">
        <pitch>
          <step>G</step>
          <octave>5</octave>
        </pitch>
        <duration>1</duration>
        <voice>1</voice>
        <type>eighth</type>
        <stem default-y="-45">down</stem>
        <staff>1</staff>
        <beam number="1">continue</beam>
      </note>
      <note default-x="148">
        <pitch>
          <step>F</step>
          <octave>5</octave>
        </pitch>
        <duration>1</duration>
        <voice>1</voice>
        <type>eighth</type>
        <stem default-y="-45">down</stem>
        <staff>1</staff>
        <beam number="1">continue</beam>
      </note>
      <direction placement="above">
        <direction-type>
          <words default-y="9" font-family="Times" relative-x="5">2</words>
        </direction-type>
        <staff>1</staff>
      </direction>
      <note default-x="170">
        <pitch>
          <step>D</step>
          <octave>5</octave>
        </pitch>
        <duration>1</duration>
        <voice>1</voice>
        <type>eighth</type>
        <stem default-y="-45">down</stem>
        <staff>1</staff>
        <beam number="1">end</beam>
      </note>
      <backup>
        <duration>8</duration>
      </backup>
      <direction placement="below">
        <direction-type>
          <words default-y="-69" font-family="Times" relative-x="7">1</words>
        </direction-type>
        <staff>2</staff>
      </direction>
      <direction placement="below">
        <direction-type>
          <words default-y="-79" font-family="Times" relative-x="5">2</words>
        </direction-type>
        <staff>2</staff>
      </direction>
      <direction placement="below">
        <direction-type>
          <words default-y="-95" font-family="Times" relative-x="5">5</words>
        </direction-type>
        <staff>2</staff>
      </direction>
      <note default-x="16">
        <pitch>
          <step>G</step>
          <octave>3</octave>
        </pitch>
        <duration>4</duration>
        <voice>2</voice>
        <type>half</type>
        <stem default-y="-34.5">up</stem>
        <staff>2</staff>
      </note>
      <note default-x="16">
        <chord/>
        <pitch>
          <step>C</step>
          <octave>4</octave>
        </pitch>
        <duration>4</duration>
        <voice>2</voice>
        <type>half</type>
        <stem>up</stem>
        <staff>2</staff>
      </note>
      <note default-x="16">
        <chord/>
        <pitch>
          <step>E</step>
          <octave>4</octave>
        </pitch>
        <duration>4</duration>
        <voice>2</voice>
        <type>half</type>
        <stem>up</stem>
        <staff>2</staff>
      </note>
      <direction placement="below">
        <direction-type>
          <words default-y="-57" font-family="Times" relative-x="11">1</words>
        </direction-type>
        <staff>2</staff>
      </direction>
      <direction placement="below">
        <direction-type>
          <words default-y="-67" font-family="Times" relative-x="12">3</words>
        </direction-type>
        <staff>2</staff>
      </direction>
      <direction placement="below">
        <direction-type>
          <words default-y="-82" font-family="Times" relative-x="11">5</words>
        </direction-type>
        <staff>2</staff>
      </direction>
      <note default-x="105">
        <pitch>
          <step>G</step>
          <octave>3</octave>
        </pitch>
        <duration>4</duration>
        <voice>2</voice>
        <type>half</type>
        <stem default-y="0.5">up</stem>
        <staff>2</staff>
      </note>
      <note default-x="105">
        <chord/>
        <pitch>
          <step>B</step>
          <octave>3</octave>
        </pitch>
        <duration>4</duration>
        <voice>2</voice>
        <type>half</type>
        <stem>up</stem>
        <staff>2</staff>
      </note>
      <note default-x="105">
        <chord/>
        <pitch>
          <step>F</step>
          <octave>4</octave>
        </pitch>
        <duration>4</duration>
        <voice>2</voice>
        <type>half</type>
        <stem>up</stem>
        <staff>2</staff>
      </note>
    </measure>
    <!--=======================================================-->
    <measure number="8" width="182">
      <direction placement="above">
        <direction-type>
          <words default-y="8" font-family="Times" relative-x="5">1</words>
        </direction-type>
        <staff>1</staff>
      </direction>
      <note default-x="16">
        <pitch>
          <step>C</step>
          <octave>5</octave>
        </pitch>
        <duration>1</duration>
        <voice>1</voice>
        <type>eighth</type>
        <stem default-y="-50">down</stem>
        <staff>1</staff>
        <beam number="1">begin</beam>
      </note>
      <note default-x="39">
        <pitch>
          <step>E</step>
          <octave>5</octave>
        </pitch>
        <duration>1</duration>
        <voice>1</voice>
        <type>eighth</type>
        <stem default-y="-48">down</stem>
        <staff>1</staff>
        <beam number="1">continue</beam>
      </note>
      <note default-x="61">
        <pitch>
          <step>G</step>
          <octave>5</octave>
        </pitch>
        <duration>1</duration>
        <voice>1</voice>
        <type>eighth</type>
        <stem default-y="-47">down</stem>
        <staff>1</staff>
        <beam number="1">continue</beam>
      </note>
      <note default-x="82">
        <pitch>
          <step>E</step>
          <octave>5</octave>
        </pitch>
        <duration>1</duration>
        <voice>1</voice>
        <type>eighth</type>
        <stem default-y="-45">down</stem>
        <staff>1</staff>
        <beam number="1">end</beam>
      </note>
      <note default-x="105">
        <pitch>
          <step>C</step>
          <octave>5</octave>
        </pitch>
        <duration>4</duration>
        <voice>1</voice>
        <type>half</type>
        <stem default-y="-50">down</stem>
        <staff>1</staff>
        <notations>
          <slur bezier-x="-48" bezier-y="39" default-x="6" default-y="-4" number="1" type="stop"/>
        </notations>
      </note>
      <backup>
        <duration>8</duration>
      </backup>
      <note default-x="16">
        <pitch>
          <step>C</step>
          <octave>4</octave>
        </pitch>
        <duration>8</duration>
        <voice>2</voice>
        <type>whole</type>
        <staff>2</staff>
      </note>
      <note default-x="16">
        <chord/>
        <pitch>
          <step>E</step>
          <octave>4</octave>
        </pitch>
        <duration>8</duration>
        <voice>2</voice>
        <type>whole</type>
        <staff>2</staff>
      </note>
      <barline location="right">
        <bar-style>light-heavy</bar-style>
        <repeat direction="backward" winged="none"/>
      </barline>
    </measure>
    <!--=======================================================-->
    <measure number="9" width="194">
      <direction placement="above">
        <direction-type>
          <words default-y="3" font-family="Times" relative-x="9">1</words>
        </direction-type>
        <staff>1</staff>
      </direction>
      <note default-x="15">
        <pitch>
          <step>D</step>
          <octave>5</octave>
        </pitch>
        <duration>1</duration>
        <voice>1</voice>
        <type>eighth</type>
        <stem default-y="-45">down</stem>
        <staff>1</staff>
        <beam number="1">begin</beam>
        <notations>
          <slur number="1" placement="above" type="start"/>
        </notations>
      </note>
      <direction placement="above">
        <direction-type>
          <words default-y="13" font-family="Times" relative-x="6">2</words>
        </direction-type>
        <staff>1</staff>
      </direction>
      <note default-x="37">
        <pitch>
          <step>E</step>
          <octave>5</octave>
        </pitch>
        <duration>1</duration>
        <voice>1</voice>
        <type>eighth</type>
        <stem default-y="-45">down</stem>
        <staff>1</staff>
        <beam number="1">continue</beam>
      </note>
      <note default-x="60">
        <pitch>
          <step>D</step>
          <octave>5</octave>
        </pitch>
        <duration>1</duration>
        <voice>1</voice>
        <type>eighth</type>
        <stem default-y="-45">down</stem>
        <staff>1</staff>
        <beam number="1">continue</beam>
      </note>
      <note default-x="82">
        <pitch>
          <step>E</step>
          <octave>5</octave>
        </pitch>
        <duration>1</duration>
        <voice>1</voice>
        <type>eighth</type>
        <stem default-y="-45">down</stem>
        <staff>1</staff>
        <beam number="1">end</beam>
      </note>
      <direction placement="above">
        <direction-type>
          <words default-y="18" font-family="Times" relative-x="3">3</words>
        </direction-type>
        <staff>1</staff>
      </direction>
      <note default-x="104">
        <pitch>
          <step>F</step>
          <octave>5</octave>
        </pitch>
        <duration>1</duration>
        <voice>1</voice>
        <type>eighth</type>
        <stem default-y="-45">down</stem>
        <staff>1</staff>
        <beam number="1">begin</beam>
      </note>
      <note default-x="126">
        <pitch>
          <step>D</step>
          <octave>5</octave>
        </pitch>
        <duration>1</duration>
        <voice>1</voice>
        <type>eighth</type>
        <stem default-y="-45">down</stem>
        <staff>1</staff>
        <beam number="1">continue</beam>
      </note>
      <direction placement="above">
        <direction-type>
          <words default-y="25" font-family="Times" relative-x="7">4</words>
        </direction-type>
        <staff>1</staff>
      </direction>
      <note default-x="149">
        <pitch>
          <step>G</step>
          <octave>5</octave>
        </pitch>
        <duration>1</duration>
        <voice>1</voice>
        <type>eighth</type>
        <stem default-y="-45">down</stem>
        <staff>1</staff>
        <beam number="1">continue</beam>
      </note>
      <direction placement="above">
        <direction-type>
          <words default-y="15" font-family="Times" relative-x="7">2</words>
        </direction-type>
        <staff>1</staff>
      </direction>
      <note default-x="171">
        <pitch>
          <step>F</step>
          <octave>5</octave>
        </pitch>
        <duration>1</duration>
        <voice>1</voice>
        <type>eighth</type>
        <stem default-y="-45">down</stem>
        <staff>1</staff>
        <beam number="1">end</beam>
      </note>
      <backup>
        <duration>8</duration>
      </backup>
      <direction placement="below">
        <direction-type>
          <words default-y="-70" font-family="Times" relative-x="10">5</words>
        </direction-type>
        <staff>2</staff>
      </direction>
      <note default-x="15">
        <pitch>
          <step>B</step>
          <octave>3</octave>
        </pitch>
        <duration>8</duration>
        <voice>2</voice>
        <type>whole</type>
        <staff>2</staff>
      </note>
      <note default-x="15">
        <chord/>
        <pitch>
          <step>D</step>
          <octave>4</octave>
        </pitch>
        <duration>8</duration>
        <voice>2</voice>
        <type>whole</type>
        <staff>2</staff>
      </note>
      <note default-x="15">
        <chord/>
        <pitch>
          <step>G</step>
          <octave>4</octave>
        </pitch>
        <duration>8</duration>
        <voice>2</voice>
        <type>whole</type>
        <staff>2</staff>
      </note>
    </measure>
    <!--=======================================================-->
    <measure number="10" width="272">
      <print new-system="yes">
        <system-layout>
          <system-distance>114</system-distance>
        </system-layout>
      </print>
      <direction placement="above">
        <direction-type>
          <words default-y="16" font-family="Times" relative-x="5">1</words>
        </direction-type>
        <staff>1</staff>
      </direction>
      <note default-x="55">
        <pitch>
          <step>E</step>
          <octave>5</octave>
        </pitch>
        <duration>1</duration>
        <voice>1</voice>
        <type>eighth</type>
        <stem default-y="-40">down</stem>
        <staff>1</staff>
        <beam number="1">begin</beam>
      </note>
      <direction placement="above">
        <direction-type>
          <words default-y="16" font-family="Times" relative-x="8">2</words>
        </direction-type>
        <staff>1</staff>
      </direction>
      <note default-x="82">
        <pitch>
          <step>F</step>
          <octave>5</octave>
        </pitch>
        <duration>1</duration>
        <voice>1</voice>
        <type>eighth</type>
        <stem default-y="-40">down</stem>
        <staff>1</staff>
        <beam number="1">continue</beam>
      </note>
      <note default-x="109">
        <pitch>
          <step>E</step>
          <octave>5</octave>
        </pitch>
        <duration>1</duration>
        <voice>1</voice>
        <type>eighth</type>
        <stem default-y="-40">down</stem>
        <staff>1</staff>
        <beam number="1">continue</beam>
      </note>
      <note default-x="136">
        <pitch>
          <step>F</step>
          <octave>5</octave>
        </pitch>
        <duration>1</duration>
        <voice>1</voice>
        <type>eighth</type>
        <stem default-y="-40">down</stem>
        <staff>1</staff>
        <beam number="1">end</beam>
      </note>
      <direction placement="above">
        <direction-type>
          <words default-y="25" font-family="Times" relative-x="4">3</words>
        </direction-type>
        <staff>1</staff>
      </direction>
      <note default-x="163">
        <pitch>
          <step>G</step>
          <octave>5</octave>
        </pitch>
        <duration>1</duration>
        <voice>1</voice>
        <type>eighth</type>
        <stem default-y="-30">down</stem>
        <staff>1</staff>
        <beam number="1">begin</beam>
      </note>
      <direction placement="above">
        <direction-type>
          <words default-y="38" font-family="Times" relative-x="5">5</words>
        </direction-type>
        <staff>1</staff>
      </direction>
      <note default-x="190">
        <pitch>
          <step>C</step>
          <octave>6</octave>
        </pitch>
        <duration>1</duration>
        <voice>1</voice>
        <type>eighth</type>
        <stem default-y="-30.5">down</stem>
        <staff>1</staff>
        <beam number="1">continue</beam>
      </note>
      <direction placement="above">
        <direction-type>
          <words default-y="22" font-family="Times" relative-x="8">3</words>
        </direction-type>
        <staff>1</staff>
      </direction>
      <note default-x="217">
        <pitch>
          <step>G</step>
          <octave>5</octave>
        </pitch>
        <duration>1</duration>
        <voice>1</voice>
        <type>eighth</type>
        <stem default-y="-31.5">down</stem>
        <staff>1</staff>
        <beam number="1">continue</beam>
      </note>
      <direction placement="above">
        <direction-type>
          <words default-y="16" font-family="Times" relative-x="5">2</words>
        </direction-type>
        <staff>1</staff>
      </direction>
      <note default-x="244">
        <pitch>
          <step>E</step>
          <octave>5</octave>
        </pitch>
        <duration>1</duration>
        <voice>1</voice>
        <type>eighth</type>
        <stem default-y="-32.5">down</stem>
        <staff>1</staff>
        <beam number="1">end</beam>
      </note>
      <backup>
        <duration>8</duration>
      </backup>
      <direction placement="below">
        <direction-type>
          <words default-y="-63" font-family="Times" relative-x="7">4</words>
        </direction-type>
        <staff>2</staff>
      </direction>
      <note default-x="55">
        <pitch>
          <step>C</step>
          <octave>4</octave>
        </pitch>
        <duration>8</duration>
        <voice>2</voice>
        <type>whole</type>
        <staff>2</staff>
      </note>
      <note default-x="55">
        <chord/>
        <pitch>
          <step>E</step>
          <octave>4</octave>
        </pitch>
        <duration>8</duration>
        <voice>2</voice>
        <type>whole</type>
        <staff>2</staff>
      </note>
      <note default-x="55">
        <chord/>
        <pitch>
          <step>G</step>
          <octave>4</octave>
        </pitch>
        <duration>8</duration>
        <voice>2</voice>
        <type>whole</type>
        <staff>2</staff>
      </note>
    </measure>
    <!--=======================================================-->
    <measure number="11" width="233">
      <direction placement="above">
        <direction-type>
          <words default-y="6" font-family="Times">1</words>
        </direction-type>
        <staff>1</staff>
      </direction>
      <note default-x="16">
        <pitch>
          <step>D</step>
          <octave>5</octave>
        </pitch>
        <duration>1</duration>
        <voice>1</voice>
        <type>eighth</type>
        <stem default-y="-45">down</stem>
        <staff>1</staff>
        <beam number="1">begin</beam>
        <notations>
          <slur number="1" type="stop"/>
          <slur bezier-x="89" bezier-y="46" default-x="6" default-y="0" number="1" placement="above" type="start"/>
        </notations>
      </note>
      <note default-x="43">
        <pitch>
          <step>E</step>
          <octave>5</octave>
        </pitch>
        <duration>1</duration>
        <voice>1</voice>
        <type>eighth</type>
        <stem default-y="-45">down</stem>
        <staff>1</staff>
        <beam number="1">continue</beam>
      </note>
      <note default-x="70">
        <pitch>
          <step>D</step>
          <octave>5</octave>
        </pitch>
        <duration>1</duration>
        <voice>1</voice>
        <type>eighth</type>
        <stem default-y="-45">down</stem>
        <staff>1</staff>
        <beam number="1">continue</beam>
      </note>
      <note default-x="98">
        <pitch>
          <step>E</step>
          <octave>5</octave>
        </pitch>
        <duration>1</duration>
        <voice>1</voice>
        <type>eighth</type>
        <stem default-y="-45">down</stem>
        <staff>1</staff>
        <beam number="1">end</beam>
      </note>
      <note default-x="125">
        <pitch>
          <step>F</step>
          <octave>5</octave>
        </pitch>
        <duration>1</duration>
        <voice>1</voice>
        <type>eighth</type>
        <stem default-y="-45">down</stem>
        <staff>1</staff>
        <beam number="1">begin</beam>
      </note>
      <note default-x="151">
        <pitch>
          <step>D</step>
          <octave>5</octave>
        </pitch>
        <duration>1</duration>
        <voice>1</voice>
        <type>eighth</type>
        <stem default-y="-45">down</stem>
        <staff>1</staff>
        <beam number="1">continue</beam>
      </note>
      <direction placement="above">
        <direction-type>
          <words default-y="27" font-family="Times" relative-x="7">4</words>
        </direction-type>
        <staff>1</staff>
      </direction>
      <note default-x="178">
        <pitch>
          <step>G</step>
          <octave>5</octave>
        </pitch>
        <duration>1</duration>
        <voice>1</voice>
        <type>eighth</type>
        <stem default-y="-45">down</stem>
        <staff>1</staff>
        <beam number="1">continue</beam>
      </note>
      <direction placement="above">
        <direction-type>
          <words default-y="18" font-family="Times" relative-x="8">2</words>
        </direction-type>
        <staff>1</staff>
      </direction>
      <note default-x="206">
        <pitch>
          <step>F</step>
          <octave>5</octave>
        </pitch>
        <duration>1</duration>
        <voice>1</voice>
        <type>eighth</type>
        <stem default-y="-45">down</stem>
        <staff>1</staff>
        <beam number="1">end</beam>
      </note>
      <backup>
        <duration>8</duration>
      </backup>
      <note default-x="16">
        <pitch>
          <step>B</step>
          <octave>3</octave>
        </pitch>
        <duration>8</duration>
        <voice>2</voice>
        <type>whole</type>
        <staff>2</staff>
      </note>
      <note default-x="16">
        <chord/>
        <pitch>
          <step>D</step>
          <octave>4</octave>
        </pitch>
        <duration>8</duration>
        <voice>2</voice>
        <type>whole</type>
        <staff>2</staff>
      </note>
      <note default-x="16">
        <chord/>
        <pitch>
          <step>G</step>
          <octave>4</octave>
        </pitch>
        <duration>8</duration>
        <voice>2</voice>
        <type>whole</type>
        <staff>2</staff>
      </note>
    </measure>
    <!--=======================================================-->
    <measure number="12" width="239">
      <direction placement="above">
        <direction-type>
          <words default-y="12" font-family="Times" relative-x="4">1</words>
        </direction-type>
        <staff>1</staff>
      </direction>
      <note default-x="16">
        <pitch>
          <step>E</step>
          <octave>5</octave>
        </pitch>
        <duration>1</duration>
        <voice>1</voice>
        <type>eighth</type>
        <stem default-y="-35">down</stem>
        <staff>1</staff>
        <beam number="1">begin</beam>
      </note>
      <direction placement="above">
        <direction-type>
          <words default-y="40" font-family="Times">5</words>
        </direction-type>
        <staff>1</staff>
      </direction>
      <note default-x="44">
        <pitch>
          <step>C</step>
          <octave>6</octave>
        </pitch>
        <duration>1</duration>
        <voice>1</voice>
        <type>eighth</type>
        <stem default-y="-34">down</stem>
        <staff>1</staff>
        <beam number="1">continue</beam>
      </note>
      <note default-x="72">
        <pitch>
          <step>B</step>
          <octave>5</octave>
        </pitch>
        <duration>1</duration>
        <voice>1</voice>
        <type>eighth</type>
        <stem default-y="-33.5">down</stem>
        <staff>1</staff>
        <beam number="1">continue</beam>
      </note>
      <note default-x="99">
        <pitch>
          <step>A</step>
          <octave>5</octave>
        </pitch>
        <duration>1</duration>
        <voice>1</voice>
        <type>eighth</type>
        <stem default-y="-32.5">down</stem>
        <staff>1</staff>
        <beam number="1">end</beam>
      </note>
      <direction placement="above">
        <direction-type>
          <words default-y="19" font-family="Times" relative-x="10">2</words>
        </direction-type>
        <staff>1</staff>
      </direction>
      <note default-x="127">
        <pitch>
          <step>G</step>
          <octave>5</octave>
        </pitch>
        <duration>1</duration>
        <voice>1</voice>
        <type>eighth</type>
        <stem default-y="-40">down</stem>
        <staff>1</staff>
        <beam number="1">begin</beam>
      </note>
      <direction placement="above">
        <direction-type>
          <words default-y="16" font-family="Times" relative-x="5">1</words>
        </direction-type>
        <staff>1</staff>
      </direction>
      <note default-x="155">
        <pitch>
          <step>F</step>
          <octave>5</octave>
        </pitch>
        <duration>1</duration>
        <voice>1</voice>
        <type>eighth</type>
        <stem default-y="-41">down</stem>
        <staff>1</staff>
        <beam number="1">continue</beam>
      </note>
      <direction placement="above">
        <direction-type>
          <words default-y="8" font-family="Times" relative-x="6">3</words>
        </direction-type>
        <staff>1</staff>
      </direction>
      <note default-x="183">
        <pitch>
          <step>E</step>
          <octave>5</octave>
        </pitch>
        <duration>1</duration>
        <voice>1</voice>
        <type>eighth</type>
        <stem default-y="-42">down</stem>
        <staff>1</staff>
        <beam number="1">continue</beam>
      </note>
      <direction placement="above">
        <direction-type>
          <words default-y="8" font-family="Times" relative-x="3">2</words>
        </direction-type>
        <staff>1</staff>
      </direction>
      <note default-x="210">
        <pitch>
          <step>D</step>
          <octave>5</octave>
        </pitch>
        <duration>1</duration>
        <voice>1</voice>
        <type>eighth</type>
        <stem default-y="-42">down</stem>
        <staff>1</staff>
        <beam number="1">end</beam>
      </note>
      <backup>
        <duration>8</duration>
      </backup>
      <note default-x="16">
        <pitch>
          <step>C</step>
          <octave>4</octave>
        </pitch>
        <duration>8</duration>
        <voice>2</voice>
        <type>whole</type>
        <staff>2</staff>
      </note>
      <note default-x="16">
        <chord/>
        <pitch>
          <step>E</step>
          <octave>4</octave>
        </pitch>
        <duration>8</duration>
        <voice>2</voice>
        <type>whole</type>
        <staff>2</staff>
      </note>
      <note default-x="16">
        <chord/>
        <pitch>
          <step>G</step>
          <octave>4</octave>
        </pitch>
        <duration>8</duration>
        <voice>2</voice>
        <type>whole</type>
        <staff>2</staff>
      </note>
    </measure>
    <!--=======================================================-->
    <measure number="13" width="239">
      <direction placement="above">
        <direction-type>
          <words default-y="5" font-family="Times" relative-x="5">1</words>
        </direction-type>
        <staff>1</staff>
      </direction>
      <note default-x="16">
        <pitch>
          <step>C</step>
          <octave>5</octave>
        </pitch>
        <duration>1</duration>
        <voice>1</voice>
        <type>eighth</type>
        <stem default-y="-50">down</stem>
        <staff>1</staff>
        <beam number="1">begin</beam>
        <notations>
          <slur bezier-x="-90" bezier-y="45" default-x="6" default-y="-4" number="1" type="stop"/>
          <slur number="1" placement="above" type="start"/>
        </notations>
      </note>
      <note default-x="44">
        <pitch>
          <step>D</step>
          <octave>5</octave>
        </pitch>
        <duration>1</duration>
        <voice>1</voice>
        <type>eighth</type>
        <stem default-y="-48">down</stem>
        <staff>1</staff>
        <beam number="1">continue</beam>
      </note>
      <note default-x="72">
        <pitch>
          <step>E</step>
          <octave>5</octave>
        </pitch>
        <duration>1</duration>
        <voice>1</voice>
        <type>eighth</type>
        <stem default-y="-46.5">down</stem>
        <staff>1</staff>
        <beam number="1">continue</beam>
      </note>
      <note default-x="100">
        <pitch>
          <step>F</step>
          <octave>5</octave>
        </pitch>
        <duration>1</duration>
        <voice>1</voice>
        <type>eighth</type>
        <stem default-y="-45">down</stem>
        <staff>1</staff>
        <beam number="1">end</beam>
      </note>
      <note default-x="128">
        <pitch>
          <step>G</step>
          <octave>5</octave>
        </pitch>
        <duration>1</duration>
        <voice>1</voice>
        <type>eighth</type>
        <stem default-y="-25">down</stem>
        <staff>1</staff>
        <beam number="1">begin</beam>
      </note>
      <note default-x="155">
        <pitch>
          <step>A</step>
          <octave>5</octave>
        </pitch>
        <duration>1</duration>
        <voice>1</voice>
        <type>eighth</type>
        <stem default-y="-24">down</stem>
        <staff>1</staff>
        <beam number="1">continue</beam>
      </note>
      <note default-x="183">
        <pitch>
          <step>B</step>
          <octave>5</octave>
        </pitch>
        <duration>1</duration>
        <voice>1</voice>
        <type>eighth</type>
        <stem default-y="-23">down</stem>
        <staff>1</staff>
        <beam number="1">continue</beam>
      </note>
      <note default-x="211">
        <pitch>
          <step>C</step>
          <octave>6</octave>
        </pitch>
        <duration>1</duration>
        <voice>1</voice>
        <type>eighth</type>
        <stem default-y="-22">down</stem>
        <staff>1</staff>
        <beam number="1">end</beam>
      </note>
      <backup>
        <duration>8</duration>
      </backup>
      <direction placement="below">
        <direction-type>
          <words default-y="-64" font-family="Times" relative-x="14">5</words>
        </direction-type>
        <staff>2</staff>
      </direction>
      <note default-x="16">
        <pitch>
          <step>C</step>
          <octave>4</octave>
        </pitch>
        <duration>8</duration>
        <voice>2</voice>
        <type>whole</type>
        <staff>2</staff>
      </note>
      <note default-x="16">
        <chord/>
        <pitch>
          <step>E</step>
          <octave>4</octave>
        </pitch>
        <duration>8</duration>
        <voice>2</voice>
        <type>whole</type>
        <staff>2</staff>
      </note>
      <note default-x="16">
        <chord/>
        <pitch>
          <step>G</step>
          <octave>4</octave>
        </pitch>
        <duration>8</duration>
        <voice>2</voice>
        <type>whole</type>
        <staff>2</staff>
      </note>
    </measure>
    <!--=======================================================-->
    <measure number="14" width="347">
      <print new-system="yes">
        <system-layout>
          <system-distance>114</system-distance>
        </system-layout>
      </print>
      <direction placement="above">
        <direction-type>
          <words default-y="26" font-family="Times" relative-x="7">3</words>
        </direction-type>
        <staff>1</staff>
      </direction>
      <note default-x="55">
        <pitch>
          <step>A</step>
          <octave>5</octave>
        </pitch>
        <duration>1</duration>
        <voice>1</voice>
        <type>eighth</type>
        <stem default-y="-35">down</stem>
        <staff>1</staff>
        <beam number="1">begin</beam>
      </note>
      <direction placement="above">
        <direction-type>
          <words default-y="16" font-family="Times" relative-x="9">1</words>
        </direction-type>
        <staff>1</staff>
      </direction>
      <note default-x="95">
        <pitch>
          <step>F</step>
          <octave>5</octave>
        </pitch>
        <duration>1</duration>
        <voice>1</voice>
        <type>eighth</type>
        <stem default-y="-35">down</stem>
        <staff>1</staff>
        <beam number="1">continue</beam>
      </note>
      <direction placement="above">
        <direction-type>
          <words default-y="36" font-family="Times" relative-x="12">5</words>
        </direction-type>
        <staff>1</staff>
      </direction>
      <note default-x="136">
        <pitch>
          <step>C</step>
          <octave>6</octave>
        </pitch>
        <duration>1</duration>
        <voice>1</voice>
        <type>eighth</type>
        <stem default-y="-35">down</stem>
        <staff>1</staff>
        <beam number="1">continue</beam>
      </note>
      <note default-x="176">
        <pitch>
          <step>A</step>
          <octave>5</octave>
        </pitch>
        <duration>1</duration>
        <voice>1</voice>
        <type>eighth</type>
        <stem default-y="-35">down</stem>
        <staff>1</staff>
        <beam number="1">end</beam>
      </note>
      <direction placement="above">
        <direction-type>
          <words default-y="23" font-family="Times" relative-x="8">2</words>
        </direction-type>
        <staff>1</staff>
      </direction>
      <note default-x="216">
        <pitch>
          <step>G</step>
          <octave>5</octave>
        </pitch>
        <duration>2</duration>
        <voice>1</voice>
        <type>quarter</type>
        <stem default-y="-30">down</stem>
        <staff>1</staff>
        <notations>
          <slur number="1" type="stop"/>
        </notations>
      </note>
      <note default-x="281">
        <pitch>
          <step>G</step>
          <octave>5</octave>
        </pitch>
        <duration>2</duration>
        <voice>1</voice>
        <type>quarter</type>
        <stem default-y="-30">down</stem>
        <staff>1</staff>
      </note>
      <backup>
        <duration>8</duration>
      </backup>
      <note default-x="55">
        <pitch>
          <step>C</step>
          <octave>4</octave>
        </pitch>
        <duration>4</duration>
        <voice>2</voice>
        <type>half</type>
        <stem default-y="11">up</stem>
        <staff>2</staff>
      </note>
      <note default-x="55">
        <chord/>
        <pitch>
          <step>F</step>
          <octave>4</octave>
        </pitch>
        <duration>4</duration>
        <voice>2</voice>
        <type>half</type>
        <stem>up</stem>
        <staff>2</staff>
      </note>
      <note default-x="55">
        <chord/>
        <pitch>
          <step>A</step>
          <octave>4</octave>
        </pitch>
        <duration>4</duration>
        <voice>2</voice>
        <type>half</type>
        <stem>up</stem>
        <staff>2</staff>
      </note>
      <note default-x="216">
        <pitch>
          <step>C</step>
          <octave>4</octave>
        </pitch>
        <duration>4</duration>
        <voice>2</voice>
        <type>half</type>
        <stem default-y="5">up</stem>
        <staff>2</staff>
      </note>
      <note default-x="216">
        <chord/>
        <pitch>
          <step>E</step>
          <octave>4</octave>
        </pitch>
        <duration>4</duration>
        <voice>2</voice>
        <type>half</type>
        <stem>up</stem>
        <staff>2</staff>
      </note>
      <note default-x="216">
        <chord/>
        <pitch>
          <step>G</step>
          <octave>4</octave>
        </pitch>
        <duration>4</duration>
        <voice>2</voice>
        <type>half</type>
        <stem>up</stem>
        <staff>2</staff>
      </note>
    </measure>
    <!--=======================================================-->
    <measure number="15" width="335">
      <direction placement="above">
        <direction-type>
          <words default-y="16" font-family="Times" relative-x="11">3</words>
        </direction-type>
        <staff>1</staff>
      </direction>
      <note default-x="17">
        <pitch>
          <step>G</step>
          <octave>5</octave>
        </pitch>
        <duration>1</duration>
        <voice>1</voice>
        <type>eighth</type>
        <stem default-y="-30">down</stem>
        <staff>1</staff>
        <beam number="1">begin</beam>
        <notations>
          <slur bezier-x="68" bezier-y="37" default-x="6" default-y="15" number="1" placement="above" type="start"/>
        </notations>
      </note>
      <direction placement="above">
        <direction-type>
          <words default-y="32" font-family="Times">5</words>
        </direction-type>
        <staff>1</staff>
      </direction>
      <note default-x="56">
        <pitch>
          <step>C</step>
          <octave>6</octave>
        </pitch>
        <duration>1</duration>
        <voice>1</voice>
        <type>eighth</type>
        <stem default-y="-31">down</stem>
        <staff>1</staff>
        <beam number="1">continue</beam>
      </note>
      <note default-x="96">
        <pitch>
          <step>G</step>
          <octave>5</octave>
        </pitch>
        <duration>1</duration>
        <voice>1</voice>
        <type>eighth</type>
        <stem default-y="-32">down</stem>
        <staff>1</staff>
        <beam number="1">continue</beam>
      </note>
      <direction placement="above">
        <direction-type>
          <words default-y="15" font-family="Times" relative-x="8">2</words>
        </direction-type>
        <staff>1</staff>
      </direction>
      <note default-x="136">
        <pitch>
          <step>E</step>
          <octave>5</octave>
        </pitch>
        <duration>1</duration>
        <voice>1</voice>
        <type>eighth</type>
        <stem default-y="-32">down</stem>
        <staff>1</staff>
        <beam number="1">end</beam>
      </note>
      <direction placement="above">
        <direction-type>
          <words default-y="7" font-family="Times" relative-x="9">1</words>
        </direction-type>
        <staff>1</staff>
      </direction>
      <note default-x="175">
        <pitch>
          <step>D</step>
          <octave>5</octave>
        </pitch>
        <duration>1</duration>
        <voice>1</voice>
        <type>eighth</type>
        <stem default-y="-45">down</stem>
        <staff>1</staff>
        <beam number="1">begin</beam>
      </note>
      <direction placement="above">
        <direction-type>
          <words default-y="16" font-family="Times">5</words>
        </direction-type>
        <staff>1</staff>
      </direction>
      <note default-x="215">
        <pitch>
          <step>G</step>
          <octave>5</octave>
        </pitch>
        <duration>1</duration>
        <voice>1</voice>
        <type>eighth</type>
        <stem default-y="-45">down</stem>
        <staff>1</staff>
        <beam number="1">continue</beam>
      </note>
      <direction placement="above">
        <direction-type>
          <words default-y="15" font-family="Times" relative-x="10">4</words>
        </direction-type>
        <staff>1</staff>
      </direction>
      <note default-x="255">
        <pitch>
          <step>F</step>
          <octave>5</octave>
        </pitch>
        <duration>1</duration>
        <voice>1</voice>
        <type>eighth</type>
        <stem default-y="-45">down</stem>
        <staff>1</staff>
        <beam number="1">continue</beam>
      </note>
      <note default-x="294">
        <pitch>
          <step>D</step>
          <octave>5</octave>
        </pitch>
        <duration>1</duration>
        <voice>1</voice>
        <type>eighth</type>
        <stem default-y="-45">down</stem>
        <staff>1</staff>
        <beam number="1">end</beam>
      </note>
      <backup>
        <duration>8</duration>
      </backup>
      <direction placement="below">
        <direction-type>
          <words default-y="-81" font-family="Times" relative-x="13">2</words>
        </direction-type>
        <staff>2</staff>
      </direction>
      <direction placement="below">
        <direction-type>
          <words default-y="-95" font-family="Times" relative-x="14">5</words>
        </direction-type>
        <staff>2</staff>
      </direction>
      <note default-x="17">
        <pitch>
          <step>G</step>
          <octave>3</octave>
        </pitch>
        <duration>4</duration>
        <voice>2</voice>
        <type>half</type>
        <stem default-y="-34">up</stem>
        <staff>2</staff>
      </note>
      <note default-x="17">
        <chord/>
        <pitch>
          <step>C</step>
          <octave>4</octave>
        </pitch>
        <duration>4</duration>
        <voice>2</voice>
        <type>half</type>
        <stem>up</stem>
        <staff>2</staff>
      </note>
      <note default-x="17">
        <chord/>
        <pitch>
          <step>E</step>
          <octave>4</octave>
        </pitch>
        <duration>4</duration>
        <voice>2</voice>
        <type>half</type>
        <stem>up</stem>
        <staff>2</staff>
      </note>
      <direction placement="below">
        <direction-type>
          <words default-y="-72" font-family="Times" relative-x="10">3</words>
        </direction-type>
        <staff>2</staff>
      </direction>
      <direction placement="below">
        <direction-type>
          <words default-y="-82" font-family="Times" relative-x="10">5</words>
        </direction-type>
        <staff>2</staff>
      </direction>
      <note default-x="175">
        <pitch>
          <step>G</step>
          <octave>3</octave>
        </pitch>
        <duration>4</duration>
        <voice>2</voice>
        <type>half</type>
        <stem default-y="0.5">up</stem>
        <staff>2</staff>
      </note>
      <note default-x="175">
        <chord/>
        <pitch>
          <step>B</step>
          <octave>3</octave>
        </pitch>
        <duration>4</duration>
        <voice>2</voice>
        <type>half</type>
        <stem>up</stem>
        <staff>2</staff>
      </note>
      <note default-x="175">
        <chord/>
        <pitch>
          <step>F</step>
          <octave>4</octave>
        </pitch>
        <duration>4</duration>
        <voice>2</voice>
        <type>half</type>
        <stem>up</stem>
        <staff>2</staff>
      </note>
    </measure>
    <!--=======================================================-->
    <measure number="16" width="301">
      <note default-x="16">
        <pitch>
          <step>C</step>
          <octave>5</octave>
        </pitch>
        <duration>1</duration>
        <voice>1</voice>
        <type>eighth</type>
        <stem default-y="-50">down</stem>
        <staff>1</staff>
        <beam number="1">begin</beam>
      </note>
      <note default-x="57">
        <pitch>
          <step>E</step>
          <octave>5</octave>
        </pitch>
        <duration>1</duration>
        <voice>1</voice>
        <type>eighth</type>
        <stem default-y="-48.5">down</stem>
        <staff>1</staff>
        <beam number="1">continue</beam>
      </note>
      <note default-x="97">
        <pitch>
          <step>G</step>
          <octave>5</octave>
        </pitch>
        <duration>1</duration>
        <voice>1</voice>
        <type>eighth</type>
        <stem default-y="-46.5">down</stem>
        <staff>1</staff>
        <beam number="1">continue</beam>
      </note>
      <note default-x="137">
        <pitch>
          <step>E</step>
          <octave>5</octave>
        </pitch>
        <duration>1</duration>
        <voice>1</voice>
        <type>eighth</type>
        <stem default-y="-45">down</stem>
        <staff>1</staff>
        <beam number="1">end</beam>
      </note>
      <note default-x="177">
        <pitch>
          <step>C</step>
          <octave>5</octave>
        </pitch>
        <duration>4</duration>
        <voice>1</voice>
        <type>half</type>
        <stem default-y="-50">down</stem>
        <staff>1</staff>
        <notations>
          <slur bezier-x="-66" bezier-y="42" default-x="6" default-y="-4" number="1" type="stop"/>
        </notations>
      </note>
      <backup>
        <duration>8</duration>
      </backup>
      <note default-x="16">
        <pitch>
          <step>C</step>
          <octave>4</octave>
        </pitch>
        <duration>8</duration>
        <voice>2</voice>
        <type>whole</type>
        <staff>2</staff>
      </note>
      <note default-x="16">
        <chord/>
        <pitch>
          <step>E</step>
          <octave>4</octave>
        </pitch>
        <duration>8</duration>
        <voice>2</voice>
        <type>whole</type>
        <staff>2</staff>
      </note>
      <barline location="right">
        <bar-style>light-heavy</bar-style>
        <repeat direction="backward" winged="none"/>
      </barline>
    </measure>
  </part>
  <!--=========================================================-->
</score-partwise>
