<?xml version="1.0" encoding="UTF-8" standalone="no"?>
<!DOCTYPE score-partwise PUBLIC "-//Recordare//DTD MusicXML 3.0 Partwise//EN" "http://www.musicxml.org/dtds/partwise.dtd">
<score-partwise version="3.0">
  <movement-title>Czerny No.50</movement-title>
  <identification>
    <encoding>
      <software>PrintMusic 2014 for Windows</software>
      <software>Dolet Light for PrintMusic 2014</software>
      <encoding-date>2014-11-10</encoding-date>
      <supports attribute="new-system" element="print" type="yes" value="yes"/>
      <supports attribute="new-page" element="print" type="yes" value="yes"/>
      <supports element="accidental" type="yes"/>
      <supports element="beam" type="yes"/>
      <supports element="stem" type="yes"/>
    </encoding>
  </identification>
  <defaults>
    <scaling>
      <millimeters>6.0113</millimeters>
      <tenths>40</tenths>
    </scaling>
    <page-layout>
      <page-height>1996</page-height>
      <page-width>1411</page-width>
      <page-margins type="both">
        <left-margin>85</left-margin>
        <right-margin>85</right-margin>
        <top-margin>106</top-margin>
        <bottom-margin>106</bottom-margin>
      </page-margins>
    </page-layout>
    <system-layout>
      <system-margins>
        <left-margin>0</left-margin>
        <right-margin>0</right-margin>
      </system-margins>
      <system-distance>103</system-distance>
      <top-system-distance>60</top-system-distance>
    </system-layout>
    <staff-layout>
      <staff-distance>80</staff-distance>
    </staff-layout>
    <appearance>
      <line-width type="stem">0.7487</line-width>
      <line-width type="beam">5</line-width>
      <line-width type="staff">0.7487</line-width>
      <line-width type="light barline">0.7487</line-width>
      <line-width type="heavy barline">5</line-width>
      <line-width type="leger">0.7487</line-width>
      <line-width type="ending">0.7487</line-width>
      <line-width type="wedge">0.7487</line-width>
      <line-width type="enclosure">0.7487</line-width>
      <line-width type="tuplet bracket">0.7487</line-width>
      <note-size type="grace">60</note-size>
      <note-size type="cue">60</note-size>
      <distance type="hyphen">120</distance>
      <distance type="beam">8</distance>
    </appearance>
    <music-font font-family="Maestro,engraved" font-size="17"/>
    <word-font font-family="Times New Roman" font-size="8.5"/>
  </defaults>
  <credit page="1">
    <credit-words default-x="716" default-y="1854" font-size="17" justify="center" valign="top">Czerny No.50</credit-words>
  </credit>
  <part-list>
    <score-part id="P1">
      <part-name>Piano</part-name>
      <part-abbreviation>Pno</part-abbreviation>
      <score-instrument id="P1-I1">
        <instrument-name>Grand Piano</instrument-name>
      </score-instrument>
      <midi-instrument id="P1-I1">
        <midi-channel>1</midi-channel>
        <midi-program>1</midi-program>
        <volume>78</volume>
        <pan>0</pan>
      </midi-instrument>
    </score-part>
  </part-list>
  <!--=========================================================-->
  <part id="P1">
    <measure number="1" width="322">
      <print>
        <page-layout>
          <page-height>1996</page-height>
          <page-width>1411</page-width>
          <page-margins>
            <left-margin>80</left-margin>
            <right-margin>60</right-margin>
            <top-margin>127</top-margin>
            <bottom-margin>63</bottom-margin>
          </page-margins>
        </page-layout>
        <system-layout>
          <system-margins>
            <left-margin>99</left-margin>
            <right-margin>0</right-margin>
          </system-margins>
          <top-system-distance>165</top-system-distance>
        </system-layout>
        <staff-layout number="2">
          <staff-distance>47</staff-distance>
        </staff-layout>
        <measure-numbering>system</measure-numbering>
      </print>
      <attributes>
        <divisions>2</divisions>
        <key>
          <fifths>2</fifths>
          <mode>major</mode>
        </key>
        <time>
          <beats>3</beats>
          <beat-type>4</beat-type>
        </time>
        <staves>2</staves>
        <clef number="1">
          <sign>G</sign>
          <line>2</line>
        </clef>
        <clef number="2">
          <sign>F</sign>
          <line>4</line>
        </clef>
        <staff-details number="1">
          <staff-size>119</staff-size>
        </staff-details>
        <staff-details number="2">
          <staff-size>119</staff-size>
        </staff-details>
      </attributes>
      <sound tempo="120"/>
      <direction placement="below">
        <direction-type>
          <dynamics default-y="-76" halign="center">
            <mf/>
          </dynamics>
        </direction-type>
        <staff>1</staff>
        <sound dynamics="83"/>
      </direction>
      <direction placement="above">
        <direction-type>
          <words default-y="26" font-family="Times" relative-x="9">3</words>
        </direction-type>
        <staff>1</staff>
      </direction>
      <direction placement="above">
        <direction-type>
          <words default-y="41" font-family="Times" relative-x="6">5</words>
        </direction-type>
        <staff>1</staff>
      </direction>
      <direction directive="yes" placement="above">
        <direction-type>
          <words default-y="48" font-size="11.8" font-weight="bold">Allegro</words>
        </direction-type>
        <staff>1</staff>
      </direction>
      <note default-x="139">
        <pitch>
          <step>F</step>
          <alter>1</alter>
          <octave>5</octave>
        </pitch>
        <duration>4</duration>
        <voice>1</voice>
        <type>half</type>
        <stem default-y="-42">down</stem>
        <staff>1</staff>
        <notations>
          <slur number="1" placement="above" type="start"/>
        </notations>
      </note>
      <note default-x="139">
        <chord/>
        <pitch>
          <step>A</step>
          <octave>5</octave>
        </pitch>
        <duration>4</duration>
        <voice>1</voice>
        <type>half</type>
        <stem>down</stem>
        <staff>1</staff>
      </note>
      <backup>
        <duration>4</duration>
      </backup>
      <direction placement="below">
        <direction-type>
          <words default-y="-65" font-family="Times" relative-x="4">5</words>
        </direction-type>
        <staff>2</staff>
      </direction>
      <note default-x="139">
        <pitch>
          <step>D</step>
          <octave>3</octave>
        </pitch>
        <duration>1</duration>
        <voice>2</voice>
        <type>eighth</type>
        <stem default-y="-65">down</stem>
        <staff>2</staff>
        <beam number="1">begin</beam>
        <notations>
          <slur number="2" placement="above" type="start"/>
        </notations>
      </note>
      <note default-x="169">
        <pitch>
          <step>E</step>
          <octave>3</octave>
        </pitch>
        <duration>1</duration>
        <voice>2</voice>
        <type>eighth</type>
        <stem default-y="-64">down</stem>
        <staff>2</staff>
        <beam number="1">continue</beam>
      </note>
      <note default-x="200">
        <pitch>
          <step>F</step>
          <alter>1</alter>
          <octave>3</octave>
        </pitch>
        <duration>1</duration>
        <voice>2</voice>
        <type>eighth</type>
        <stem default-y="-63">down</stem>
        <staff>2</staff>
        <beam number="1">continue</beam>
      </note>
      <note default-x="229">
        <pitch>
          <step>G</step>
          <octave>3</octave>
        </pitch>
        <duration>1</duration>
        <voice>2</voice>
        <type>eighth</type>
        <stem default-y="-62">down</stem>
        <staff>2</staff>
        <beam number="1">continue</beam>
      </note>
      <direction placement="below">
        <direction-type>
          <words default-y="-58" font-family="Times">1</words>
        </direction-type>
        <staff>2</staff>
      </direction>
      <note default-x="261">
        <pitch>
          <step>A</step>
          <octave>3</octave>
        </pitch>
        <duration>1</duration>
        <voice>2</voice>
        <type>eighth</type>
        <stem default-y="-61">down</stem>
        <staff>2</staff>
        <beam number="1">continue</beam>
      </note>
      <direction placement="below">
        <direction-type>
          <words default-y="-58" font-family="Times" relative-x="-3">3</words>
        </direction-type>
        <staff>2</staff>
      </direction>
      <note default-x="291">
        <pitch>
          <step>B</step>
          <octave>3</octave>
        </pitch>
        <duration>1</duration>
        <voice>2</voice>
        <type>eighth</type>
        <stem default-y="-59.5">down</stem>
        <staff>2</staff>
        <beam number="1">end</beam>
      </note>
    </measure>
    <!--=======================================================-->
    <measure number="2" width="221">
      <note default-x="17">
        <pitch>
          <step>E</step>
          <octave>5</octave>
        </pitch>
        <duration>6</duration>
        <voice>1</voice>
        <type>half</type>
        <dot/>
        <stem default-y="-48">down</stem>
        <staff>1</staff>
      </note>
      <note default-x="17">
        <chord/>
        <pitch>
          <step>G</step>
          <octave>5</octave>
        </pitch>
        <duration>6</duration>
        <voice>1</voice>
        <type>half</type>
        <dot/>
        <stem>down</stem>
        <staff>1</staff>
      </note>
      <backup>
        <duration>6</duration>
      </backup>
      <note default-x="17">
        <pitch>
          <step>C</step>
          <alter>1</alter>
          <octave>4</octave>
        </pitch>
        <duration>1</duration>
        <voice>2</voice>
        <type>eighth</type>
        <stem default-y="-41">down</stem>
        <staff>2</staff>
        <beam number="1">begin</beam>
      </note>
      <note default-x="51">
        <pitch>
          <step>B</step>
          <octave>3</octave>
        </pitch>
        <duration>1</duration>
        <voice>2</voice>
        <type>eighth</type>
        <stem default-y="-41">down</stem>
        <staff>2</staff>
        <beam number="1">continue</beam>
      </note>
      <note default-x="85">
        <pitch>
          <step>C</step>
          <alter>1</alter>
          <octave>4</octave>
        </pitch>
        <duration>1</duration>
        <voice>2</voice>
        <type>eighth</type>
        <stem default-y="-41">down</stem>
        <staff>2</staff>
        <beam number="1">continue</beam>
      </note>
      <note default-x="119">
        <pitch>
          <step>A</step>
          <octave>3</octave>
        </pitch>
        <duration>1</duration>
        <voice>2</voice>
        <type>eighth</type>
        <stem default-y="-41">down</stem>
        <staff>2</staff>
        <beam number="1">continue</beam>
      </note>
      <note default-x="153">
        <pitch>
          <step>B</step>
          <octave>3</octave>
        </pitch>
        <duration>1</duration>
        <voice>2</voice>
        <type>eighth</type>
        <stem default-y="-41">down</stem>
        <staff>2</staff>
        <beam number="1">continue</beam>
      </note>
      <note default-x="187">
        <pitch>
          <step>C</step>
          <alter>1</alter>
          <octave>4</octave>
        </pitch>
        <duration>1</duration>
        <voice>2</voice>
        <type>eighth</type>
        <stem default-y="-41">down</stem>
        <staff>2</staff>
        <beam number="1">end</beam>
      </note>
    </measure>
    <!--=======================================================-->
    <measure number="3" width="223">
      <direction placement="above">
        <direction-type>
          <words default-y="7" font-family="Times" relative-x="5">1</words>
        </direction-type>
        <staff>1</staff>
      </direction>
      <direction placement="above">
        <direction-type>
          <words default-y="28" font-family="Times" relative-x="5">3</words>
        </direction-type>
        <staff>1</staff>
      </direction>
      <note default-x="17">
        <pitch>
          <step>D</step>
          <octave>5</octave>
        </pitch>
        <duration>2</duration>
        <voice>1</voice>
        <type>quarter</type>
        <stem default-y="-54">down</stem>
        <staff>1</staff>
        <notations>
          <slur number="1" type="stop"/>
        </notations>
      </note>
      <note default-x="17">
        <chord/>
        <pitch>
          <step>F</step>
          <alter>1</alter>
          <octave>5</octave>
        </pitch>
        <duration>2</duration>
        <voice>1</voice>
        <type>quarter</type>
        <stem>down</stem>
        <staff>1</staff>
      </note>
      <note default-x="85">
        <pitch>
          <step>D</step>
          <octave>5</octave>
        </pitch>
        <duration>2</duration>
        <voice>1</voice>
        <type>quarter</type>
        <stem default-y="-54">down</stem>
        <staff>1</staff>
      </note>
      <note default-x="85">
        <chord/>
        <pitch>
          <step>F</step>
          <alter>1</alter>
          <octave>5</octave>
        </pitch>
        <duration>2</duration>
        <voice>1</voice>
        <type>quarter</type>
        <stem>down</stem>
        <staff>1</staff>
      </note>
      <direction placement="above">
        <direction-type>
          <words default-y="10" font-family="Times" relative-x="8">1</words>
        </direction-type>
        <staff>1</staff>
      </direction>
      <direction placement="above">
        <direction-type>
          <words default-y="29" font-family="Times" relative-x="4">4</words>
        </direction-type>
        <staff>1</staff>
      </direction>
      <note default-x="153">
        <pitch>
          <step>D</step>
          <octave>5</octave>
        </pitch>
        <duration>2</duration>
        <voice>1</voice>
        <type>quarter</type>
        <stem default-y="-54">down</stem>
        <staff>1</staff>
      </note>
      <note default-x="153">
        <chord/>
        <pitch>
          <step>F</step>
          <alter>1</alter>
          <octave>5</octave>
        </pitch>
        <duration>2</duration>
        <voice>1</voice>
        <type>quarter</type>
        <stem>down</stem>
        <staff>1</staff>
      </note>
      <backup>
        <duration>6</duration>
      </backup>
      <note default-x="17">
        <pitch>
          <step>D</step>
          <octave>4</octave>
        </pitch>
        <duration>1</duration>
        <voice>2</voice>
        <type>eighth</type>
        <stem default-y="-59.5">down</stem>
        <staff>2</staff>
        <beam number="1">begin</beam>
      </note>
      <note default-x="51">
        <pitch>
          <step>C</step>
          <alter>1</alter>
          <octave>4</octave>
        </pitch>
        <duration>1</duration>
        <voice>2</voice>
        <type>eighth</type>
        <stem default-y="-61">down</stem>
        <staff>2</staff>
        <beam number="1">continue</beam>
      </note>
      <note default-x="85">
        <pitch>
          <step>D</step>
          <octave>4</octave>
        </pitch>
        <duration>1</duration>
        <voice>2</voice>
        <type>eighth</type>
        <stem default-y="-62">down</stem>
        <staff>2</staff>
        <beam number="1">continue</beam>
      </note>
      <direction placement="above">
        <direction-type>
          <words default-y="15" font-family="Times" relative-x="8">2</words>
        </direction-type>
        <staff>2</staff>
      </direction>
      <note default-x="119">
        <pitch>
          <step>A</step>
          <octave>3</octave>
        </pitch>
        <duration>1</duration>
        <voice>2</voice>
        <type>eighth</type>
        <stem default-y="-63">down</stem>
        <staff>2</staff>
        <beam number="1">continue</beam>
      </note>
      <direction placement="above">
        <direction-type>
          <words default-y="1" font-family="Times" relative-x="7">3</words>
        </direction-type>
        <staff>2</staff>
      </direction>
      <note default-x="153">
        <pitch>
          <step>F</step>
          <alter>1</alter>
          <octave>3</octave>
        </pitch>
        <duration>1</duration>
        <voice>2</voice>
        <type>eighth</type>
        <stem default-y="-64">down</stem>
        <staff>2</staff>
        <beam number="1">continue</beam>
      </note>
      <direction placement="below">
        <direction-type>
          <words default-y="-4" font-family="Times" relative-x="3">5</words>
        </direction-type>
        <staff>2</staff>
      </direction>
      <note default-x="188">
        <pitch>
          <step>D</step>
          <octave>3</octave>
        </pitch>
        <duration>1</duration>
        <voice>2</voice>
        <type>eighth</type>
        <stem default-y="-65">down</stem>
        <staff>2</staff>
        <beam number="1">end</beam>
      </note>
    </measure>
    <!--=======================================================-->
    <measure number="4" width="211">
      <direction placement="above">
        <direction-type>
          <words default-y="7" font-family="Times" relative-x="10">2</words>
        </direction-type>
        <staff>1</staff>
      </direction>
      <direction placement="above">
        <direction-type>
          <words default-y="21" font-family="Times" relative-x="8">3</words>
        </direction-type>
        <staff>1</staff>
      </direction>
      <note default-x="14">
        <pitch>
          <step>C</step>
          <alter>1</alter>
          <octave>5</octave>
        </pitch>
        <duration>2</duration>
        <voice>1</voice>
        <type>quarter</type>
        <stem default-y="-60">down</stem>
        <staff>1</staff>
      </note>
      <note default-x="14">
        <chord/>
        <pitch>
          <step>E</step>
          <octave>5</octave>
        </pitch>
        <duration>2</duration>
        <voice>1</voice>
        <type>quarter</type>
        <stem>down</stem>
        <staff>1</staff>
      </note>
      <note default-x="80">
        <rest/>
        <duration>2</duration>
        <voice>1</voice>
        <type>quarter</type>
        <staff>1</staff>
      </note>
      <note default-x="145">
        <rest/>
        <duration>2</duration>
        <voice>1</voice>
        <type>quarter</type>
        <staff>1</staff>
      </note>
      <backup>
        <duration>6</duration>
      </backup>
      <direction placement="above">
        <direction-type>
          <words default-y="8" font-family="Times" relative-x="5">1</words>
        </direction-type>
        <staff>2</staff>
      </direction>
      <note default-x="14">
        <pitch>
          <step>A</step>
          <octave>3</octave>
        </pitch>
        <duration>1</duration>
        <voice>2</voice>
        <type>eighth</type>
        <stem default-y="-71">down</stem>
        <staff>2</staff>
        <beam number="1">begin</beam>
      </note>
      <direction placement="above">
        <direction-type>
          <words default-y="1" font-family="Times" relative-x="7">2</words>
        </direction-type>
        <staff>2</staff>
      </direction>
      <note default-x="47">
        <pitch>
          <step>E</step>
          <octave>3</octave>
        </pitch>
        <duration>1</duration>
        <voice>2</voice>
        <type>eighth</type>
        <stem default-y="-71">down</stem>
        <staff>2</staff>
        <beam number="1">continue</beam>
      </note>
      <direction placement="below">
        <direction-type>
          <words default-y="-63" font-family="Times" relative-x="9">3</words>
        </direction-type>
        <staff>2</staff>
      </direction>
      <note default-x="80">
        <pitch>
          <step>C</step>
          <alter>1</alter>
          <octave>3</octave>
        </pitch>
        <duration>1</duration>
        <voice>2</voice>
        <type>eighth</type>
        <stem default-y="-71">down</stem>
        <staff>2</staff>
        <beam number="1">continue</beam>
      </note>
      <note default-x="112">
        <pitch>
          <step>E</step>
          <octave>3</octave>
        </pitch>
        <duration>1</duration>
        <voice>2</voice>
        <type>eighth</type>
        <stem default-y="-71">down</stem>
        <staff>2</staff>
        <beam number="1">end</beam>
      </note>
      <note default-x="144">
        <pitch>
          <step>A</step>
          <octave>2</octave>
        </pitch>
        <duration>1</duration>
        <voice>2</voice>
        <type>eighth</type>
        <stem default-y="0.5">up</stem>
        <staff>2</staff>
        <notations>
          <slur number="2" type="stop"/>
        </notations>
      </note>
      <note default-x="178">
        <rest/>
        <duration>1</duration>
        <voice>2</voice>
        <type>eighth</type>
        <staff>2</staff>
      </note>
    </measure>
    <!--=======================================================-->
    <measure number="5" width="195">
      <direction placement="above">
        <direction-type>
          <words default-y="18" font-family="Times" relative-x="5">2</words>
        </direction-type>
        <staff>1</staff>
      </direction>
      <direction placement="above">
        <direction-type>
          <words default-y="34" font-family="Times" relative-x="9">4</words>
        </direction-type>
        <staff>1</staff>
      </direction>
      <note default-x="14">
        <pitch>
          <step>E</step>
          <octave>5</octave>
        </pitch>
        <duration>6</duration>
        <voice>1</voice>
        <type>half</type>
        <dot/>
        <stem default-y="-48">down</stem>
        <staff>1</staff>
        <notations>
          <slur number="1" placement="above" type="start"/>
        </notations>
      </note>
      <note default-x="14">
        <chord/>
        <pitch>
          <step>G</step>
          <octave>5</octave>
        </pitch>
        <duration>6</duration>
        <voice>1</voice>
        <type>half</type>
        <dot/>
        <stem>down</stem>
        <staff>1</staff>
      </note>
      <backup>
        <duration>6</duration>
      </backup>
      <direction placement="below">
        <direction-type>
          <words default-y="-55" font-family="Times" relative-x="3">5</words>
        </direction-type>
        <staff>2</staff>
      </direction>
      <note default-x="14">
        <pitch>
          <step>A</step>
          <octave>2</octave>
        </pitch>
        <duration>1</duration>
        <voice>2</voice>
        <type>eighth</type>
        <stem default-y="12">up</stem>
        <staff>2</staff>
        <beam number="1">begin</beam>
        <notations>
          <slur number="2" placement="above" type="start"/>
        </notations>
      </note>
      <note default-x="44">
        <pitch>
          <step>B</step>
          <octave>2</octave>
        </pitch>
        <duration>1</duration>
        <voice>2</voice>
        <type>eighth</type>
        <stem default-y="12">up</stem>
        <staff>2</staff>
        <beam number="1">continue</beam>
      </note>
      <note default-x="74">
        <pitch>
          <step>C</step>
          <alter>1</alter>
          <octave>3</octave>
        </pitch>
        <duration>1</duration>
        <voice>2</voice>
        <type>eighth</type>
        <stem default-y="12">up</stem>
        <staff>2</staff>
        <beam number="1">continue</beam>
      </note>
      <note default-x="104">
        <pitch>
          <step>A</step>
          <octave>2</octave>
        </pitch>
        <duration>1</duration>
        <voice>2</voice>
        <type>eighth</type>
        <stem default-y="12">up</stem>
        <staff>2</staff>
        <beam number="1">continue</beam>
      </note>
      <note default-x="134">
        <pitch>
          <step>B</step>
          <octave>2</octave>
        </pitch>
        <duration>1</duration>
        <voice>2</voice>
        <type>eighth</type>
        <stem default-y="12">up</stem>
        <staff>2</staff>
        <beam number="1">continue</beam>
      </note>
      <note default-x="164">
        <pitch>
          <step>C</step>
          <alter>1</alter>
          <octave>3</octave>
        </pitch>
        <duration>1</duration>
        <voice>2</voice>
        <type>eighth</type>
        <stem default-y="12">up</stem>
        <staff>2</staff>
        <beam number="1">end</beam>
      </note>
    </measure>
    <!--=======================================================-->
    <measure number="6" width="303">
      <print new-system="yes">
        <system-layout>
          <system-margins>
            <left-margin>2</left-margin>
            <right-margin>0</right-margin>
          </system-margins>
          <system-distance>87</system-distance>
        </system-layout>
        <staff-layout number="2">
          <staff-distance>69</staff-distance>
        </staff-layout>
      </print>
      <note default-x="102">
        <pitch>
          <step>D</step>
          <octave>5</octave>
        </pitch>
        <duration>6</duration>
        <voice>1</voice>
        <type>half</type>
        <dot/>
        <stem default-y="-53.5">down</stem>
        <staff>1</staff>
      </note>
      <note default-x="102">
        <chord/>
        <pitch>
          <step>F</step>
          <alter>1</alter>
          <octave>5</octave>
        </pitch>
        <duration>6</duration>
        <voice>1</voice>
        <type>half</type>
        <dot/>
        <stem>down</stem>
        <staff>1</staff>
      </note>
      <backup>
        <duration>6</duration>
      </backup>
      <direction placement="below">
        <direction-type>
          <words default-y="-67" font-family="Times">2</words>
        </direction-type>
        <staff>2</staff>
      </direction>
      <note default-x="102">
        <pitch>
          <step>D</step>
          <octave>3</octave>
        </pitch>
        <duration>1</duration>
        <voice>2</voice>
        <type>eighth</type>
        <stem default-y="-65">down</stem>
        <staff>2</staff>
        <beam number="1">begin</beam>
      </note>
      <direction placement="below">
        <direction-type>
          <words default-y="-65" font-family="Times">1</words>
        </direction-type>
        <staff>2</staff>
      </direction>
      <note default-x="135">
        <pitch>
          <step>E</step>
          <octave>3</octave>
        </pitch>
        <duration>1</duration>
        <voice>2</voice>
        <type>eighth</type>
        <stem default-y="-64">down</stem>
        <staff>2</staff>
        <beam number="1">continue</beam>
      </note>
      <direction placement="below">
        <direction-type>
          <words default-y="-66" font-family="Times" relative-x="3">4</words>
        </direction-type>
        <staff>2</staff>
      </direction>
      <note default-x="169">
        <pitch>
          <step>F</step>
          <alter>1</alter>
          <octave>3</octave>
        </pitch>
        <duration>1</duration>
        <voice>2</voice>
        <type>eighth</type>
        <stem default-y="-63">down</stem>
        <staff>2</staff>
        <beam number="1">continue</beam>
      </note>
      <note default-x="202">
        <pitch>
          <step>G</step>
          <octave>3</octave>
        </pitch>
        <duration>1</duration>
        <voice>2</voice>
        <type>eighth</type>
        <stem default-y="-61.5">down</stem>
        <staff>2</staff>
        <beam number="1">continue</beam>
      </note>
      <note default-x="236">
        <pitch>
          <step>A</step>
          <octave>3</octave>
        </pitch>
        <duration>1</duration>
        <voice>2</voice>
        <type>eighth</type>
        <stem default-y="-60.5">down</stem>
        <staff>2</staff>
        <beam number="1">continue</beam>
      </note>
      <note default-x="269">
        <pitch>
          <step>B</step>
          <octave>3</octave>
        </pitch>
        <duration>1</duration>
        <voice>2</voice>
        <type>eighth</type>
        <stem default-y="-59">down</stem>
        <staff>2</staff>
        <beam number="1">end</beam>
      </note>
    </measure>
    <!--=======================================================-->
    <measure number="7" width="260">
      <note default-x="13">
        <pitch>
          <step>G</step>
          <octave>4</octave>
        </pitch>
        <duration>2</duration>
        <voice>1</voice>
        <type>quarter</type>
        <stem default-y="-69.5">down</stem>
        <staff>1</staff>
        <notations>
          <slur number="1" type="stop"/>
        </notations>
      </note>
      <note default-x="28">
        <chord/>
        <pitch>
          <step>A</step>
          <octave>4</octave>
        </pitch>
        <duration>2</duration>
        <voice>1</voice>
        <type>quarter</type>
        <stem>down</stem>
        <staff>1</staff>
      </note>
      <note default-x="28">
        <chord/>
        <pitch>
          <step>E</step>
          <octave>5</octave>
        </pitch>
        <duration>2</duration>
        <voice>1</voice>
        <type>quarter</type>
        <stem>down</stem>
        <staff>1</staff>
      </note>
      <note default-x="90">
        <pitch>
          <step>G</step>
          <octave>4</octave>
        </pitch>
        <duration>2</duration>
        <voice>1</voice>
        <type>quarter</type>
        <stem default-y="-69.5">down</stem>
        <staff>1</staff>
      </note>
      <note default-x="105">
        <chord/>
        <pitch>
          <step>A</step>
          <octave>4</octave>
        </pitch>
        <duration>2</duration>
        <voice>1</voice>
        <type>quarter</type>
        <stem>down</stem>
        <staff>1</staff>
      </note>
      <note default-x="105">
        <chord/>
        <pitch>
          <step>E</step>
          <octave>5</octave>
        </pitch>
        <duration>2</duration>
        <voice>1</voice>
        <type>quarter</type>
        <stem>down</stem>
        <staff>1</staff>
      </note>
      <note default-x="167">
        <pitch>
          <step>G</step>
          <octave>4</octave>
        </pitch>
        <duration>2</duration>
        <voice>1</voice>
        <type>quarter</type>
        <stem default-y="-69.5">down</stem>
        <staff>1</staff>
      </note>
      <note default-x="183">
        <chord/>
        <pitch>
          <step>A</step>
          <octave>4</octave>
        </pitch>
        <duration>2</duration>
        <voice>1</voice>
        <type>quarter</type>
        <stem>down</stem>
        <staff>1</staff>
      </note>
      <note default-x="183">
        <chord/>
        <pitch>
          <step>E</step>
          <octave>5</octave>
        </pitch>
        <duration>2</duration>
        <voice>1</voice>
        <type>quarter</type>
        <stem>down</stem>
        <staff>1</staff>
      </note>
      <backup>
        <duration>6</duration>
      </backup>
      <direction placement="below">
        <direction-type>
          <words default-y="-54" font-family="Times">2</words>
        </direction-type>
        <staff>2</staff>
      </direction>
      <note default-x="28">
        <pitch>
          <step>C</step>
          <alter>1</alter>
          <octave>4</octave>
        </pitch>
        <duration>1</duration>
        <voice>2</voice>
        <type>eighth</type>
        <stem default-y="-42">down</stem>
        <staff>2</staff>
        <beam number="1">begin</beam>
      </note>
      <note default-x="67">
        <pitch>
          <step>B</step>
          <octave>3</octave>
        </pitch>
        <duration>1</duration>
        <voice>2</voice>
        <type>eighth</type>
        <stem default-y="-42">down</stem>
        <staff>2</staff>
        <beam number="1">continue</beam>
      </note>
      <note default-x="105">
        <pitch>
          <step>C</step>
          <alter>1</alter>
          <octave>4</octave>
        </pitch>
        <duration>1</duration>
        <voice>2</voice>
        <type>eighth</type>
        <stem default-y="-42">down</stem>
        <staff>2</staff>
        <beam number="1">continue</beam>
      </note>
      <note default-x="144">
        <pitch>
          <step>A</step>
          <octave>3</octave>
        </pitch>
        <duration>1</duration>
        <voice>2</voice>
        <type>eighth</type>
        <stem default-y="-42">down</stem>
        <staff>2</staff>
        <beam number="1">continue</beam>
      </note>
      <note default-x="183">
        <pitch>
          <step>B</step>
          <octave>3</octave>
        </pitch>
        <duration>1</duration>
        <voice>2</voice>
        <type>eighth</type>
        <stem default-y="-42">down</stem>
        <staff>2</staff>
        <beam number="1">continue</beam>
      </note>
      <note default-x="221">
        <pitch>
          <step>C</step>
          <alter>1</alter>
          <octave>4</octave>
        </pitch>
        <duration>1</duration>
        <voice>2</voice>
        <type>eighth</type>
        <stem default-y="-42">down</stem>
        <staff>2</staff>
        <beam number="1">end</beam>
      </note>
    </measure>
    <!--=======================================================-->
    <measure number="8" width="241">
      <direction placement="above">
        <direction-type>
          <words default-y="4" font-family="Times" relative-x="8">1</words>
        </direction-type>
        <staff>1</staff>
      </direction>
      <direction placement="above">
        <direction-type>
          <words default-y="17" font-family="Times" relative-x="6">2</words>
        </direction-type>
        <staff>1</staff>
      </direction>
      <direction placement="above">
        <direction-type>
          <words default-y="35" font-family="Times" relative-x="6">4</words>
        </direction-type>
        <staff>1</staff>
      </direction>
      <note default-x="17">
        <pitch>
          <step>F</step>
          <alter>1</alter>
          <octave>4</octave>
        </pitch>
        <duration>2</duration>
        <voice>1</voice>
        <type>quarter</type>
        <stem default-y="23">up</stem>
        <staff>1</staff>
      </note>
      <note default-x="17">
        <chord/>
        <pitch>
          <step>A</step>
          <octave>4</octave>
        </pitch>
        <duration>2</duration>
        <voice>1</voice>
        <type>quarter</type>
        <stem>up</stem>
        <staff>1</staff>
      </note>
      <note default-x="17">
        <chord/>
        <pitch>
          <step>D</step>
          <octave>5</octave>
        </pitch>
        <duration>2</duration>
        <voice>1</voice>
        <type>quarter</type>
        <stem>up</stem>
        <staff>1</staff>
      </note>
      <note default-x="86">
        <rest/>
        <duration>2</duration>
        <voice>1</voice>
        <type>quarter</type>
        <staff>1</staff>
      </note>
      <note default-x="156">
        <rest/>
        <duration>2</duration>
        <voice>1</voice>
        <type>quarter</type>
        <staff>1</staff>
      </note>
      <backup>
        <duration>6</duration>
      </backup>
      <note default-x="17">
        <pitch>
          <step>D</step>
          <octave>4</octave>
        </pitch>
        <duration>1</duration>
        <voice>2</voice>
        <type>eighth</type>
        <stem default-y="-53.5">down</stem>
        <staff>2</staff>
        <beam number="1">begin</beam>
      </note>
      <direction placement="below">
        <direction-type>
          <words default-y="-63" font-family="Times">2</words>
        </direction-type>
        <staff>2</staff>
      </direction>
      <note default-x="51">
        <pitch>
          <step>A</step>
          <octave>3</octave>
        </pitch>
        <duration>1</duration>
        <voice>2</voice>
        <type>eighth</type>
        <stem default-y="-53.5">down</stem>
        <staff>2</staff>
        <beam number="1">continue</beam>
      </note>
      <direction placement="below">
        <direction-type>
          <words default-y="-63" font-family="Times">3</words>
        </direction-type>
        <staff>2</staff>
      </direction>
      <note default-x="86">
        <pitch>
          <step>F</step>
          <alter>1</alter>
          <octave>3</octave>
        </pitch>
        <duration>1</duration>
        <voice>2</voice>
        <type>eighth</type>
        <stem default-y="-53.5">down</stem>
        <staff>2</staff>
        <beam number="1">continue</beam>
      </note>
      <note default-x="121">
        <pitch>
          <step>A</step>
          <octave>3</octave>
        </pitch>
        <duration>1</duration>
        <voice>2</voice>
        <type>eighth</type>
        <stem default-y="-53.5">down</stem>
        <staff>2</staff>
        <beam number="1">end</beam>
      </note>
      <note default-x="156">
        <pitch>
          <step>D</step>
          <octave>3</octave>
        </pitch>
        <duration>1</duration>
        <voice>2</voice>
        <type>eighth</type>
        <stem default-y="-66">down</stem>
        <staff>2</staff>
        <notations>
          <slur number="2" type="stop"/>
        </notations>
      </note>
      <note default-x="190">
        <rest/>
        <duration>1</duration>
        <voice>2</voice>
        <type>eighth</type>
        <staff>2</staff>
      </note>
      <barline location="right">
        <bar-style>light-heavy</bar-style>
        <repeat direction="backward" winged="none"/>
      </barline>
    </measure>
    <!--=======================================================-->
    <measure number="9" width="240">
      <barline location="left">
        <bar-style>heavy-light</bar-style>
        <repeat direction="forward" winged="none"/>
      </barline>
      <direction placement="below">
        <direction-type>
          <dynamics default-y="-107" halign="center">
            <p/>
          </dynamics>
        </direction-type>
        <staff>1</staff>
        <sound dynamics="54"/>
      </direction>
      <direction placement="above">
        <direction-type>
          <words default-y="13" font-family="Times" relative-x="4">3</words>
        </direction-type>
        <staff>1</staff>
      </direction>
      <direction placement="above">
        <direction-type>
          <words default-y="24" font-family="Times" relative-x="3">5</words>
        </direction-type>
        <staff>1</staff>
      </direction>
      <note default-x="37">
        <pitch>
          <step>C</step>
          <alter>1</alter>
          <octave>5</octave>
        </pitch>
        <duration>1</duration>
        <voice>1</voice>
        <type>eighth</type>
        <stem default-y="-71">down</stem>
        <staff>1</staff>
        <beam number="1">begin</beam>
        <notations>
          <slur number="1" placement="above" type="start"/>
        </notations>
      </note>
      <note default-x="37">
        <chord/>
        <pitch>
          <step>E</step>
          <octave>5</octave>
        </pitch>
        <duration>1</duration>
        <voice>1</voice>
        <type>eighth</type>
        <stem>down</stem>
        <staff>1</staff>
      </note>
      <note default-x="71">
        <pitch>
          <step>A</step>
          <octave>4</octave>
        </pitch>
        <duration>1</duration>
        <voice>1</voice>
        <type>eighth</type>
        <stem default-y="-71">down</stem>
        <staff>1</staff>
        <beam number="1">continue</beam>
      </note>
      <direction placement="above">
        <direction-type>
          <words default-y="7" font-family="Times" relative-x="5">2</words>
        </direction-type>
        <staff>1</staff>
      </direction>
      <direction placement="above">
        <direction-type>
          <words default-y="22" font-family="Times" relative-x="7">4</words>
        </direction-type>
        <staff>1</staff>
      </direction>
      <note default-x="104">
        <pitch>
          <step>C</step>
          <alter>1</alter>
          <octave>5</octave>
        </pitch>
        <duration>1</duration>
        <voice>1</voice>
        <type>eighth</type>
        <stem default-y="-71">down</stem>
        <staff>1</staff>
        <beam number="1">continue</beam>
      </note>
      <note default-x="104">
        <chord/>
        <pitch>
          <step>E</step>
          <octave>5</octave>
        </pitch>
        <duration>1</duration>
        <voice>1</voice>
        <type>eighth</type>
        <stem>down</stem>
        <staff>1</staff>
      </note>
      <note default-x="138">
        <pitch>
          <step>A</step>
          <octave>4</octave>
        </pitch>
        <duration>1</duration>
        <voice>1</voice>
        <type>eighth</type>
        <stem default-y="-71">down</stem>
        <staff>1</staff>
        <beam number="1">continue</beam>
      </note>
      <note default-x="172">
        <pitch>
          <step>C</step>
          <alter>1</alter>
          <octave>5</octave>
        </pitch>
        <duration>1</duration>
        <voice>1</voice>
        <type>eighth</type>
        <stem default-y="-71">down</stem>
        <staff>1</staff>
        <beam number="1">continue</beam>
      </note>
      <note default-x="172">
        <chord/>
        <pitch>
          <step>E</step>
          <octave>5</octave>
        </pitch>
        <duration>1</duration>
        <voice>1</voice>
        <type>eighth</type>
        <stem>down</stem>
        <staff>1</staff>
      </note>
      <note default-x="205">
        <pitch>
          <step>A</step>
          <octave>4</octave>
        </pitch>
        <duration>1</duration>
        <voice>1</voice>
        <type>eighth</type>
        <stem default-y="-71">down</stem>
        <staff>1</staff>
        <beam number="1">end</beam>
      </note>
      <backup>
        <duration>6</duration>
      </backup>
      <direction placement="below">
        <direction-type>
          <words default-y="-51" font-family="Times" relative-x="4">2</words>
        </direction-type>
        <staff>2</staff>
      </direction>
      <direction placement="below">
        <direction-type>
          <words default-y="-59" font-family="Times" relative-x="5">5</words>
        </direction-type>
        <staff>2</staff>
      </direction>
      <note default-x="37">
        <pitch>
          <step>A</step>
          <octave>3</octave>
        </pitch>
        <duration>2</duration>
        <voice>2</voice>
        <type>quarter</type>
        <stem default-y="-42">down</stem>
        <staff>2</staff>
      </note>
      <note default-x="37">
        <chord/>
        <pitch>
          <step>E</step>
          <octave>4</octave>
        </pitch>
        <duration>2</duration>
        <voice>2</voice>
        <type>quarter</type>
        <stem>down</stem>
        <staff>2</staff>
      </note>
      <note default-x="104">
        <pitch>
          <step>A</step>
          <octave>3</octave>
        </pitch>
        <duration>2</duration>
        <voice>2</voice>
        <type>quarter</type>
        <stem default-y="-42">down</stem>
        <staff>2</staff>
      </note>
      <note default-x="104">
        <chord/>
        <pitch>
          <step>E</step>
          <octave>4</octave>
        </pitch>
        <duration>2</duration>
        <voice>2</voice>
        <type>quarter</type>
        <stem>down</stem>
        <staff>2</staff>
      </note>
      <note default-x="172">
        <pitch>
          <step>A</step>
          <octave>3</octave>
        </pitch>
        <duration>2</duration>
        <voice>2</voice>
        <type>quarter</type>
        <stem default-y="-42">down</stem>
        <staff>2</staff>
      </note>
      <note default-x="172">
        <chord/>
        <pitch>
          <step>E</step>
          <octave>4</octave>
        </pitch>
        <duration>2</duration>
        <voice>2</voice>
        <type>quarter</type>
        <stem>down</stem>
        <staff>2</staff>
      </note>
    </measure>
    <!--=======================================================-->
    <measure number="10" width="225">
      <direction placement="above">
        <direction-type>
          <words default-y="11" font-family="Times" relative-x="8">2</words>
        </direction-type>
        <staff>1</staff>
      </direction>
      <direction placement="above">
        <direction-type>
          <words default-y="22" font-family="Times" relative-x="11">4</words>
        </direction-type>
        <staff>1</staff>
      </direction>
      <note default-x="17">
        <pitch>
          <step>D</step>
          <octave>5</octave>
        </pitch>
        <duration>1</duration>
        <voice>1</voice>
        <type>eighth</type>
        <stem default-y="-71">down</stem>
        <staff>1</staff>
        <beam number="1">begin</beam>
      </note>
      <note default-x="17">
        <chord/>
        <pitch>
          <step>F</step>
          <alter>1</alter>
          <octave>5</octave>
        </pitch>
        <duration>1</duration>
        <voice>1</voice>
        <type>eighth</type>
        <stem>down</stem>
        <staff>1</staff>
      </note>
      <note default-x="52">
        <pitch>
          <step>A</step>
          <octave>4</octave>
        </pitch>
        <duration>1</duration>
        <voice>1</voice>
        <type>eighth</type>
        <stem default-y="-71">down</stem>
        <staff>1</staff>
        <beam number="1">continue</beam>
      </note>
      <direction placement="above">
        <direction-type>
          <words default-y="27" font-family="Times" relative-x="8">4</words>
        </direction-type>
        <staff>1</staff>
      </direction>
      <direction placement="above">
        <direction-type>
          <words default-y="36" font-family="Times" relative-x="5">5</words>
        </direction-type>
        <staff>1</staff>
      </direction>
      <note default-x="86">
        <pitch>
          <step>F</step>
          <alter>1</alter>
          <octave>5</octave>
        </pitch>
        <duration>1</duration>
        <voice>1</voice>
        <type>eighth</type>
        <stem default-y="-71">down</stem>
        <staff>1</staff>
        <beam number="1">continue</beam>
      </note>
      <note default-x="86">
        <chord/>
        <pitch>
          <step>A</step>
          <octave>5</octave>
        </pitch>
        <duration>1</duration>
        <voice>1</voice>
        <type>eighth</type>
        <stem>down</stem>
        <staff>1</staff>
      </note>
      <note default-x="120">
        <pitch>
          <step>A</step>
          <octave>4</octave>
        </pitch>
        <duration>1</duration>
        <voice>1</voice>
        <type>eighth</type>
        <stem default-y="-71">down</stem>
        <staff>1</staff>
        <beam number="1">continue</beam>
      </note>
      <direction placement="above">
        <direction-type>
          <words default-y="17" font-family="Times" relative-x="10">2</words>
        </direction-type>
        <staff>1</staff>
      </direction>
      <direction placement="above">
        <direction-type>
          <words default-y="32" font-family="Times" relative-x="8">4</words>
        </direction-type>
        <staff>1</staff>
      </direction>
      <note default-x="154">
        <pitch>
          <step>D</step>
          <octave>5</octave>
        </pitch>
        <duration>1</duration>
        <voice>1</voice>
        <type>eighth</type>
        <stem default-y="-71">down</stem>
        <staff>1</staff>
        <beam number="1">continue</beam>
      </note>
      <note default-x="154">
        <chord/>
        <pitch>
          <step>F</step>
          <alter>1</alter>
          <octave>5</octave>
        </pitch>
        <duration>1</duration>
        <voice>1</voice>
        <type>eighth</type>
        <stem>down</stem>
        <staff>1</staff>
      </note>
      <note default-x="190">
        <pitch>
          <step>A</step>
          <octave>4</octave>
        </pitch>
        <duration>1</duration>
        <voice>1</voice>
        <type>eighth</type>
        <stem default-y="-71">down</stem>
        <staff>1</staff>
        <beam number="1">end</beam>
      </note>
      <backup>
        <duration>6</duration>
      </backup>
      <direction placement="below">
        <direction-type>
          <words default-y="-52" font-family="Times" relative-x="8">1</words>
        </direction-type>
        <staff>2</staff>
      </direction>
      <direction placement="below">
        <direction-type>
          <words default-y="-67" font-family="Times" relative-x="5">3</words>
        </direction-type>
        <staff>2</staff>
      </direction>
      <note default-x="17">
        <pitch>
          <step>D</step>
          <octave>4</octave>
        </pitch>
        <duration>6</duration>
        <voice>2</voice>
        <type>half</type>
        <dot/>
        <stem default-y="-24">down</stem>
        <staff>2</staff>
      </note>
      <note default-x="17">
        <chord/>
        <pitch>
          <step>F</step>
          <alter>1</alter>
          <octave>4</octave>
        </pitch>
        <duration>6</duration>
        <voice>2</voice>
        <type>half</type>
        <dot/>
        <stem>down</stem>
        <staff>2</staff>
      </note>
    </measure>
    <!--=======================================================-->
    <measure number="11" width="261">
      <print new-system="yes">
        <system-layout>
          <system-margins>
            <left-margin>0</left-margin>
            <right-margin>2</right-margin>
          </system-margins>
          <system-distance>100</system-distance>
        </system-layout>
        <staff-layout number="2">
          <staff-distance>59</staff-distance>
        </staff-layout>
      </print>
      <attributes>
        <staff-details number="2">
          <staff-size>111</staff-size>
        </staff-details>
      </attributes>
      <direction placement="above">
        <direction-type>
          <words default-y="4" font-family="Times" relative-x="9">2</words>
        </direction-type>
        <staff>1</staff>
      </direction>
      <direction placement="above">
        <direction-type>
          <words default-y="15" font-family="Times" relative-x="7">4</words>
        </direction-type>
        <staff>1</staff>
      </direction>
      <note default-x="103">
        <pitch>
          <step>C</step>
          <alter>1</alter>
          <octave>5</octave>
        </pitch>
        <duration>1</duration>
        <voice>1</voice>
        <type>eighth</type>
        <stem default-y="-71">down</stem>
        <staff>1</staff>
        <beam number="1">begin</beam>
        <notations>
          <slur number="1" type="stop"/>
          <slur number="1" placement="above" type="start"/>
        </notations>
      </note>
      <note default-x="103">
        <chord/>
        <pitch>
          <step>E</step>
          <octave>5</octave>
        </pitch>
        <duration>1</duration>
        <voice>1</voice>
        <type>eighth</type>
        <stem>down</stem>
        <staff>1</staff>
      </note>
      <note default-x="130">
        <pitch>
          <step>A</step>
          <octave>4</octave>
        </pitch>
        <duration>1</duration>
        <voice>1</voice>
        <type>eighth</type>
        <stem default-y="-71">down</stem>
        <staff>1</staff>
        <beam number="1">continue</beam>
      </note>
      <note default-x="156">
        <pitch>
          <step>C</step>
          <alter>1</alter>
          <octave>5</octave>
        </pitch>
        <duration>1</duration>
        <voice>1</voice>
        <type>eighth</type>
        <stem default-y="-71">down</stem>
        <staff>1</staff>
        <beam number="1">continue</beam>
      </note>
      <note default-x="156">
        <chord/>
        <pitch>
          <step>E</step>
          <octave>5</octave>
        </pitch>
        <duration>1</duration>
        <voice>1</voice>
        <type>eighth</type>
        <stem>down</stem>
        <staff>1</staff>
      </note>
      <note default-x="182">
        <pitch>
          <step>A</step>
          <octave>4</octave>
        </pitch>
        <duration>1</duration>
        <voice>1</voice>
        <type>eighth</type>
        <stem default-y="-71">down</stem>
        <staff>1</staff>
        <beam number="1">continue</beam>
      </note>
      <note default-x="208">
        <pitch>
          <step>C</step>
          <alter>1</alter>
          <octave>5</octave>
        </pitch>
        <duration>1</duration>
        <voice>1</voice>
        <type>eighth</type>
        <stem default-y="-71">down</stem>
        <staff>1</staff>
        <beam number="1">continue</beam>
      </note>
      <note default-x="208">
        <chord/>
        <pitch>
          <step>E</step>
          <octave>5</octave>
        </pitch>
        <duration>1</duration>
        <voice>1</voice>
        <type>eighth</type>
        <stem>down</stem>
        <staff>1</staff>
      </note>
      <note default-x="235">
        <pitch>
          <step>A</step>
          <octave>4</octave>
        </pitch>
        <duration>1</duration>
        <voice>1</voice>
        <type>eighth</type>
        <stem default-y="-71">down</stem>
        <staff>1</staff>
        <beam number="1">end</beam>
      </note>
      <backup>
        <duration>6</duration>
      </backup>
      <direction placement="below">
        <direction-type>
          <words default-y="-48" font-family="Times" relative-x="5">2</words>
        </direction-type>
        <staff>2</staff>
      </direction>
      <note default-x="103">
        <pitch>
          <step>A</step>
          <octave>3</octave>
        </pitch>
        <duration>2</duration>
        <voice>2</voice>
        <type>quarter</type>
        <stem default-y="-39">down</stem>
        <staff>2</staff>
      </note>
      <note default-x="103">
        <chord/>
        <pitch>
          <step>E</step>
          <octave>4</octave>
        </pitch>
        <duration>2</duration>
        <voice>2</voice>
        <type>quarter</type>
        <stem>down</stem>
        <staff>2</staff>
      </note>
      <note default-x="156">
        <pitch>
          <step>A</step>
          <octave>3</octave>
        </pitch>
        <duration>2</duration>
        <voice>2</voice>
        <type>quarter</type>
        <stem default-y="-39">down</stem>
        <staff>2</staff>
      </note>
      <note default-x="156">
        <chord/>
        <pitch>
          <step>E</step>
          <octave>4</octave>
        </pitch>
        <duration>2</duration>
        <voice>2</voice>
        <type>quarter</type>
        <stem>down</stem>
        <staff>2</staff>
      </note>
      <note default-x="208">
        <pitch>
          <step>A</step>
          <octave>3</octave>
        </pitch>
        <duration>2</duration>
        <voice>2</voice>
        <type>quarter</type>
        <stem default-y="-39">down</stem>
        <staff>2</staff>
      </note>
      <note default-x="208">
        <chord/>
        <pitch>
          <step>E</step>
          <octave>4</octave>
        </pitch>
        <duration>2</duration>
        <voice>2</voice>
        <type>quarter</type>
        <stem>down</stem>
        <staff>2</staff>
      </note>
    </measure>
    <!--=======================================================-->
    <measure number="12" width="183">
      <direction placement="above">
        <direction-type>
          <words default-y="11" font-family="Times" relative-x="4">2</words>
        </direction-type>
        <staff>1</staff>
      </direction>
      <direction placement="above">
        <direction-type>
          <words default-y="24" font-family="Times" relative-x="4">4</words>
        </direction-type>
        <staff>1</staff>
      </direction>
      <note default-x="17">
        <pitch>
          <step>D</step>
          <octave>5</octave>
        </pitch>
        <duration>1</duration>
        <voice>1</voice>
        <type>eighth</type>
        <stem default-y="-71">down</stem>
        <staff>1</staff>
        <beam number="1">begin</beam>
      </note>
      <note default-x="17">
        <chord/>
        <pitch>
          <step>F</step>
          <alter>1</alter>
          <octave>5</octave>
        </pitch>
        <duration>1</duration>
        <voice>1</voice>
        <type>eighth</type>
        <stem>down</stem>
        <staff>1</staff>
      </note>
      <note default-x="44">
        <pitch>
          <step>A</step>
          <octave>4</octave>
        </pitch>
        <duration>1</duration>
        <voice>1</voice>
        <type>eighth</type>
        <stem default-y="-71">down</stem>
        <staff>1</staff>
        <beam number="1">continue</beam>
      </note>
      <direction placement="above">
        <direction-type>
          <words default-y="21" font-family="Times" relative-x="12">4</words>
        </direction-type>
        <staff>1</staff>
      </direction>
      <direction placement="above">
        <direction-type>
          <words default-y="31" font-family="Times" relative-x="9">5</words>
        </direction-type>
        <staff>1</staff>
      </direction>
      <note default-x="72">
        <pitch>
          <step>F</step>
          <alter>1</alter>
          <octave>5</octave>
        </pitch>
        <duration>1</duration>
        <voice>1</voice>
        <type>eighth</type>
        <stem default-y="-71">down</stem>
        <staff>1</staff>
        <beam number="1">continue</beam>
      </note>
      <note default-x="72">
        <chord/>
        <pitch>
          <step>A</step>
          <octave>5</octave>
        </pitch>
        <duration>1</duration>
        <voice>1</voice>
        <type>eighth</type>
        <stem>down</stem>
        <staff>1</staff>
      </note>
      <note default-x="99">
        <pitch>
          <step>A</step>
          <octave>4</octave>
        </pitch>
        <duration>1</duration>
        <voice>1</voice>
        <type>eighth</type>
        <stem default-y="-71">down</stem>
        <staff>1</staff>
        <beam number="1">continue</beam>
      </note>
      <direction placement="above">
        <direction-type>
          <words default-y="15" font-family="Times" relative-x="9">2</words>
        </direction-type>
        <staff>1</staff>
      </direction>
      <direction placement="above">
        <direction-type>
          <words default-y="25" font-family="Times" relative-x="6">4</words>
        </direction-type>
        <staff>1</staff>
      </direction>
      <note default-x="127">
        <pitch>
          <step>D</step>
          <octave>5</octave>
        </pitch>
        <duration>1</duration>
        <voice>1</voice>
        <type>eighth</type>
        <stem default-y="-71">down</stem>
        <staff>1</staff>
        <beam number="1">continue</beam>
      </note>
      <note default-x="127">
        <chord/>
        <pitch>
          <step>F</step>
          <alter>1</alter>
          <octave>5</octave>
        </pitch>
        <duration>1</duration>
        <voice>1</voice>
        <type>eighth</type>
        <stem>down</stem>
        <staff>1</staff>
      </note>
      <note default-x="154">
        <pitch>
          <step>A</step>
          <octave>4</octave>
        </pitch>
        <duration>1</duration>
        <voice>1</voice>
        <type>eighth</type>
        <stem default-y="-71">down</stem>
        <staff>1</staff>
        <beam number="1">end</beam>
      </note>
      <backup>
        <duration>6</duration>
      </backup>
      <direction placement="below">
        <direction-type>
          <words default-y="-48" font-family="Times" relative-x="3">3</words>
        </direction-type>
        <staff>2</staff>
      </direction>
      <note default-x="17">
        <pitch>
          <step>D</step>
          <octave>4</octave>
        </pitch>
        <duration>6</duration>
        <voice>2</voice>
        <type>half</type>
        <dot/>
        <stem default-y="-22">down</stem>
        <staff>2</staff>
      </note>
      <note default-x="17">
        <chord/>
        <pitch>
          <step>F</step>
          <alter>1</alter>
          <octave>4</octave>
        </pitch>
        <duration>6</duration>
        <voice>2</voice>
        <type>half</type>
        <dot/>
        <stem>down</stem>
        <staff>2</staff>
      </note>
    </measure>
    <!--=======================================================-->
    <measure number="13" width="198">
      <direction placement="above">
        <direction-type>
          <words default-y="7" font-family="Times" relative-x="4">2</words>
        </direction-type>
        <staff>1</staff>
      </direction>
      <direction placement="below">
        <direction-type>
          <words default-y="-74" font-family="Times">cresc.</words>
        </direction-type>
        <staff>1</staff>
      </direction>
      <note default-x="17">
        <pitch>
          <step>B</step>
          <octave>4</octave>
        </pitch>
        <duration>1</duration>
        <voice>1</voice>
        <type>eighth</type>
        <stem default-y="-65">down</stem>
        <staff>1</staff>
        <beam number="1">begin</beam>
        <notations>
          <slur number="1" type="stop"/>
          <slur number="1" placement="above" type="start"/>
        </notations>
      </note>
      <direction placement="above">
        <direction-type>
          <words default-y="7" font-family="Times" relative-x="7">1</words>
        </direction-type>
        <staff>1</staff>
      </direction>
      <note default-x="47">
        <pitch>
          <step>D</step>
          <octave>5</octave>
        </pitch>
        <duration>1</duration>
        <voice>1</voice>
        <type>eighth</type>
        <stem default-y="-64">down</stem>
        <staff>1</staff>
        <beam number="1">continue</beam>
      </note>
      <direction placement="above">
        <direction-type>
          <words default-y="25" font-family="Times" relative-x="6">2</words>
        </direction-type>
        <staff>1</staff>
      </direction>
      <note default-x="77">
        <pitch>
          <step>G</step>
          <octave>5</octave>
        </pitch>
        <duration>1</duration>
        <voice>1</voice>
        <type>eighth</type>
        <stem default-y="-63">down</stem>
        <staff>1</staff>
        <beam number="1">continue</beam>
      </note>
      <direction placement="above">
        <direction-type>
          <words default-y="35" font-family="Times" relative-x="5">4</words>
        </direction-type>
        <staff>1</staff>
      </direction>
      <note default-x="107">
        <pitch>
          <step>B</step>
          <octave>5</octave>
        </pitch>
        <duration>1</duration>
        <voice>1</voice>
        <type>eighth</type>
        <stem default-y="-62">down</stem>
        <staff>1</staff>
        <beam number="1">continue</beam>
      </note>
      <direction placement="above">
        <direction-type>
          <words default-y="47" font-family="Times" relative-x="6">5</words>
        </direction-type>
        <staff>1</staff>
      </direction>
      <note default-x="137">
        <pitch>
          <step>D</step>
          <octave>6</octave>
        </pitch>
        <duration>1</duration>
        <voice>1</voice>
        <type>eighth</type>
        <stem default-y="-60.5">down</stem>
        <staff>1</staff>
        <beam number="1">continue</beam>
      </note>
      <direction placement="above">
        <direction-type>
          <words default-y="35" font-family="Times" relative-x="4">3</words>
        </direction-type>
        <staff>1</staff>
      </direction>
      <note default-x="168">
        <pitch>
          <step>B</step>
          <octave>5</octave>
        </pitch>
        <duration>1</duration>
        <voice>1</voice>
        <type>eighth</type>
        <stem default-y="-59">down</stem>
        <staff>1</staff>
        <beam number="1">end</beam>
      </note>
      <backup>
        <duration>6</duration>
      </backup>
      <direction placement="below">
        <direction-type>
          <words default-y="-52" font-family="Times" relative-x="4">5</words>
        </direction-type>
        <staff>2</staff>
      </direction>
      <note default-x="17">
        <pitch>
          <step>G</step>
          <octave>3</octave>
        </pitch>
        <duration>2</duration>
        <voice>2</voice>
        <type>quarter</type>
        <stem default-y="-44.5">down</stem>
        <staff>2</staff>
      </note>
      <note default-x="17">
        <chord/>
        <pitch>
          <step>B</step>
          <octave>3</octave>
        </pitch>
        <duration>2</duration>
        <voice>2</voice>
        <type>quarter</type>
        <stem>down</stem>
        <staff>2</staff>
      </note>
      <note default-x="17">
        <chord/>
        <pitch>
          <step>D</step>
          <octave>4</octave>
        </pitch>
        <duration>2</duration>
        <voice>2</voice>
        <type>quarter</type>
        <stem>down</stem>
        <staff>2</staff>
      </note>
      <note default-x="77">
        <pitch>
          <step>G</step>
          <octave>3</octave>
        </pitch>
        <duration>2</duration>
        <voice>2</voice>
        <type>quarter</type>
        <stem default-y="-44.5">down</stem>
        <staff>2</staff>
      </note>
      <note default-x="77">
        <chord/>
        <pitch>
          <step>B</step>
          <octave>3</octave>
        </pitch>
        <duration>2</duration>
        <voice>2</voice>
        <type>quarter</type>
        <stem>down</stem>
        <staff>2</staff>
      </note>
      <note default-x="77">
        <chord/>
        <pitch>
          <step>D</step>
          <octave>4</octave>
        </pitch>
        <duration>2</duration>
        <voice>2</voice>
        <type>quarter</type>
        <stem>down</stem>
        <staff>2</staff>
      </note>
      <note default-x="137">
        <pitch>
          <step>G</step>
          <octave>3</octave>
        </pitch>
        <duration>2</duration>
        <voice>2</voice>
        <type>quarter</type>
        <stem default-y="-44.5">down</stem>
        <staff>2</staff>
      </note>
      <note default-x="137">
        <chord/>
        <pitch>
          <step>B</step>
          <octave>3</octave>
        </pitch>
        <duration>2</duration>
        <voice>2</voice>
        <type>quarter</type>
        <stem>down</stem>
        <staff>2</staff>
      </note>
      <note default-x="137">
        <chord/>
        <pitch>
          <step>D</step>
          <octave>4</octave>
        </pitch>
        <duration>2</duration>
        <voice>2</voice>
        <type>quarter</type>
        <stem>down</stem>
        <staff>2</staff>
      </note>
    </measure>
    <!--=======================================================-->
    <measure number="14" width="211">
      <direction placement="above">
        <direction-type>
          <words default-y="28" font-family="Times">2</words>
        </direction-type>
        <staff>1</staff>
      </direction>
      <note default-x="17">
        <pitch>
          <step>A</step>
          <octave>5</octave>
        </pitch>
        <duration>1</duration>
        <voice>1</voice>
        <type>eighth</type>
        <stem default-y="-36">down</stem>
        <staff>1</staff>
        <beam number="1">begin</beam>
      </note>
      <direction placement="above">
        <direction-type>
          <words default-y="47" font-family="Times" relative-x="5">5</words>
        </direction-type>
        <staff>1</staff>
      </direction>
      <note default-x="49">
        <pitch>
          <step>D</step>
          <octave>6</octave>
        </pitch>
        <duration>1</duration>
        <voice>1</voice>
        <type>eighth</type>
        <stem default-y="-37">down</stem>
        <staff>1</staff>
        <beam number="1">continue</beam>
      </note>
      <note default-x="81">
        <pitch>
          <step>C</step>
          <alter>1</alter>
          <octave>6</octave>
        </pitch>
        <duration>1</duration>
        <voice>1</voice>
        <type>eighth</type>
        <stem default-y="-38">down</stem>
        <staff>1</staff>
        <beam number="1">continue</beam>
      </note>
      <note default-x="114">
        <pitch>
          <step>D</step>
          <octave>6</octave>
        </pitch>
        <duration>1</duration>
        <voice>1</voice>
        <type>eighth</type>
        <stem default-y="-39">down</stem>
        <staff>1</staff>
        <beam number="1">continue</beam>
      </note>
      <note default-x="146">
        <pitch>
          <step>A</step>
          <octave>5</octave>
        </pitch>
        <duration>1</duration>
        <voice>1</voice>
        <type>eighth</type>
        <stem default-y="-40.5">down</stem>
        <staff>1</staff>
        <beam number="1">continue</beam>
      </note>
      <note default-x="178">
        <pitch>
          <step>F</step>
          <alter>1</alter>
          <octave>5</octave>
        </pitch>
        <duration>1</duration>
        <voice>1</voice>
        <type>eighth</type>
        <stem default-y="-42">down</stem>
        <staff>1</staff>
        <beam number="1">end</beam>
      </note>
      <backup>
        <duration>6</duration>
      </backup>
      <direction placement="below">
        <direction-type>
          <words default-y="-55" font-family="Times" relative-x="4">4</words>
        </direction-type>
        <staff>2</staff>
      </direction>
      <note default-x="17">
        <pitch>
          <step>F</step>
          <alter>1</alter>
          <octave>3</octave>
        </pitch>
        <duration>6</duration>
        <voice>2</voice>
        <type>half</type>
        <dot/>
        <stem default-y="-50.5">down</stem>
        <staff>2</staff>
      </note>
      <note default-x="17">
        <chord/>
        <pitch>
          <step>A</step>
          <octave>3</octave>
        </pitch>
        <duration>6</duration>
        <voice>2</voice>
        <type>half</type>
        <dot/>
        <stem>down</stem>
        <staff>2</staff>
      </note>
      <note default-x="17">
        <chord/>
        <pitch>
          <step>D</step>
          <octave>4</octave>
        </pitch>
        <duration>6</duration>
        <voice>2</voice>
        <type>half</type>
        <dot/>
        <stem>down</stem>
        <staff>2</staff>
      </note>
    </measure>
    <!--=======================================================-->
    <measure number="15" width="224">
      <direction placement="above">
        <direction-type>
          <words default-y="10" font-family="Times" relative-x="4">1</words>
        </direction-type>
        <staff>1</staff>
      </direction>
      <note default-x="17">
        <pitch>
          <step>E</step>
          <octave>5</octave>
        </pitch>
        <duration>1</duration>
        <voice>1</voice>
        <type>eighth</type>
        <stem default-y="-47.5">down</stem>
        <staff>1</staff>
        <beam number="1">begin</beam>
      </note>
      <direction placement="above">
        <direction-type>
          <words default-y="28" font-family="Times" relative-x="8">4</words>
        </direction-type>
        <staff>1</staff>
      </direction>
      <note default-x="50">
        <pitch>
          <step>A</step>
          <octave>5</octave>
        </pitch>
        <duration>1</duration>
        <voice>1</voice>
        <type>eighth</type>
        <stem default-y="-47.5">down</stem>
        <staff>1</staff>
        <beam number="1">continue</beam>
      </note>
      <direction placement="above">
        <direction-type>
          <words default-y="21" font-family="Times" relative-x="9">3</words>
        </direction-type>
        <staff>1</staff>
      </direction>
      <note default-x="90">
        <pitch>
          <step>G</step>
          <alter>1</alter>
          <octave>5</octave>
        </pitch>
        <duration>1</duration>
        <voice>1</voice>
        <type>eighth</type>
        <accidental>sharp</accidental>
        <stem default-y="-47.5">down</stem>
        <staff>1</staff>
        <beam number="1">continue</beam>
      </note>
      <direction placement="above">
        <direction-type>
          <words default-y="25" font-family="Times" relative-x="12">5</words>
        </direction-type>
        <staff>1</staff>
      </direction>
      <note default-x="122">
        <pitch>
          <step>A</step>
          <octave>5</octave>
        </pitch>
        <duration>1</duration>
        <voice>1</voice>
        <type>eighth</type>
        <stem default-y="-47.5">down</stem>
        <staff>1</staff>
        <beam number="1">continue</beam>
      </note>
      <direction placement="above">
        <direction-type>
          <words default-y="15" font-family="Times" relative-x="3">4</words>
        </direction-type>
        <staff>1</staff>
      </direction>
      <note default-x="162">
        <pitch>
          <step>G</step>
          <octave>5</octave>
        </pitch>
        <duration>1</duration>
        <voice>1</voice>
        <type>eighth</type>
        <accidental>natural</accidental>
        <stem default-y="-47.5">down</stem>
        <staff>1</staff>
        <beam number="1">continue</beam>
      </note>
      <direction placement="above">
        <direction-type>
          <words default-y="11" font-family="Times" relative-x="7">2</words>
        </direction-type>
        <staff>1</staff>
      </direction>
      <note default-x="193">
        <pitch>
          <step>E</step>
          <octave>5</octave>
        </pitch>
        <duration>1</duration>
        <voice>1</voice>
        <type>eighth</type>
        <stem default-y="-47.5">down</stem>
        <staff>1</staff>
        <beam number="1">end</beam>
      </note>
      <backup>
        <duration>6</duration>
      </backup>
      <direction placement="below">
        <direction-type>
          <words default-y="-52" font-family="Times" relative-x="3">5</words>
        </direction-type>
        <staff>2</staff>
      </direction>
      <note default-x="17">
        <pitch>
          <step>A</step>
          <octave>3</octave>
        </pitch>
        <duration>2</duration>
        <voice>2</voice>
        <type>quarter</type>
        <stem default-y="-39">down</stem>
        <staff>2</staff>
      </note>
      <note default-x="17">
        <chord/>
        <pitch>
          <step>C</step>
          <alter>1</alter>
          <octave>4</octave>
        </pitch>
        <duration>2</duration>
        <voice>2</voice>
        <type>quarter</type>
        <stem>down</stem>
        <staff>2</staff>
      </note>
      <note default-x="17">
        <chord/>
        <pitch>
          <step>G</step>
          <octave>4</octave>
        </pitch>
        <duration>2</duration>
        <voice>2</voice>
        <type>quarter</type>
        <stem>down</stem>
        <staff>2</staff>
      </note>
      <note default-x="89">
        <pitch>
          <step>A</step>
          <octave>3</octave>
        </pitch>
        <duration>2</duration>
        <voice>2</voice>
        <type>quarter</type>
        <stem default-y="-39">down</stem>
        <staff>2</staff>
      </note>
      <note default-x="89">
        <chord/>
        <pitch>
          <step>C</step>
          <alter>1</alter>
          <octave>4</octave>
        </pitch>
        <duration>2</duration>
        <voice>2</voice>
        <type>quarter</type>
        <stem>down</stem>
        <staff>2</staff>
      </note>
      <note default-x="89">
        <chord/>
        <pitch>
          <step>G</step>
          <octave>4</octave>
        </pitch>
        <duration>2</duration>
        <voice>2</voice>
        <type>quarter</type>
        <stem>down</stem>
        <staff>2</staff>
      </note>
      <note default-x="162">
        <pitch>
          <step>A</step>
          <octave>3</octave>
        </pitch>
        <duration>2</duration>
        <voice>2</voice>
        <type>quarter</type>
        <stem default-y="-39">down</stem>
        <staff>2</staff>
      </note>
      <note default-x="162">
        <chord/>
        <pitch>
          <step>C</step>
          <alter>1</alter>
          <octave>4</octave>
        </pitch>
        <duration>2</duration>
        <voice>2</voice>
        <type>quarter</type>
        <stem>down</stem>
        <staff>2</staff>
      </note>
      <note default-x="162">
        <chord/>
        <pitch>
          <step>G</step>
          <octave>4</octave>
        </pitch>
        <duration>2</duration>
        <voice>2</voice>
        <type>quarter</type>
        <stem>down</stem>
        <staff>2</staff>
      </note>
    </measure>
    <!--=======================================================-->
    <measure number="16" width="192">
      <note default-x="17">
        <pitch>
          <step>D</step>
          <octave>5</octave>
        </pitch>
        <duration>1</duration>
        <voice>1</voice>
        <type>eighth</type>
        <stem default-y="-53.5">down</stem>
        <staff>1</staff>
        <beam number="1">begin</beam>
      </note>
      <note default-x="44">
        <pitch>
          <step>F</step>
          <alter>1</alter>
          <octave>5</octave>
        </pitch>
        <duration>1</duration>
        <voice>1</voice>
        <type>eighth</type>
        <stem default-y="-47.5">down</stem>
        <staff>1</staff>
        <beam number="1">end</beam>
      </note>
      <note default-x="72">
        <pitch>
          <step>A</step>
          <octave>5</octave>
        </pitch>
        <duration>1</duration>
        <voice>1</voice>
        <type>eighth</type>
        <stem default-y="-36">down</stem>
        <staff>1</staff>
        <beam number="1">begin</beam>
      </note>
      <note default-x="99">
        <pitch>
          <step>F</step>
          <alter>1</alter>
          <octave>5</octave>
        </pitch>
        <duration>1</duration>
        <voice>1</voice>
        <type>eighth</type>
        <stem default-y="-42">down</stem>
        <staff>1</staff>
        <beam number="1">end</beam>
      </note>
      <note default-x="126">
        <pitch>
          <step>D</step>
          <octave>5</octave>
        </pitch>
        <duration>1</duration>
        <voice>1</voice>
        <type>eighth</type>
        <stem default-y="-54">down</stem>
        <staff>1</staff>
        <notations>
          <slur number="1" type="stop"/>
        </notations>
      </note>
      <note default-x="155">
        <rest/>
        <duration>1</duration>
        <voice>1</voice>
        <type>eighth</type>
        <staff>1</staff>
      </note>
      <backup>
        <duration>6</duration>
      </backup>
      <direction placement="below">
        <direction-type>
          <words default-y="-50" font-family="Times">1</words>
        </direction-type>
        <staff>2</staff>
      </direction>
      <direction placement="below">
        <direction-type>
          <words default-y="-62" font-family="Times" relative-x="3">2</words>
        </direction-type>
        <staff>2</staff>
      </direction>
      <note default-x="17">
        <pitch>
          <step>D</step>
          <octave>4</octave>
        </pitch>
        <duration>4</duration>
        <voice>2</voice>
        <type>half</type>
        <stem default-y="-22">down</stem>
        <staff>2</staff>
      </note>
      <note default-x="17">
        <chord/>
        <pitch>
          <step>F</step>
          <alter>1</alter>
          <octave>4</octave>
        </pitch>
        <duration>4</duration>
        <voice>2</voice>
        <type>half</type>
        <stem>down</stem>
        <staff>2</staff>
      </note>
      <note default-x="127">
        <rest/>
        <duration>2</duration>
        <voice>2</voice>
        <type>quarter</type>
        <staff>2</staff>
      </note>
      <barline location="right">
        <bar-style>light-heavy</bar-style>
      </barline>
    </measure>
  </part>
  <!--=========================================================-->
</score-partwise>
