<?xml version="1.0" encoding="UTF-8" standalone="no"?>
<!DOCTYPE score-partwise PUBLIC "-//Recordare//DTD MusicXML 3.0 Partwise//EN" "http://www.musicxml.org/dtds/partwise.dtd">
<score-partwise version="3.0">
  <movement-title>Czerny No. 47</movement-title>
  <identification>
    <rights>©</rights>
    <encoding>
      <software>PrintMusic 2014 for Windows</software>
      <software>Dolet Light for PrintMusic 2014</software>
      <encoding-date>2014-11-10</encoding-date>
      <supports attribute="new-system" element="print" type="yes" value="yes"/>
      <supports attribute="new-page" element="print" type="yes" value="yes"/>
      <supports element="accidental" type="yes"/>
      <supports element="beam" type="yes"/>
      <supports element="stem" type="yes"/>
    </encoding>
  </identification>
  <defaults>
    <scaling>
      <millimeters>7.1967</millimeters>
      <tenths>40</tenths>
    </scaling>
    <page-layout>
      <page-height>1553</page-height>
      <page-width>1200</page-width>
      <page-margins type="both">
        <left-margin>141</left-margin>
        <right-margin>70</right-margin>
        <top-margin>88</top-margin>
        <bottom-margin>88</bottom-margin>
      </page-margins>
    </page-layout>
    <system-layout>
      <system-margins>
        <left-margin>0</left-margin>
        <right-margin>0</right-margin>
      </system-margins>
      <system-distance>121</system-distance>
      <top-system-distance>70</top-system-distance>
    </system-layout>
    <staff-layout>
      <staff-distance>80</staff-distance>
    </staff-layout>
    <appearance>
      <line-width type="stem">0.7487</line-width>
      <line-width type="beam">5</line-width>
      <line-width type="staff">0.7487</line-width>
      <line-width type="light barline">0.7487</line-width>
      <line-width type="heavy barline">5</line-width>
      <line-width type="leger">0.7487</line-width>
      <line-width type="ending">0.7487</line-width>
      <line-width type="wedge">0.7487</line-width>
      <line-width type="enclosure">0.7487</line-width>
      <line-width type="tuplet bracket">0.7487</line-width>
      <note-size type="grace">60</note-size>
      <note-size type="cue">60</note-size>
      <distance type="hyphen">120</distance>
      <distance type="beam">8</distance>
    </appearance>
    <music-font font-family="Maestro,engraved" font-size="20.4"/>
    <word-font font-family="Times New Roman" font-size="10.2"/>
  </defaults>
  <credit page="1">
    <credit-words default-x="635" default-y="1447" font-size="24" justify="center" valign="top">Czerny No. 47</credit-words>
  </credit>
  <credit page="1">
    <credit-words default-x="635" default-y="70" font-size="10" justify="center" valign="bottom">©</credit-words>
  </credit>
  <part-list>
    <score-part id="P1">
      <part-name>Piano</part-name>
      <part-abbreviation>Pno.</part-abbreviation>
      <score-instrument id="P1-I1">
        <instrument-name>SmartMusic SoftSynth</instrument-name>
        <instrument-sound>keyboard.piano</instrument-sound>
        <virtual-instrument/>
      </score-instrument>
      <midi-device>Bank 1</midi-device>
      <midi-instrument id="P1-I1">
        <midi-channel>1</midi-channel>
        <midi-bank>15489</midi-bank>
        <midi-program>1</midi-program>
        <volume>80</volume>
        <pan>0</pan>
      </midi-instrument>
    </score-part>
  </part-list>
  <!--=========================================================-->
  <part id="P1">
    <measure number="1" width="235">
      <print>
        <system-layout>
          <system-margins>
            <left-margin>70</left-margin>
            <right-margin>0</right-margin>
          </system-margins>
          <top-system-distance>152</top-system-distance>
        </system-layout>
        <measure-numbering>system</measure-numbering>
      </print>
      <attributes>
        <divisions>8</divisions>
        <key>
          <fifths>-1</fifths>
          <mode>major</mode>
        </key>
        <time>
          <beats>3</beats>
          <beat-type>4</beat-type>
        </time>
        <staves>2</staves>
        <clef number="1">
          <sign>G</sign>
          <line>2</line>
        </clef>
        <clef number="2">
          <sign>F</sign>
          <line>4</line>
        </clef>
      </attributes>
      <sound tempo="120"/>
      <direction placement="below">
        <direction-type>
          <words default-y="-73" font-style="italic">dolce</words>
        </direction-type>
        <staff>1</staff>
      </direction>
      <direction placement="above">
        <direction-type>
          <words default-y="5" font-family="Times" relative-x="4">1</words>
        </direction-type>
        <staff>1</staff>
      </direction>
      <direction directive="yes" placement="above">
        <direction-type>
          <words default-y="40" font-size="11.9" font-weight="bold">Allegro</words>
        </direction-type>
        <staff>1</staff>
      </direction>
      <note default-x="110">
        <pitch>
          <step>C</step>
          <octave>5</octave>
        </pitch>
        <duration>12</duration>
        <voice>1</voice>
        <type>quarter</type>
        <dot/>
        <stem default-y="-50">down</stem>
        <staff>1</staff>
        <notations>
          <slur number="1" placement="above" type="start"/>
        </notations>
      </note>
      <direction placement="above">
        <direction-type>
          <words default-y="18" font-family="Times" relative-x="7">3</words>
        </direction-type>
        <staff>1</staff>
      </direction>
      <note default-x="166">
        <pitch>
          <step>F</step>
          <octave>5</octave>
        </pitch>
        <duration>4</duration>
        <voice>1</voice>
        <type>eighth</type>
        <stem default-y="-35">down</stem>
        <staff>1</staff>
        <beam number="1">begin</beam>
      </note>
      <direction placement="above">
        <direction-type>
          <words default-y="28" font-family="Times" relative-x="9">5</words>
        </direction-type>
        <staff>1</staff>
      </direction>
      <note default-x="188">
        <pitch>
          <step>A</step>
          <octave>5</octave>
        </pitch>
        <duration>4</duration>
        <voice>1</voice>
        <type>eighth</type>
        <stem default-y="-35">down</stem>
        <staff>1</staff>
        <beam number="1">continue</beam>
      </note>
      <note default-x="211">
        <pitch>
          <step>F</step>
          <octave>5</octave>
        </pitch>
        <duration>4</duration>
        <voice>1</voice>
        <type>eighth</type>
        <stem default-y="-35">down</stem>
        <staff>1</staff>
        <beam number="1">end</beam>
      </note>
      <backup>
        <duration>24</duration>
      </backup>
      <direction placement="below">
        <direction-type>
          <words default-y="-47" font-family="Times" relative-x="5">4</words>
        </direction-type>
        <staff>2</staff>
      </direction>
      <note default-x="110">
        <pitch>
          <step>F</step>
          <octave>3</octave>
        </pitch>
        <duration>8</duration>
        <voice>2</voice>
        <type>quarter</type>
        <stem default-y="-45">down</stem>
        <staff>2</staff>
      </note>
      <note default-x="147">
        <pitch>
          <step>A</step>
          <octave>3</octave>
        </pitch>
        <duration>8</duration>
        <voice>2</voice>
        <type>quarter</type>
        <stem default-y="-35">down</stem>
        <staff>2</staff>
      </note>
      <note default-x="147">
        <chord/>
        <pitch>
          <step>C</step>
          <octave>4</octave>
        </pitch>
        <duration>8</duration>
        <voice>2</voice>
        <type>quarter</type>
        <stem>down</stem>
        <staff>2</staff>
      </note>
      <note default-x="188">
        <pitch>
          <step>A</step>
          <octave>3</octave>
        </pitch>
        <duration>8</duration>
        <voice>2</voice>
        <type>quarter</type>
        <stem default-y="-35">down</stem>
        <staff>2</staff>
      </note>
      <note default-x="188">
        <chord/>
        <pitch>
          <step>C</step>
          <octave>4</octave>
        </pitch>
        <duration>8</duration>
        <voice>2</voice>
        <type>quarter</type>
        <stem>down</stem>
        <staff>2</staff>
      </note>
    </measure>
    <!--=======================================================-->
    <measure number="2" width="139">
      <direction placement="above">
        <direction-type>
          <words default-y="5" font-family="Times" relative-x="4">1</words>
        </direction-type>
        <staff>1</staff>
      </direction>
      <note default-x="14">
        <pitch>
          <step>C</step>
          <octave>5</octave>
        </pitch>
        <duration>12</duration>
        <voice>1</voice>
        <type>quarter</type>
        <dot/>
        <stem default-y="-50">down</stem>
        <staff>1</staff>
      </note>
      <direction placement="above">
        <direction-type>
          <words default-y="8" font-family="Times" relative-x="7">2</words>
        </direction-type>
        <staff>1</staff>
      </direction>
      <note default-x="69">
        <pitch>
          <step>A</step>
          <octave>4</octave>
        </pitch>
        <duration>4</duration>
        <voice>1</voice>
        <type>eighth</type>
        <stem default-y="20">up</stem>
        <staff>1</staff>
        <beam number="1">begin</beam>
      </note>
      <direction placement="above">
        <direction-type>
          <words default-y="26" font-family="Times" relative-x="5">1</words>
        </direction-type>
        <staff>1</staff>
      </direction>
      <note default-x="92">
        <pitch>
          <step>F</step>
          <octave>4</octave>
        </pitch>
        <duration>4</duration>
        <voice>1</voice>
        <type>eighth</type>
        <stem default-y="22.5">up</stem>
        <staff>1</staff>
        <beam number="1">continue</beam>
      </note>
      <direction placement="above">
        <direction-type>
          <words default-y="25" font-family="Times" relative-x="8">5</words>
        </direction-type>
        <staff>1</staff>
      </direction>
      <note default-x="115">
        <pitch>
          <step>D</step>
          <octave>5</octave>
        </pitch>
        <duration>4</duration>
        <voice>1</voice>
        <type>eighth</type>
        <stem default-y="25">up</stem>
        <staff>1</staff>
        <beam number="1">end</beam>
      </note>
      <backup>
        <duration>24</duration>
      </backup>
      <note default-x="14">
        <pitch>
          <step>F</step>
          <octave>3</octave>
        </pitch>
        <duration>8</duration>
        <voice>2</voice>
        <type>quarter</type>
        <stem default-y="-45">down</stem>
        <staff>2</staff>
      </note>
      <note default-x="51">
        <pitch>
          <step>A</step>
          <octave>3</octave>
        </pitch>
        <duration>8</duration>
        <voice>2</voice>
        <type>quarter</type>
        <stem default-y="-35">down</stem>
        <staff>2</staff>
      </note>
      <note default-x="51">
        <chord/>
        <pitch>
          <step>C</step>
          <octave>4</octave>
        </pitch>
        <duration>8</duration>
        <voice>2</voice>
        <type>quarter</type>
        <stem>down</stem>
        <staff>2</staff>
      </note>
      <note default-x="92">
        <pitch>
          <step>A</step>
          <octave>3</octave>
        </pitch>
        <duration>8</duration>
        <voice>2</voice>
        <type>quarter</type>
        <stem default-y="-35">down</stem>
        <staff>2</staff>
      </note>
      <note default-x="92">
        <chord/>
        <pitch>
          <step>C</step>
          <octave>4</octave>
        </pitch>
        <duration>8</duration>
        <voice>2</voice>
        <type>quarter</type>
        <stem>down</stem>
        <staff>2</staff>
      </note>
    </measure>
    <!--=======================================================-->
    <measure number="3" width="139">
      <direction placement="above">
        <direction-type>
          <words default-y="6" font-family="Times" relative-x="6">4</words>
        </direction-type>
        <staff>1</staff>
      </direction>
      <note default-x="14">
        <pitch>
          <step>C</step>
          <octave>5</octave>
        </pitch>
        <duration>12</duration>
        <voice>1</voice>
        <type>quarter</type>
        <dot/>
        <stem default-y="-50">down</stem>
        <staff>1</staff>
      </note>
      <direction placement="above">
        <direction-type>
          <words default-y="6" font-family="Times" relative-x="9">3</words>
        </direction-type>
        <staff>1</staff>
      </direction>
      <note default-x="69">
        <pitch>
          <step>B</step>
          <alter>-1</alter>
          <octave>4</octave>
        </pitch>
        <duration>4</duration>
        <voice>1</voice>
        <type>eighth</type>
        <stem default-y="-67">down</stem>
        <staff>1</staff>
        <beam number="1">begin</beam>
      </note>
      <direction placement="above">
        <direction-type>
          <words default-y="6" font-family="Times" relative-x="8">1</words>
        </direction-type>
        <staff>1</staff>
      </direction>
      <note default-x="92">
        <pitch>
          <step>G</step>
          <octave>4</octave>
        </pitch>
        <duration>4</duration>
        <voice>1</voice>
        <type>eighth</type>
        <stem default-y="-65">down</stem>
        <staff>1</staff>
        <beam number="1">continue</beam>
      </note>
      <direction placement="above">
        <direction-type>
          <words default-y="9" font-family="Times" relative-x="6">5</words>
        </direction-type>
        <staff>1</staff>
      </direction>
      <note default-x="115">
        <pitch>
          <step>D</step>
          <octave>5</octave>
        </pitch>
        <duration>4</duration>
        <voice>1</voice>
        <type>eighth</type>
        <stem default-y="-62">down</stem>
        <staff>1</staff>
        <beam number="1">end</beam>
      </note>
      <backup>
        <duration>24</duration>
      </backup>
      <note default-x="14">
        <pitch>
          <step>E</step>
          <octave>3</octave>
        </pitch>
        <duration>8</duration>
        <voice>2</voice>
        <type>quarter</type>
        <stem default-y="-50">down</stem>
        <staff>2</staff>
      </note>
      <note default-x="51">
        <pitch>
          <step>G</step>
          <octave>3</octave>
        </pitch>
        <duration>8</duration>
        <voice>2</voice>
        <type>quarter</type>
        <stem default-y="-40.5">down</stem>
        <staff>2</staff>
      </note>
      <note default-x="51">
        <chord/>
        <pitch>
          <step>C</step>
          <octave>4</octave>
        </pitch>
        <duration>8</duration>
        <voice>2</voice>
        <type>quarter</type>
        <stem>down</stem>
        <staff>2</staff>
      </note>
      <note default-x="92">
        <pitch>
          <step>G</step>
          <octave>3</octave>
        </pitch>
        <duration>8</duration>
        <voice>2</voice>
        <type>quarter</type>
        <stem default-y="-40.5">down</stem>
        <staff>2</staff>
      </note>
      <note default-x="92">
        <chord/>
        <pitch>
          <step>C</step>
          <octave>4</octave>
        </pitch>
        <duration>8</duration>
        <voice>2</voice>
        <type>quarter</type>
        <stem>down</stem>
        <staff>2</staff>
      </note>
    </measure>
    <!--=======================================================-->
    <measure number="4" width="126">
      <direction placement="above">
        <direction-type>
          <words default-y="12" font-family="Times" relative-x="6">4</words>
        </direction-type>
        <staff>1</staff>
      </direction>
      <direction placement="below">
        <direction-type>
          <wedge default-y="-75" spread="15" type="diminuendo"/>
        </direction-type>
        <staff>1</staff>
      </direction>
      <note default-x="14">
        <pitch>
          <step>C</step>
          <octave>5</octave>
        </pitch>
        <duration>16</duration>
        <voice>1</voice>
        <type>half</type>
        <stem default-y="-50">down</stem>
        <staff>1</staff>
      </note>
      <direction>
        <direction-type>
          <wedge spread="0" type="stop"/>
        </direction-type>
        <offset>-8</offset>
        <staff>1</staff>
      </direction>
      <direction placement="above">
        <direction-type>
          <words default-y="9" font-family="Times" relative-x="7">2</words>
        </direction-type>
        <staff>1</staff>
      </direction>
      <note default-x="88">
        <pitch>
          <step>A</step>
          <octave>4</octave>
        </pitch>
        <duration>8</duration>
        <voice>1</voice>
        <type>quarter</type>
        <stem default-y="11">up</stem>
        <staff>1</staff>
        <notations>
          <slur number="1" type="stop"/>
          <slur number="1" placement="above" type="start"/>
        </notations>
      </note>
      <backup>
        <duration>24</duration>
      </backup>
      <note default-x="14">
        <pitch>
          <step>F</step>
          <octave>3</octave>
        </pitch>
        <duration>8</duration>
        <voice>2</voice>
        <type>quarter</type>
        <stem default-y="-45">down</stem>
        <staff>2</staff>
      </note>
      <note default-x="51">
        <pitch>
          <step>A</step>
          <octave>3</octave>
        </pitch>
        <duration>8</duration>
        <voice>2</voice>
        <type>quarter</type>
        <stem default-y="-35">down</stem>
        <staff>2</staff>
      </note>
      <note default-x="51">
        <chord/>
        <pitch>
          <step>C</step>
          <octave>4</octave>
        </pitch>
        <duration>8</duration>
        <voice>2</voice>
        <type>quarter</type>
        <stem>down</stem>
        <staff>2</staff>
      </note>
      <note default-x="88">
        <pitch>
          <step>A</step>
          <octave>3</octave>
        </pitch>
        <duration>8</duration>
        <voice>2</voice>
        <type>quarter</type>
        <stem default-y="-35">down</stem>
        <staff>2</staff>
      </note>
      <note default-x="88">
        <chord/>
        <pitch>
          <step>C</step>
          <octave>4</octave>
        </pitch>
        <duration>8</duration>
        <voice>2</voice>
        <type>quarter</type>
        <stem>down</stem>
        <staff>2</staff>
      </note>
    </measure>
    <!--=======================================================-->
    <measure number="5" width="139">
      <direction placement="above">
        <direction-type>
          <words default-y="8" font-family="Times" relative-x="3">1</words>
        </direction-type>
        <staff>1</staff>
      </direction>
      <note default-x="14">
        <pitch>
          <step>C</step>
          <octave>5</octave>
        </pitch>
        <duration>12</duration>
        <voice>1</voice>
        <type>quarter</type>
        <dot/>
        <stem default-y="-50">down</stem>
        <staff>1</staff>
      </note>
      <direction placement="above">
        <direction-type>
          <words default-y="13" font-family="Times" relative-x="5">3</words>
        </direction-type>
        <staff>1</staff>
      </direction>
      <direction placement="below">
        <direction-type>
          <wedge default-y="-70" spread="0" type="crescendo"/>
        </direction-type>
        <staff>1</staff>
      </direction>
      <note default-x="69">
        <pitch>
          <step>F</step>
          <octave>5</octave>
        </pitch>
        <duration>4</duration>
        <voice>1</voice>
        <type>eighth</type>
        <stem default-y="-35">down</stem>
        <staff>1</staff>
        <beam number="1">begin</beam>
      </note>
      <note default-x="92">
        <pitch>
          <step>A</step>
          <octave>5</octave>
        </pitch>
        <duration>4</duration>
        <voice>1</voice>
        <type>eighth</type>
        <stem default-y="-35">down</stem>
        <staff>1</staff>
        <beam number="1">continue</beam>
      </note>
      <note default-x="115">
        <pitch>
          <step>F</step>
          <octave>5</octave>
        </pitch>
        <duration>4</duration>
        <voice>1</voice>
        <type>eighth</type>
        <stem default-y="-35">down</stem>
        <staff>1</staff>
        <beam number="1">end</beam>
      </note>
      <backup>
        <duration>24</duration>
      </backup>
      <direction placement="below">
        <direction-type>
          <words default-y="-54" font-family="Times">5</words>
        </direction-type>
        <staff>2</staff>
      </direction>
      <note default-x="14">
        <pitch>
          <step>F</step>
          <octave>3</octave>
        </pitch>
        <duration>8</duration>
        <voice>2</voice>
        <type>quarter</type>
        <stem default-y="-45">down</stem>
        <staff>2</staff>
      </note>
      <note default-x="51">
        <pitch>
          <step>A</step>
          <octave>3</octave>
        </pitch>
        <duration>8</duration>
        <voice>2</voice>
        <type>quarter</type>
        <stem default-y="-35">down</stem>
        <staff>2</staff>
      </note>
      <note default-x="51">
        <chord/>
        <pitch>
          <step>C</step>
          <octave>4</octave>
        </pitch>
        <duration>8</duration>
        <voice>2</voice>
        <type>quarter</type>
        <stem>down</stem>
        <staff>2</staff>
      </note>
      <note default-x="92">
        <pitch>
          <step>A</step>
          <octave>3</octave>
        </pitch>
        <duration>8</duration>
        <voice>2</voice>
        <type>quarter</type>
        <stem default-y="-35">down</stem>
        <staff>2</staff>
      </note>
      <note default-x="92">
        <chord/>
        <pitch>
          <step>C</step>
          <octave>4</octave>
        </pitch>
        <duration>8</duration>
        <voice>2</voice>
        <type>quarter</type>
        <stem>down</stem>
        <staff>2</staff>
      </note>
    </measure>
    <!--=======================================================-->
    <measure number="6" width="142">
      <direction placement="above">
        <direction-type>
          <words default-y="16" font-family="Times" relative-x="6">2</words>
        </direction-type>
        <staff>1</staff>
      </direction>
      <note default-x="14">
        <pitch>
          <step>E</step>
          <octave>5</octave>
        </pitch>
        <duration>12</duration>
        <voice>1</voice>
        <type>quarter</type>
        <dot/>
        <stem default-y="-40">down</stem>
        <staff>1</staff>
      </note>
      <direction placement="above">
        <direction-type>
          <words default-y="22" font-family="Times">1</words>
        </direction-type>
        <staff>1</staff>
      </direction>
      <note default-x="71">
        <pitch>
          <step>G</step>
          <octave>5</octave>
        </pitch>
        <duration>4</duration>
        <voice>1</voice>
        <type>eighth</type>
        <stem default-y="-30">down</stem>
        <staff>1</staff>
        <beam number="1">begin</beam>
      </note>
      <direction placement="above">
        <direction-type>
          <words default-y="43" font-family="Times" relative-x="9">5</words>
        </direction-type>
        <staff>1</staff>
      </direction>
      <note default-x="94">
        <pitch>
          <step>E</step>
          <octave>6</octave>
        </pitch>
        <duration>4</duration>
        <voice>1</voice>
        <type>eighth</type>
        <stem default-y="-27.5">down</stem>
        <staff>1</staff>
        <beam number="1">continue</beam>
      </note>
      <direction placement="above">
        <direction-type>
          <words default-y="35" font-family="Times" relative-x="5">3</words>
        </direction-type>
        <staff>1</staff>
      </direction>
      <direction>
        <direction-type>
          <wedge spread="15" type="stop"/>
        </direction-type>
        <staff>1</staff>
      </direction>
      <note default-x="118">
        <pitch>
          <step>C</step>
          <octave>6</octave>
        </pitch>
        <duration>4</duration>
        <voice>1</voice>
        <type>eighth</type>
        <stem default-y="-25">down</stem>
        <staff>1</staff>
        <beam number="1">end</beam>
      </note>
      <backup>
        <duration>24</duration>
      </backup>
      <direction placement="below">
        <direction-type>
          <words default-y="-51" font-family="Times" relative-x="3">5</words>
        </direction-type>
        <staff>2</staff>
      </direction>
      <note default-x="14">
        <pitch>
          <step>G</step>
          <octave>3</octave>
        </pitch>
        <duration>8</duration>
        <voice>2</voice>
        <type>quarter</type>
        <stem default-y="-40.5">down</stem>
        <staff>2</staff>
      </note>
      <note default-x="52">
        <pitch>
          <step>A</step>
          <octave>3</octave>
        </pitch>
        <duration>8</duration>
        <voice>2</voice>
        <type>quarter</type>
        <stem default-y="-35">down</stem>
        <staff>2</staff>
      </note>
      <note default-x="52">
        <chord/>
        <pitch>
          <step>C</step>
          <octave>4</octave>
        </pitch>
        <duration>8</duration>
        <voice>2</voice>
        <type>quarter</type>
        <stem>down</stem>
        <staff>2</staff>
      </note>
      <note default-x="94">
        <pitch>
          <step>A</step>
          <octave>3</octave>
        </pitch>
        <duration>8</duration>
        <voice>2</voice>
        <type>quarter</type>
        <stem default-y="-35">down</stem>
        <staff>2</staff>
      </note>
      <note default-x="94">
        <chord/>
        <pitch>
          <step>C</step>
          <octave>4</octave>
        </pitch>
        <duration>8</duration>
        <voice>2</voice>
        <type>quarter</type>
        <stem>down</stem>
        <staff>2</staff>
      </note>
    </measure>
    <!--=======================================================-->
    <measure number="7" width="238">
      <print new-system="yes">
        <system-layout>
          <system-distance>114</system-distance>
        </system-layout>
      </print>
      <direction placement="above">
        <direction-type>
          <words default-y="34" font-family="Times" relative-x="3">2</words>
        </direction-type>
        <staff>1</staff>
      </direction>
      <note default-x="89">
        <pitch>
          <step>B</step>
          <octave>5</octave>
        </pitch>
        <duration>4</duration>
        <voice>1</voice>
        <type>eighth</type>
        <accidental>natural</accidental>
        <stem default-y="-30">down</stem>
        <staff>1</staff>
        <beam number="1">begin</beam>
      </note>
      <direction placement="above">
        <direction-type>
          <words default-y="47" font-family="Times" relative-x="9">5</words>
        </direction-type>
        <staff>1</staff>
      </direction>
      <note default-x="114">
        <pitch>
          <step>F</step>
          <octave>6</octave>
        </pitch>
        <duration>4</duration>
        <voice>1</voice>
        <type>eighth</type>
        <stem default-y="-30">down</stem>
        <staff>1</staff>
        <beam number="1">continue</beam>
      </note>
      <direction placement="above">
        <direction-type>
          <words default-y="43" font-family="Times" relative-x="4">4</words>
        </direction-type>
        <staff>1</staff>
      </direction>
      <direction placement="below">
        <direction-type>
          <wedge default-y="-60" spread="15" type="diminuendo"/>
        </direction-type>
        <staff>1</staff>
      </direction>
      <note default-x="138">
        <pitch>
          <step>D</step>
          <octave>6</octave>
        </pitch>
        <duration>4</duration>
        <voice>1</voice>
        <type>eighth</type>
        <stem default-y="-30">down</stem>
        <staff>1</staff>
        <beam number="1">continue</beam>
      </note>
      <direction placement="above">
        <direction-type>
          <words default-y="31" font-family="Times" relative-x="8">2</words>
        </direction-type>
        <staff>1</staff>
      </direction>
      <note default-x="163">
        <pitch>
          <step>B</step>
          <octave>5</octave>
        </pitch>
        <duration>4</duration>
        <voice>1</voice>
        <type>eighth</type>
        <stem default-y="-30">down</stem>
        <staff>1</staff>
        <beam number="1">continue</beam>
      </note>
      <direction placement="above">
        <direction-type>
          <words default-y="22" font-family="Times" relative-x="5">1</words>
        </direction-type>
        <staff>1</staff>
      </direction>
      <note default-x="188">
        <pitch>
          <step>G</step>
          <octave>5</octave>
        </pitch>
        <duration>4</duration>
        <voice>1</voice>
        <type>eighth</type>
        <stem default-y="-30">down</stem>
        <staff>1</staff>
        <beam number="1">continue</beam>
      </note>
      <direction placement="above">
        <direction-type>
          <words default-y="28" font-family="Times" relative-x="6">3</words>
        </direction-type>
        <staff>1</staff>
      </direction>
      <note default-x="213">
        <pitch>
          <step>B</step>
          <octave>5</octave>
        </pitch>
        <duration>4</duration>
        <voice>1</voice>
        <type>eighth</type>
        <stem default-y="-30">down</stem>
        <staff>1</staff>
        <beam number="1">end</beam>
      </note>
      <backup>
        <duration>24</duration>
      </backup>
      <note default-x="89">
        <pitch>
          <step>G</step>
          <octave>3</octave>
        </pitch>
        <duration>8</duration>
        <voice>2</voice>
        <type>quarter</type>
        <stem default-y="-40">down</stem>
        <staff>2</staff>
      </note>
      <note default-x="138">
        <pitch>
          <step>D</step>
          <octave>4</octave>
        </pitch>
        <duration>8</duration>
        <voice>2</voice>
        <type>quarter</type>
        <stem default-y="-20">down</stem>
        <staff>2</staff>
      </note>
      <note default-x="138">
        <chord/>
        <pitch>
          <step>F</step>
          <octave>4</octave>
        </pitch>
        <duration>8</duration>
        <voice>2</voice>
        <type>quarter</type>
        <stem>down</stem>
        <staff>2</staff>
      </note>
      <note default-x="188">
        <pitch>
          <step>D</step>
          <octave>4</octave>
        </pitch>
        <duration>8</duration>
        <voice>2</voice>
        <type>quarter</type>
        <stem default-y="-20">down</stem>
        <staff>2</staff>
      </note>
      <note default-x="188">
        <chord/>
        <pitch>
          <step>F</step>
          <octave>4</octave>
        </pitch>
        <duration>8</duration>
        <voice>2</voice>
        <type>quarter</type>
        <stem>down</stem>
        <staff>2</staff>
      </note>
    </measure>
    <!--=======================================================-->
    <measure number="8" width="145">
      <direction placement="above">
        <direction-type>
          <words default-y="41" font-family="Times" relative-x="5">4</words>
        </direction-type>
        <staff>1</staff>
      </direction>
      <direction>
        <direction-type>
          <wedge spread="0" type="stop"/>
        </direction-type>
        <staff>1</staff>
      </direction>
      <note default-x="17">
        <pitch>
          <step>C</step>
          <octave>6</octave>
        </pitch>
        <duration>8</duration>
        <voice>1</voice>
        <type>quarter</type>
        <stem default-y="-20">down</stem>
        <staff>1</staff>
        <notations>
          <slur number="1" type="stop"/>
        </notations>
      </note>
      <note default-x="55">
        <rest/>
        <duration>8</duration>
        <voice>1</voice>
        <type>quarter</type>
        <staff>1</staff>
      </note>
      <note default-x="93">
        <rest/>
        <duration>8</duration>
        <voice>1</voice>
        <type>quarter</type>
        <staff>1</staff>
      </note>
      <backup>
        <duration>24</duration>
      </backup>
      <note default-x="17">
        <pitch>
          <step>C</step>
          <octave>4</octave>
        </pitch>
        <duration>8</duration>
        <voice>2</voice>
        <type>quarter</type>
        <stem default-y="-25">down</stem>
        <staff>2</staff>
      </note>
      <note default-x="17">
        <chord/>
        <pitch>
          <step>E</step>
          <octave>4</octave>
        </pitch>
        <duration>8</duration>
        <voice>2</voice>
        <type>quarter</type>
        <stem>down</stem>
        <staff>2</staff>
      </note>
      <note default-x="55">
        <pitch>
          <step>C</step>
          <octave>4</octave>
        </pitch>
        <duration>8</duration>
        <voice>2</voice>
        <type>quarter</type>
        <stem default-y="-25">down</stem>
        <staff>2</staff>
      </note>
      <note default-x="55">
        <chord/>
        <pitch>
          <step>E</step>
          <octave>4</octave>
        </pitch>
        <duration>8</duration>
        <voice>2</voice>
        <type>quarter</type>
        <stem>down</stem>
        <staff>2</staff>
      </note>
      <note default-x="92">
        <pitch>
          <step>C</step>
          <octave>4</octave>
        </pitch>
        <duration>8</duration>
        <voice>2</voice>
        <type>quarter</type>
        <stem default-y="-25">down</stem>
        <staff>2</staff>
      </note>
      <note default-x="92">
        <chord/>
        <pitch>
          <step>E</step>
          <octave>4</octave>
        </pitch>
        <duration>8</duration>
        <voice>2</voice>
        <type>quarter</type>
        <stem>down</stem>
        <staff>2</staff>
      </note>
      <barline location="right">
        <bar-style>light-heavy</bar-style>
        <repeat direction="backward" winged="none"/>
      </barline>
    </measure>
    <!--=======================================================-->
    <measure number="9" width="169">
      <barline location="left">
        <bar-style>heavy-light</bar-style>
        <repeat direction="forward" winged="none"/>
      </barline>
      <direction placement="below">
        <direction-type>
          <dynamics default-y="-80" halign="center">
            <f/>
          </dynamics>
        </direction-type>
        <staff>1</staff>
        <sound dynamics="98"/>
      </direction>
      <direction placement="above">
        <direction-type>
          <words default-y="6" font-family="Times" relative-x="8">1</words>
        </direction-type>
        <staff>1</staff>
      </direction>
      <note default-x="32">
        <pitch>
          <step>C</step>
          <octave>5</octave>
        </pitch>
        <duration>4</duration>
        <voice>1</voice>
        <type>eighth</type>
        <stem default-y="-50">down</stem>
        <staff>1</staff>
        <beam number="1">begin</beam>
        <notations>
          <slur number="1" placement="above" type="start"/>
        </notations>
      </note>
      <direction placement="above">
        <direction-type>
          <words default-y="35" font-family="Times" relative-x="7">5</words>
        </direction-type>
        <staff>1</staff>
      </direction>
      <note default-x="61">
        <pitch>
          <step>B</step>
          <alter>-1</alter>
          <octave>5</octave>
        </pitch>
        <duration>4</duration>
        <voice>1</voice>
        <type>eighth</type>
        <accidental>flat</accidental>
        <stem default-y="-45">down</stem>
        <staff>1</staff>
        <beam number="1">end</beam>
      </note>
      <direction placement="above">
        <direction-type>
          <words default-y="19" font-family="Times" relative-x="10">3</words>
        </direction-type>
        <staff>1</staff>
      </direction>
      <note default-x="85">
        <pitch>
          <step>G</step>
          <octave>5</octave>
        </pitch>
        <duration>12</duration>
        <voice>1</voice>
        <type>quarter</type>
        <dot/>
        <stem default-y="-30">down</stem>
        <staff>1</staff>
      </note>
      <direction placement="above">
        <direction-type>
          <words default-y="8" font-family="Times" relative-x="3">1</words>
        </direction-type>
        <staff>1</staff>
      </direction>
      <note default-x="144">
        <pitch>
          <step>C</step>
          <octave>5</octave>
        </pitch>
        <duration>4</duration>
        <voice>1</voice>
        <type>eighth</type>
        <stem default-y="-50.5">down</stem>
        <staff>1</staff>
        <notations>
          <slur number="1" type="stop"/>
          <slur number="1" placement="above" type="start"/>
        </notations>
      </note>
      <backup>
        <duration>24</duration>
      </backup>
      <direction placement="below">
        <direction-type>
          <words default-y="-52" font-family="Times" relative-x="3">5</words>
        </direction-type>
        <staff>2</staff>
      </direction>
      <note default-x="32">
        <pitch>
          <step>E</step>
          <octave>3</octave>
        </pitch>
        <duration>8</duration>
        <voice>2</voice>
        <type>quarter</type>
        <stem default-y="-50">down</stem>
        <staff>2</staff>
      </note>
      <note default-x="85">
        <pitch>
          <step>G</step>
          <octave>3</octave>
        </pitch>
        <duration>8</duration>
        <voice>2</voice>
        <type>quarter</type>
        <stem default-y="-40">down</stem>
        <staff>2</staff>
      </note>
      <note default-x="85">
        <chord/>
        <pitch>
          <step>C</step>
          <octave>4</octave>
        </pitch>
        <duration>8</duration>
        <voice>2</voice>
        <type>quarter</type>
        <stem>down</stem>
        <staff>2</staff>
      </note>
      <note default-x="125">
        <pitch>
          <step>G</step>
          <octave>3</octave>
        </pitch>
        <duration>8</duration>
        <voice>2</voice>
        <type>quarter</type>
        <stem default-y="-40">down</stem>
        <staff>2</staff>
      </note>
      <note default-x="125">
        <chord/>
        <pitch>
          <step>C</step>
          <octave>4</octave>
        </pitch>
        <duration>8</duration>
        <voice>2</voice>
        <type>quarter</type>
        <stem>down</stem>
        <staff>2</staff>
      </note>
    </measure>
    <!--=======================================================-->
    <measure number="10" width="143">
      <note default-x="14">
        <pitch>
          <step>C</step>
          <octave>5</octave>
        </pitch>
        <duration>4</duration>
        <voice>1</voice>
        <type>eighth</type>
        <stem default-y="-50">down</stem>
        <staff>1</staff>
        <beam number="1">begin</beam>
      </note>
      <direction placement="above">
        <direction-type>
          <words default-y="28" font-family="Times" relative-x="10">5</words>
        </direction-type>
        <staff>1</staff>
      </direction>
      <note default-x="38">
        <pitch>
          <step>A</step>
          <octave>5</octave>
        </pitch>
        <duration>4</duration>
        <voice>1</voice>
        <type>eighth</type>
        <stem default-y="-45">down</stem>
        <staff>1</staff>
        <beam number="1">end</beam>
      </note>
      <direction placement="above">
        <direction-type>
          <words default-y="28" font-style="italic" halign="center">ten.</words>
        </direction-type>
        <staff>1</staff>
      </direction>
      <note default-x="61">
        <pitch>
          <step>F</step>
          <octave>5</octave>
        </pitch>
        <duration>12</duration>
        <voice>1</voice>
        <type>quarter</type>
        <dot/>
        <stem default-y="-35">down</stem>
        <staff>1</staff>
        <notations>
          <slur number="1" type="stop"/>
        </notations>
      </note>
      <note default-x="118">
        <pitch>
          <step>C</step>
          <octave>5</octave>
        </pitch>
        <duration>4</duration>
        <voice>1</voice>
        <type>eighth</type>
        <stem default-y="-50.5">down</stem>
        <staff>1</staff>
        <notations>
          <slur number="1" placement="above" type="start"/>
        </notations>
      </note>
      <backup>
        <duration>24</duration>
      </backup>
      <direction placement="below">
        <direction-type>
          <words default-y="-52" font-family="Times" relative-x="5">4</words>
        </direction-type>
        <staff>2</staff>
      </direction>
      <note default-x="14">
        <pitch>
          <step>F</step>
          <octave>3</octave>
        </pitch>
        <duration>8</duration>
        <voice>2</voice>
        <type>quarter</type>
        <stem default-y="-45">down</stem>
        <staff>2</staff>
      </note>
      <note default-x="61">
        <pitch>
          <step>A</step>
          <octave>3</octave>
        </pitch>
        <duration>8</duration>
        <voice>2</voice>
        <type>quarter</type>
        <stem default-y="-35">down</stem>
        <staff>2</staff>
      </note>
      <note default-x="61">
        <chord/>
        <pitch>
          <step>C</step>
          <octave>4</octave>
        </pitch>
        <duration>8</duration>
        <voice>2</voice>
        <type>quarter</type>
        <stem>down</stem>
        <staff>2</staff>
      </note>
      <note default-x="99">
        <pitch>
          <step>A</step>
          <octave>3</octave>
        </pitch>
        <duration>8</duration>
        <voice>2</voice>
        <type>quarter</type>
        <stem default-y="-35">down</stem>
        <staff>2</staff>
      </note>
      <note default-x="99">
        <chord/>
        <pitch>
          <step>C</step>
          <octave>4</octave>
        </pitch>
        <duration>8</duration>
        <voice>2</voice>
        <type>quarter</type>
        <stem>down</stem>
        <staff>2</staff>
      </note>
    </measure>
    <!--=======================================================-->
    <measure number="11" width="160">
      <direction placement="above">
        <direction-type>
          <words default-y="5" font-family="Times" relative-x="8">2</words>
        </direction-type>
        <staff>1</staff>
      </direction>
      <note default-x="13">
        <pitch>
          <step>C</step>
          <octave>5</octave>
        </pitch>
        <duration>4</duration>
        <voice>1</voice>
        <type>eighth</type>
        <stem default-y="-50">down</stem>
        <staff>1</staff>
        <beam number="1">begin</beam>
      </note>
      <direction placement="above">
        <direction-type>
          <words default-y="13" font-family="Times">1</words>
        </direction-type>
        <staff>1</staff>
      </direction>
      <note default-x="37">
        <pitch>
          <step>E</step>
          <octave>5</octave>
        </pitch>
        <duration>4</duration>
        <voice>1</voice>
        <type>eighth</type>
        <stem default-y="-49">down</stem>
        <staff>1</staff>
        <beam number="1">continue</beam>
      </note>
      <direction placement="above">
        <direction-type>
          <words default-y="20" font-family="Times" relative-x="6">2</words>
        </direction-type>
        <staff>1</staff>
      </direction>
      <note default-x="62">
        <pitch>
          <step>G</step>
          <octave>5</octave>
        </pitch>
        <duration>4</duration>
        <voice>1</voice>
        <type>eighth</type>
        <stem default-y="-48">down</stem>
        <staff>1</staff>
        <beam number="1">continue</beam>
      </note>
      <direction placement="above">
        <direction-type>
          <words default-y="28" font-family="Times" relative-x="9">3</words>
        </direction-type>
        <staff>1</staff>
      </direction>
      <note default-x="86">
        <pitch>
          <step>B</step>
          <alter>-1</alter>
          <octave>5</octave>
        </pitch>
        <duration>4</duration>
        <voice>1</voice>
        <type>eighth</type>
        <stem default-y="-47">down</stem>
        <staff>1</staff>
        <beam number="1">continue</beam>
      </note>
      <direction placement="above">
        <direction-type>
          <words default-y="44" font-family="Times" relative-x="3">5</words>
        </direction-type>
        <staff>1</staff>
      </direction>
      <note default-x="110">
        <pitch>
          <step>D</step>
          <octave>6</octave>
        </pitch>
        <duration>4</duration>
        <voice>1</voice>
        <type>eighth</type>
        <stem default-y="-46">down</stem>
        <staff>1</staff>
        <beam number="1">continue</beam>
      </note>
      <direction placement="above">
        <direction-type>
          <words default-y="40" font-family="Times" relative-x="3">4</words>
        </direction-type>
        <staff>1</staff>
      </direction>
      <note default-x="135">
        <pitch>
          <step>C</step>
          <octave>6</octave>
        </pitch>
        <duration>4</duration>
        <voice>1</voice>
        <type>eighth</type>
        <stem default-y="-45">down</stem>
        <staff>1</staff>
        <beam number="1">end</beam>
      </note>
      <backup>
        <duration>24</duration>
      </backup>
      <note default-x="13">
        <pitch>
          <step>C</step>
          <octave>3</octave>
        </pitch>
        <duration>8</duration>
        <voice>2</voice>
        <type>quarter</type>
        <stem default-y="11">up</stem>
        <staff>2</staff>
      </note>
      <direction placement="below">
        <direction-type>
          <words default-y="-50" font-family="Times" relative-x="6">1</words>
        </direction-type>
        <staff>2</staff>
      </direction>
      <direction placement="below">
        <direction-type>
          <words default-y="-63" font-family="Times" relative-x="6">4</words>
        </direction-type>
        <staff>2</staff>
      </direction>
      <note default-x="62">
        <pitch>
          <step>E</step>
          <octave>3</octave>
        </pitch>
        <duration>8</duration>
        <voice>2</voice>
        <type>quarter</type>
        <stem default-y="-50">down</stem>
        <staff>2</staff>
      </note>
      <note default-x="62">
        <chord/>
        <pitch>
          <step>G</step>
          <octave>3</octave>
        </pitch>
        <duration>8</duration>
        <voice>2</voice>
        <type>quarter</type>
        <stem>down</stem>
        <staff>2</staff>
      </note>
      <note default-x="62">
        <chord/>
        <pitch>
          <step>B</step>
          <alter>-1</alter>
          <octave>3</octave>
        </pitch>
        <duration>8</duration>
        <voice>2</voice>
        <type>quarter</type>
        <stem>down</stem>
        <staff>2</staff>
      </note>
      <note default-x="110">
        <pitch>
          <step>E</step>
          <octave>3</octave>
        </pitch>
        <duration>8</duration>
        <voice>2</voice>
        <type>quarter</type>
        <stem default-y="-50">down</stem>
        <staff>2</staff>
      </note>
      <note default-x="110">
        <chord/>
        <pitch>
          <step>G</step>
          <octave>3</octave>
        </pitch>
        <duration>8</duration>
        <voice>2</voice>
        <type>quarter</type>
        <stem>down</stem>
        <staff>2</staff>
      </note>
      <note default-x="110">
        <chord/>
        <pitch>
          <step>B</step>
          <alter>-1</alter>
          <octave>3</octave>
        </pitch>
        <duration>8</duration>
        <voice>2</voice>
        <type>quarter</type>
        <stem>down</stem>
        <staff>2</staff>
      </note>
    </measure>
    <!--=======================================================-->
    <measure number="12" width="134">
      <direction placement="above">
        <direction-type>
          <words default-y="37" font-family="Times" relative-x="8">5</words>
        </direction-type>
        <staff>1</staff>
      </direction>
      <direction placement="below">
        <direction-type>
          <wedge default-y="-72" spread="15" type="diminuendo"/>
        </direction-type>
        <staff>1</staff>
      </direction>
      <note default-x="17">
        <pitch>
          <step>C</step>
          <octave>6</octave>
        </pitch>
        <duration>16</duration>
        <voice>1</voice>
        <type>half</type>
        <stem default-y="-20">down</stem>
        <staff>1</staff>
      </note>
      <direction placement="above">
        <direction-type>
          <words default-y="32" font-family="Times" relative-x="3">3</words>
        </direction-type>
        <staff>1</staff>
      </direction>
      <direction>
        <direction-type>
          <wedge spread="0" type="stop"/>
        </direction-type>
        <staff>1</staff>
      </direction>
      <note default-x="94">
        <pitch>
          <step>A</step>
          <octave>5</octave>
        </pitch>
        <duration>8</duration>
        <voice>1</voice>
        <type>quarter</type>
        <stem default-y="-25.5">down</stem>
        <staff>1</staff>
        <notations>
          <slur number="1" type="stop"/>
        </notations>
      </note>
      <backup>
        <duration>24</duration>
      </backup>
      <direction placement="below">
        <direction-type>
          <words default-y="-48" font-family="Times" relative-x="3">4</words>
        </direction-type>
        <staff>2</staff>
      </direction>
      <note default-x="17">
        <pitch>
          <step>F</step>
          <octave>3</octave>
        </pitch>
        <duration>8</duration>
        <voice>2</voice>
        <type>quarter</type>
        <stem default-y="-45">down</stem>
        <staff>2</staff>
      </note>
      <note default-x="55">
        <pitch>
          <step>A</step>
          <octave>3</octave>
        </pitch>
        <duration>8</duration>
        <voice>2</voice>
        <type>quarter</type>
        <stem default-y="-35">down</stem>
        <staff>2</staff>
      </note>
      <note default-x="55">
        <chord/>
        <pitch>
          <step>C</step>
          <octave>4</octave>
        </pitch>
        <duration>8</duration>
        <voice>2</voice>
        <type>quarter</type>
        <stem>down</stem>
        <staff>2</staff>
      </note>
      <note default-x="94">
        <pitch>
          <step>A</step>
          <octave>3</octave>
        </pitch>
        <duration>8</duration>
        <voice>2</voice>
        <type>quarter</type>
        <stem default-y="-35">down</stem>
        <staff>2</staff>
      </note>
      <note default-x="94">
        <chord/>
        <pitch>
          <step>C</step>
          <octave>4</octave>
        </pitch>
        <duration>8</duration>
        <voice>2</voice>
        <type>quarter</type>
        <stem>down</stem>
        <staff>2</staff>
      </note>
    </measure>
    <!--=======================================================-->
    <measure number="13" width="288">
      <print new-system="yes">
        <system-layout>
          <system-distance>114</system-distance>
        </system-layout>
      </print>
      <direction placement="below">
        <direction-type>
          <dynamics default-y="-80" halign="center">
            <p/>
          </dynamics>
        </direction-type>
        <staff>1</staff>
        <sound dynamics="54"/>
      </direction>
      <direction placement="above">
        <direction-type>
          <words default-y="9" font-family="Times" relative-x="5">1</words>
        </direction-type>
        <staff>1</staff>
      </direction>
      <note default-x="77">
        <pitch>
          <step>C</step>
          <octave>5</octave>
        </pitch>
        <duration>4</duration>
        <voice>1</voice>
        <type>eighth</type>
        <stem default-y="-50">down</stem>
        <staff>1</staff>
        <beam number="1">begin</beam>
        <notations>
          <slur number="1" placement="above" type="start"/>
        </notations>
      </note>
      <direction placement="above">
        <direction-type>
          <words default-y="33" font-family="Times" relative-x="3">5</words>
        </direction-type>
        <staff>1</staff>
      </direction>
      <note default-x="116">
        <pitch>
          <step>B</step>
          <alter>-1</alter>
          <octave>5</octave>
        </pitch>
        <duration>4</duration>
        <voice>1</voice>
        <type>eighth</type>
        <stem default-y="-45">down</stem>
        <staff>1</staff>
        <beam number="1">end</beam>
      </note>
      <direction placement="above">
        <direction-type>
          <words default-y="21" font-family="Times" relative-x="5">3</words>
        </direction-type>
        <staff>1</staff>
      </direction>
      <note default-x="155">
        <pitch>
          <step>G</step>
          <octave>5</octave>
        </pitch>
        <duration>12</duration>
        <voice>1</voice>
        <type>quarter</type>
        <dot/>
        <stem default-y="-30">down</stem>
        <staff>1</staff>
      </note>
      <note default-x="249">
        <pitch>
          <step>C</step>
          <octave>5</octave>
        </pitch>
        <duration>4</duration>
        <voice>1</voice>
        <type>eighth</type>
        <stem default-y="-50">down</stem>
        <staff>1</staff>
        <notations>
          <slur number="1" type="stop"/>
          <slur number="1" placement="above" type="start"/>
        </notations>
      </note>
      <backup>
        <duration>24</duration>
      </backup>
      <note default-x="77">
        <pitch>
          <step>E</step>
          <octave>3</octave>
        </pitch>
        <duration>8</duration>
        <voice>2</voice>
        <type>quarter</type>
        <stem default-y="-50.5">down</stem>
        <staff>2</staff>
      </note>
      <note default-x="155">
        <pitch>
          <step>G</step>
          <octave>3</octave>
        </pitch>
        <duration>8</duration>
        <voice>2</voice>
        <type>quarter</type>
        <stem default-y="-40">down</stem>
        <staff>2</staff>
      </note>
      <note default-x="155">
        <chord/>
        <pitch>
          <step>C</step>
          <octave>4</octave>
        </pitch>
        <duration>8</duration>
        <voice>2</voice>
        <type>quarter</type>
        <stem>down</stem>
        <staff>2</staff>
      </note>
      <note default-x="218">
        <pitch>
          <step>G</step>
          <octave>3</octave>
        </pitch>
        <duration>8</duration>
        <voice>2</voice>
        <type>quarter</type>
        <stem default-y="-40">down</stem>
        <staff>2</staff>
      </note>
      <note default-x="218">
        <chord/>
        <pitch>
          <step>C</step>
          <octave>4</octave>
        </pitch>
        <duration>8</duration>
        <voice>2</voice>
        <type>quarter</type>
        <stem>down</stem>
        <staff>2</staff>
      </note>
    </measure>
    <!--=======================================================-->
    <measure number="14" width="225">
      <direction placement="above">
        <direction-type>
          <words default-y="5" font-family="Times" relative-x="7">1</words>
        </direction-type>
        <staff>1</staff>
      </direction>
      <note default-x="14">
        <pitch>
          <step>C</step>
          <octave>5</octave>
        </pitch>
        <duration>4</duration>
        <voice>1</voice>
        <type>eighth</type>
        <stem default-y="-50">down</stem>
        <staff>1</staff>
        <beam number="1">begin</beam>
      </note>
      <direction placement="above">
        <direction-type>
          <words default-y="27" font-family="Times" relative-x="7">4</words>
        </direction-type>
        <staff>1</staff>
      </direction>
      <note default-x="53">
        <pitch>
          <step>A</step>
          <octave>5</octave>
        </pitch>
        <duration>4</duration>
        <voice>1</voice>
        <type>eighth</type>
        <stem default-y="-45">down</stem>
        <staff>1</staff>
        <beam number="1">end</beam>
      </note>
      <direction placement="above">
        <direction-type>
          <words default-y="26" font-style="italic" halign="center">ten.</words>
        </direction-type>
        <staff>1</staff>
      </direction>
      <direction placement="above">
        <direction-type>
          <words default-y="15" font-family="Times" relative-x="5">2</words>
        </direction-type>
        <staff>1</staff>
      </direction>
      <note default-x="92">
        <pitch>
          <step>F</step>
          <octave>5</octave>
        </pitch>
        <duration>12</duration>
        <voice>1</voice>
        <type>quarter</type>
        <dot/>
        <stem default-y="-35">down</stem>
        <staff>1</staff>
        <notations>
          <slur number="1" type="stop"/>
        </notations>
      </note>
      <direction placement="above">
        <direction-type>
          <words default-y="35" font-family="Times" relative-x="7">4</words>
        </direction-type>
        <staff>1</staff>
      </direction>
      <note default-x="185">
        <pitch>
          <step>C</step>
          <octave>6</octave>
        </pitch>
        <duration>4</duration>
        <voice>1</voice>
        <type>eighth</type>
        <stem default-y="-20.5">down</stem>
        <staff>1</staff>
        <notations>
          <slur number="1" placement="above" type="start"/>
        </notations>
      </note>
      <backup>
        <duration>24</duration>
      </backup>
      <note default-x="14">
        <pitch>
          <step>F</step>
          <octave>3</octave>
        </pitch>
        <duration>8</duration>
        <voice>2</voice>
        <type>quarter</type>
        <stem default-y="-45">down</stem>
        <staff>2</staff>
      </note>
      <note default-x="92">
        <pitch>
          <step>A</step>
          <octave>3</octave>
        </pitch>
        <duration>8</duration>
        <voice>2</voice>
        <type>quarter</type>
        <stem default-y="-35">down</stem>
        <staff>2</staff>
      </note>
      <note default-x="92">
        <chord/>
        <pitch>
          <step>C</step>
          <octave>4</octave>
        </pitch>
        <duration>8</duration>
        <voice>2</voice>
        <type>quarter</type>
        <stem>down</stem>
        <staff>2</staff>
      </note>
      <note default-x="154">
        <pitch>
          <step>A</step>
          <octave>3</octave>
        </pitch>
        <duration>8</duration>
        <voice>2</voice>
        <type>quarter</type>
        <stem default-y="-35">down</stem>
        <staff>2</staff>
      </note>
      <note default-x="154">
        <chord/>
        <pitch>
          <step>C</step>
          <octave>4</octave>
        </pitch>
        <duration>8</duration>
        <voice>2</voice>
        <type>quarter</type>
        <stem>down</stem>
        <staff>2</staff>
      </note>
    </measure>
    <!--=======================================================-->
    <measure number="15" width="253">
      <direction placement="below">
        <direction-type>
          <words default-y="-80" font-style="italic" halign="center">smorz.</words>
        </direction-type>
        <staff>1</staff>
      </direction>
      <direction placement="above">
        <direction-type>
          <words default-y="35" font-family="Times" relative-x="3">5</words>
        </direction-type>
        <staff>1</staff>
      </direction>
      <note default-x="16">
        <pitch>
          <step>C</step>
          <octave>6</octave>
        </pitch>
        <duration>4</duration>
        <voice>1</voice>
        <type>eighth</type>
        <stem default-y="-50">down</stem>
        <staff>1</staff>
        <beam number="1">begin</beam>
      </note>
      <direction placement="above">
        <direction-type>
          <words default-y="31" font-family="Times">3</words>
        </direction-type>
        <staff>1</staff>
      </direction>
      <note default-x="56">
        <pitch>
          <step>B</step>
          <alter>-1</alter>
          <octave>5</octave>
        </pitch>
        <duration>4</duration>
        <voice>1</voice>
        <type>eighth</type>
        <stem default-y="-50">down</stem>
        <staff>1</staff>
        <beam number="1">continue</beam>
      </note>
      <direction placement="above">
        <direction-type>
          <words default-y="19" font-family="Times" relative-x="9">2</words>
        </direction-type>
        <staff>1</staff>
      </direction>
      <note default-x="95">
        <pitch>
          <step>G</step>
          <octave>5</octave>
        </pitch>
        <duration>4</duration>
        <voice>1</voice>
        <type>eighth</type>
        <stem default-y="-50">down</stem>
        <staff>1</staff>
        <beam number="1">continue</beam>
      </note>
      <direction placement="above">
        <direction-type>
          <words default-y="12" font-family="Times">1</words>
        </direction-type>
        <staff>1</staff>
      </direction>
      <note default-x="135">
        <pitch>
          <step>E</step>
          <octave>5</octave>
        </pitch>
        <duration>4</duration>
        <voice>1</voice>
        <type>eighth</type>
        <stem default-y="-50">down</stem>
        <staff>1</staff>
        <beam number="1">continue</beam>
      </note>
      <direction placement="above">
        <direction-type>
          <words default-y="5" font-family="Times" relative-x="5">2</words>
        </direction-type>
        <staff>1</staff>
      </direction>
      <note default-x="174">
        <pitch>
          <step>C</step>
          <octave>5</octave>
        </pitch>
        <duration>4</duration>
        <voice>1</voice>
        <type>eighth</type>
        <stem default-y="-50">down</stem>
        <staff>1</staff>
        <beam number="1">continue</beam>
      </note>
      <direction placement="above">
        <direction-type>
          <words default-y="13" font-family="Times">4</words>
        </direction-type>
        <staff>1</staff>
      </direction>
      <note default-x="213">
        <pitch>
          <step>E</step>
          <octave>5</octave>
        </pitch>
        <duration>4</duration>
        <voice>1</voice>
        <type>eighth</type>
        <stem default-y="-50">down</stem>
        <staff>1</staff>
        <beam number="1">end</beam>
      </note>
      <backup>
        <duration>24</duration>
      </backup>
      <note default-x="16">
        <pitch>
          <step>C</step>
          <octave>3</octave>
        </pitch>
        <duration>8</duration>
        <voice>2</voice>
        <type>quarter</type>
        <stem default-y="10">up</stem>
        <staff>2</staff>
      </note>
      <direction placement="below">
        <direction-type>
          <words default-y="-41" font-family="Times" relative-x="5">1</words>
        </direction-type>
        <staff>2</staff>
      </direction>
      <direction placement="below">
        <direction-type>
          <words default-y="-54" font-family="Times" relative-x="5">2</words>
        </direction-type>
        <staff>2</staff>
      </direction>
      <note default-x="95">
        <pitch>
          <step>G</step>
          <octave>3</octave>
        </pitch>
        <duration>8</duration>
        <voice>2</voice>
        <type>quarter</type>
        <stem default-y="-40">down</stem>
        <staff>2</staff>
      </note>
      <note default-x="95">
        <chord/>
        <pitch>
          <step>B</step>
          <alter>-1</alter>
          <octave>3</octave>
        </pitch>
        <duration>8</duration>
        <voice>2</voice>
        <type>quarter</type>
        <stem>down</stem>
        <staff>2</staff>
      </note>
      <note default-x="174">
        <pitch>
          <step>G</step>
          <octave>3</octave>
        </pitch>
        <duration>8</duration>
        <voice>2</voice>
        <type>quarter</type>
        <stem default-y="-40">down</stem>
        <staff>2</staff>
      </note>
      <note default-x="174">
        <chord/>
        <pitch>
          <step>B</step>
          <alter>-1</alter>
          <octave>3</octave>
        </pitch>
        <duration>8</duration>
        <voice>2</voice>
        <type>quarter</type>
        <stem>down</stem>
        <staff>2</staff>
      </note>
    </measure>
    <!--=======================================================-->
    <measure number="16" width="223">
      <direction placement="above">
        <direction-type>
          <words default-y="19" font-family="Times" relative-x="12">5</words>
        </direction-type>
        <staff>1</staff>
      </direction>
      <note default-x="14">
        <pitch>
          <step>F</step>
          <octave>5</octave>
        </pitch>
        <duration>8</duration>
        <voice>1</voice>
        <type>quarter</type>
        <stem default-y="-35">down</stem>
        <staff>1</staff>
        <notations>
          <slur number="1" type="stop"/>
        </notations>
      </note>
      <note default-x="77">
        <rest/>
        <duration>8</duration>
        <voice>1</voice>
        <type>quarter</type>
        <staff>1</staff>
      </note>
      <note default-x="141">
        <rest/>
        <duration>8</duration>
        <voice>1</voice>
        <type>quarter</type>
        <staff>1</staff>
      </note>
      <backup>
        <duration>24</duration>
      </backup>
      <note default-x="14">
        <pitch>
          <step>F</step>
          <octave>3</octave>
        </pitch>
        <duration>8</duration>
        <voice>2</voice>
        <type>quarter</type>
        <stem default-y="-45">down</stem>
        <staff>2</staff>
      </note>
      <note default-x="14">
        <chord/>
        <pitch>
          <step>A</step>
          <octave>3</octave>
        </pitch>
        <duration>8</duration>
        <voice>2</voice>
        <type>quarter</type>
        <stem>down</stem>
        <staff>2</staff>
      </note>
      <note default-x="77">
        <pitch>
          <step>F</step>
          <octave>3</octave>
        </pitch>
        <duration>8</duration>
        <voice>2</voice>
        <type>quarter</type>
        <stem default-y="-45">down</stem>
        <staff>2</staff>
      </note>
      <note default-x="77">
        <chord/>
        <pitch>
          <step>A</step>
          <octave>3</octave>
        </pitch>
        <duration>8</duration>
        <voice>2</voice>
        <type>quarter</type>
        <stem>down</stem>
        <staff>2</staff>
      </note>
      <note default-x="141">
        <pitch>
          <step>F</step>
          <octave>3</octave>
        </pitch>
        <duration>8</duration>
        <voice>2</voice>
        <type>quarter</type>
        <stem default-y="-45">down</stem>
        <staff>2</staff>
      </note>
      <note default-x="141">
        <chord/>
        <pitch>
          <step>A</step>
          <octave>3</octave>
        </pitch>
        <duration>8</duration>
        <voice>2</voice>
        <type>quarter</type>
        <stem>down</stem>
        <staff>2</staff>
      </note>
      <barline location="right">
        <bar-style>light-heavy</bar-style>
        <repeat direction="backward" winged="none"/>
      </barline>
    </measure>
  </part>
  <!--=========================================================-->
</score-partwise>
